-- Insert into product
INSERT INTO product (pId, pName, stock, price, validity) VALUES (1, 'Lettuce', 319, 63.57, '2025-10-17');
INSERT INTO product (pId, pName, stock, price, validity) VALUES (2, 'Coconut', 408, 27.85, '2025-09-15');
INSERT INTO product (pId, pName, stock, price, validity) VALUES (3, 'Turkey', 245, 72.23, '2026-02-05');
INSERT INTO product (pId, pName, stock, price, validity) VALUES (4, 'Duck', 433, 85.29, '2025-07-24');
INSERT INTO product (pId, pName, stock, price, validity) VALUES (5, 'Radish', 326, 46.62, '2025-06-12');
INSERT INTO product (pId, pName, stock, price, validity) VALUES (6, 'Potato', 242, 30.38, '2025-08-15');
INSERT INTO product (pId, pName, stock, price, validity) VALUES (7, 'Cheese', 248, 70.69, '2025-12-01');
INSERT INTO product (pId, pName, stock, price, validity) VALUES (8, 'Cucumber', 309, 31.19, '2025-06-16');
INSERT INTO product (pId, pName, stock, price, validity) VALUES (9, 'Peach', 74, 35.25, '2026-02-02');
INSERT INTO product (pId, pName, stock, price, validity) VALUES (10, 'Chicken Wings', 339, 49.52, '2025-09-17');
INSERT INTO product (pId, pName, stock, price, validity) VALUES (11, 'Potato', 362, 35.57, '2025-05-07');
INSERT INTO product (pId, pName, stock, price, validity) VALUES (12, 'Celery', 140, 37.34, '2026-01-12');
INSERT INTO product (pId, pName, stock, price, validity) VALUES (13, 'Almonds', 221, 88.52, '2025-05-26');
INSERT INTO product (pId, pName, stock, price, validity) VALUES (14, 'Flour', 244, 52.03, '2025-06-26');
INSERT INTO product (pId, pName, stock, price, validity) VALUES (15, 'Garlic', 325, 22.4, '2025-08-05');
INSERT INTO product (pId, pName, stock, price, validity) VALUES (16, 'Potato', 454, 81.7, '2025-12-18');
INSERT INTO product (pId, pName, stock, price, validity) VALUES (17, 'Duck', 64, 13.88, '2025-07-21');
INSERT INTO product (pId, pName, stock, price, validity) VALUES (18, 'Tomato', 38, 44.01, '2025-06-17');
INSERT INTO product (pId, pName, stock, price, validity) VALUES (19, 'Walnuts', 378, 71.78, '2025-06-30');
INSERT INTO product (pId, pName, stock, price, validity) VALUES (20, 'Cheese', 464, 26.47, '2025-12-14');
INSERT INTO product (pId, pName, stock, price, validity) VALUES (21, 'Blueberry', 122, 81.44, '2025-07-01');
INSERT INTO product (pId, pName, stock, price, validity) VALUES (22, 'Cereal', 31, 47.73, '2025-04-23');
INSERT INTO product (pId, pName, stock, price, validity) VALUES (23, 'Ginger', 466, 40.23, '2025-07-22');
INSERT INTO product (pId, pName, stock, price, validity) VALUES (24, 'Radish', 24, 57.24, '2025-10-28');
INSERT INTO product (pId, pName, stock, price, validity) VALUES (25, 'Papaya', 490, 11.12, '2025-05-13');
INSERT INTO product (pId, pName, stock, price, validity) VALUES (26, 'Peach', 401, 60.97, '2025-09-27');
INSERT INTO product (pId, pName, stock, price, validity) VALUES (27, 'Popcorn', 266, 38.03, '2025-11-12');
INSERT INTO product (pId, pName, stock, price, validity) VALUES (28, 'Mustard', 459, 62.94, '2025-05-02');
INSERT INTO product (pId, pName, stock, price, validity) VALUES (29, 'Apple', 394, 89.14, '2026-02-04');
INSERT INTO product (pId, pName, stock, price, validity) VALUES (30, 'Strawberry', 181, 47.97, '2025-08-17');
INSERT INTO product (pId, pName, stock, price, validity) VALUES (31, 'Cereal', 312, 70.51, '2025-10-29');
INSERT INTO product (pId, pName, stock, price, validity) VALUES (32, 'Peanuts', 90, 57.65, '2026-02-19');
INSERT INTO product (pId, pName, stock, price, validity) VALUES (33, 'Zucchini', 107, 34.07, '2026-02-16');
INSERT INTO product (pId, pName, stock, price, validity) VALUES (34, 'Cheese', 156, 83.31, '2025-06-04');
INSERT INTO product (pId, pName, stock, price, validity) VALUES (35, 'Ice Cream', 88, 24.81, '2026-02-20');
INSERT INTO product (pId, pName, stock, price, validity) VALUES (36, 'Mushrooms', 60, 57.9, '2025-07-31');
INSERT INTO product (pId, pName, stock, price, validity) VALUES (37, 'Grapes', 33, 69.34, '2025-11-18');
INSERT INTO product (pId, pName, stock, price, validity) VALUES (38, 'Mushrooms', 53, 64.38, '2026-02-12');
INSERT INTO product (pId, pName, stock, price, validity) VALUES (39, 'Mushrooms', 178, 56.9, '2025-10-17');
INSERT INTO product (pId, pName, stock, price, validity) VALUES (40, 'Salmon', 207, 10.19, '2025-05-07');
INSERT INTO product (pId, pName, stock, price, validity) VALUES (41, 'Potato', 286, 86.51, '2026-02-04');
INSERT INTO product (pId, pName, stock, price, validity) VALUES (42, 'Flour', 295, 61.75, '2025-11-30');
INSERT INTO product (pId, pName, stock, price, validity) VALUES (43, 'Cashews', 417, 30.47, '2025-09-01');
INSERT INTO product (pId, pName, stock, price, validity) VALUES (44, 'Jam', 490, 73.62, '2025-12-25');
INSERT INTO product (pId, pName, stock, price, validity) VALUES (45, 'Papaya', 419, 83.48, '2025-11-10');
INSERT INTO product (pId, pName, stock, price, validity) VALUES (46, 'Coconut', 233, 91.63, '2026-02-08');
INSERT INTO product (pId, pName, stock, price, validity) VALUES (47, 'Mustard', 313, 54.78, '2026-01-24');
INSERT INTO product (pId, pName, stock, price, validity) VALUES (48, 'Popcorn', 320, 38.4, '2026-02-12');
INSERT INTO product (pId, pName, stock, price, validity) VALUES (49, 'Salmon', 214, 41.64, '2026-02-11');
INSERT INTO product (pId, pName, stock, price, validity) VALUES (50, 'Banana', 298, 57.91, '2025-08-16');
INSERT INTO product (pId, pName, stock, price, validity) VALUES (51, 'Mushrooms', 89, 91.59, '2025-12-06');
INSERT INTO product (pId, pName, stock, price, validity) VALUES (52, 'Bread', 105, 16.5, '2025-04-25');
INSERT INTO product (pId, pName, stock, price, validity) VALUES (53, 'Mango', 117, 59.09, '2025-08-13');
INSERT INTO product (pId, pName, stock, price, validity) VALUES (54, 'Radish', 435, 53.66, '2025-06-15');
INSERT INTO product (pId, pName, stock, price, validity) VALUES (55, 'Bread', 208, 17.68, '2025-08-30');
INSERT INTO product (pId, pName, stock, price, validity) VALUES (56, 'Soy Sauce', 224, 57.78, '2026-01-19');
INSERT INTO product (pId, pName, stock, price, validity) VALUES (57, 'Tomato', 352, 72.74, '2025-10-27');
INSERT INTO product (pId, pName, stock, price, validity) VALUES (58, 'Coconut', 232, 36.14, '2025-07-29');
INSERT INTO product (pId, pName, stock, price, validity) VALUES (59, 'Grapes', 112, 50.18, '2026-03-20');
INSERT INTO product (pId, pName, stock, price, validity) VALUES (60, 'Popcorn', 133, 52.79, '2026-03-21');
INSERT INTO product (pId, pName, stock, price, validity) VALUES (61, 'Pasta', 28, 41.16, '2026-03-02');
INSERT INTO product (pId, pName, stock, price, validity) VALUES (62, 'Potato', 165, 46.66, '2025-04-30');
INSERT INTO product (pId, pName, stock, price, validity) VALUES (63, 'Zucchini', 307, 48.07, '2026-03-21');
INSERT INTO product (pId, pName, stock, price, validity) VALUES (64, 'Soy Sauce', 131, 64.54, '2025-06-22');
INSERT INTO product (pId, pName, stock, price, validity) VALUES (65, 'Pineapple', 381, 66.89, '2025-10-14');
INSERT INTO product (pId, pName, stock, price, validity) VALUES (66, 'Peach', 203, 61.09, '2026-01-14');
INSERT INTO product (pId, pName, stock, price, validity) VALUES (67, 'Mango', 176, 41.47, '2025-06-22');
INSERT INTO product (pId, pName, stock, price, validity) VALUES (68, 'Milk', 379, 50.91, '2025-06-04');
INSERT INTO product (pId, pName, stock, price, validity) VALUES (69, 'Turkey', 226, 94.09, '2025-10-03');
INSERT INTO product (pId, pName, stock, price, validity) VALUES (70, 'Pasta', 309, 79.15, '2026-01-10');
INSERT INTO product (pId, pName, stock, price, validity) VALUES (71, 'Pasta', 141, 66.39, '2025-09-18');
INSERT INTO product (pId, pName, stock, price, validity) VALUES (72, 'Oil', 380, 71.19, '2025-08-16');
INSERT INTO product (pId, pName, stock, price, validity) VALUES (73, 'Pear', 454, 84.64, '2025-08-23');
INSERT INTO product (pId, pName, stock, price, validity) VALUES (74, 'Garlic', 485, 82.11, '2025-06-01');
INSERT INTO product (pId, pName, stock, price, validity) VALUES (75, 'Coffee', 128, 82.15, '2025-10-23');
INSERT INTO product (pId, pName, stock, price, validity) VALUES (76, 'Tea', 434, 42.96, '2025-05-31');
INSERT INTO product (pId, pName, stock, price, validity) VALUES (77, 'Spaghetti Sauce', 66, 38.0, '2025-10-24');
INSERT INTO product (pId, pName, stock, price, validity) VALUES (78, 'Butter', 251, 25.86, '2025-12-03');
INSERT INTO product (pId, pName, stock, price, validity) VALUES (79, 'Radish', 391, 42.08, '2025-05-19');
INSERT INTO product (pId, pName, stock, price, validity) VALUES (80, 'Sugar', 157, 85.3, '2025-07-12');
INSERT INTO product (pId, pName, stock, price, validity) VALUES (81, 'Carrot', 47, 57.54, '2025-12-19');
INSERT INTO product (pId, pName, stock, price, validity) VALUES (82, 'Lettuce', 136, 91.91, '2025-09-11');
INSERT INTO product (pId, pName, stock, price, validity) VALUES (83, 'Oil', 393, 13.12, '2025-12-24');
INSERT INTO product (pId, pName, stock, price, validity) VALUES (84, 'Tofu', 98, 99.75, '2025-10-29');
INSERT INTO product (pId, pName, stock, price, validity) VALUES (85, 'Salt', 208, 14.88, '2025-08-08');
INSERT INTO product (pId, pName, stock, price, validity) VALUES (86, 'Cranberries', 423, 52.81, '2026-01-30');
INSERT INTO product (pId, pName, stock, price, validity) VALUES (87, 'Olives', 285, 96.59, '2026-02-07');
INSERT INTO product (pId, pName, stock, price, validity) VALUES (88, 'Lamb', 170, 42.34, '2025-10-28');
INSERT INTO product (pId, pName, stock, price, validity) VALUES (89, 'Duck', 368, 84.44, '2026-02-06');
INSERT INTO product (pId, pName, stock, price, validity) VALUES (90, 'Sugar', 188, 56.18, '2026-02-16');
INSERT INTO product (pId, pName, stock, price, validity) VALUES (91, 'Bell Pepper', 239, 39.32, '2025-09-11');
INSERT INTO product (pId, pName, stock, price, validity) VALUES (92, 'Peanuts', 495, 64.73, '2025-10-22');
INSERT INTO product (pId, pName, stock, price, validity) VALUES (93, 'Milk', 49, 17.7, '2026-01-16');
INSERT INTO product (pId, pName, stock, price, validity) VALUES (94, 'Shrimp', 304, 22.97, '2026-03-12');
INSERT INTO product (pId, pName, stock, price, validity) VALUES (95, 'Pasta', 15, 85.93, '2025-12-12');
INSERT INTO product (pId, pName, stock, price, validity) VALUES (96, 'Tea', 61, 18.39, '2025-05-22');
INSERT INTO product (pId, pName, stock, price, validity) VALUES (97, 'Peanuts', 122, 39.45, '2025-11-30');
INSERT INTO product (pId, pName, stock, price, validity) VALUES (98, 'Yogurt', 455, 86.66, '2025-08-18');
INSERT INTO product (pId, pName, stock, price, validity) VALUES (99, 'Peanut Butter', 329, 10.4, '2025-07-19');
INSERT INTO product (pId, pName, stock, price, validity) VALUES (100, 'Coffee', 254, 83.7, '2025-08-15');
INSERT INTO product (pId, pName, stock, price, validity) VALUES (101, 'Cashews', 281, 13.78, '2025-11-26');
INSERT INTO product (pId, pName, stock, price, validity) VALUES (102, 'Coffee', 79, 87.35, '2026-01-31');
INSERT INTO product (pId, pName, stock, price, validity) VALUES (103, 'Soda', 392, 56.51, '2025-06-08');
INSERT INTO product (pId, pName, stock, price, validity) VALUES (104, 'Pizza', 342, 57.7, '2025-05-03');
INSERT INTO product (pId, pName, stock, price, validity) VALUES (105, 'Walnuts', 238, 55.35, '2026-03-09');
INSERT INTO product (pId, pName, stock, price, validity) VALUES (106, 'Walnuts', 84, 92.66, '2025-08-25');
INSERT INTO product (pId, pName, stock, price, validity) VALUES (107, 'Mushrooms', 141, 14.78, '2025-10-18');
INSERT INTO product (pId, pName, stock, price, validity) VALUES (108, 'Pear', 344, 10.39, '2025-12-22');
INSERT INTO product (pId, pName, stock, price, validity) VALUES (109, 'Lamb', 294, 60.67, '2025-11-14');
INSERT INTO product (pId, pName, stock, price, validity) VALUES (110, 'Pineapple', 287, 83.95, '2025-12-04');
INSERT INTO product (pId, pName, stock, price, validity) VALUES (111, 'Mango', 193, 69.43, '2025-11-02');
INSERT INTO product (pId, pName, stock, price, validity) VALUES (112, 'Soy Sauce', 425, 17.99, '2025-11-28');
INSERT INTO product (pId, pName, stock, price, validity) VALUES (113, 'Banana', 58, 99.17, '2025-05-17');
INSERT INTO product (pId, pName, stock, price, validity) VALUES (114, 'Cranberries', 365, 70.28, '2025-12-04');
INSERT INTO product (pId, pName, stock, price, validity) VALUES (115, 'Cucumber', 280, 92.43, '2026-01-06');
INSERT INTO product (pId, pName, stock, price, validity) VALUES (116, 'Lettuce', 400, 17.4, '2025-08-31');
INSERT INTO product (pId, pName, stock, price, validity) VALUES (117, 'Chicken Wings', 255, 26.55, '2026-01-08');
INSERT INTO product (pId, pName, stock, price, validity) VALUES (118, 'Mustard', 423, 71.49, '2025-05-28');
INSERT INTO product (pId, pName, stock, price, validity) VALUES (119, 'Pineapple', 315, 76.98, '2026-01-05');
INSERT INTO product (pId, pName, stock, price, validity) VALUES (120, 'Tea', 271, 42.86, '2025-05-14');
INSERT INTO product (pId, pName, stock, price, validity) VALUES (121, 'Rice', 36, 94.35, '2025-10-30');
INSERT INTO product (pId, pName, stock, price, validity) VALUES (122, 'Coffee', 17, 78.22, '2025-05-22');
INSERT INTO product (pId, pName, stock, price, validity) VALUES (123, 'Yogurt', 268, 73.46, '2025-05-13');
INSERT INTO product (pId, pName, stock, price, validity) VALUES (124, 'Blueberry', 402, 26.32, '2025-05-16');
INSERT INTO product (pId, pName, stock, price, validity) VALUES (125, 'Zucchini', 227, 58.04, '2025-08-19');
INSERT INTO product (pId, pName, stock, price, validity) VALUES (126, 'Chicken', 249, 28.31, '2025-09-18');
INSERT INTO product (pId, pName, stock, price, validity) VALUES (127, 'Cheese', 389, 38.37, '2025-07-07');
INSERT INTO product (pId, pName, stock, price, validity) VALUES (128, 'Pasta', 488, 54.45, '2025-09-13');
INSERT INTO product (pId, pName, stock, price, validity) VALUES (129, 'Garlic', 411, 69.17, '2025-07-26');
INSERT INTO product (pId, pName, stock, price, validity) VALUES (130, 'Olives', 438, 97.12, '2025-11-13');
INSERT INTO product (pId, pName, stock, price, validity) VALUES (131, 'Coconut', 140, 91.75, '2025-10-10');
INSERT INTO product (pId, pName, stock, price, validity) VALUES (132, 'Avocado', 369, 53.82, '2025-07-10');
INSERT INTO product (pId, pName, stock, price, validity) VALUES (133, 'Papaya', 421, 24.65, '2025-06-07');
INSERT INTO product (pId, pName, stock, price, validity) VALUES (134, 'Blueberry', 148, 47.22, '2025-10-07');
INSERT INTO product (pId, pName, stock, price, validity) VALUES (135, 'Banana', 18, 81.16, '2025-07-06');
INSERT INTO product (pId, pName, stock, price, validity) VALUES (136, 'Celery', 332, 36.18, '2025-11-03');
INSERT INTO product (pId, pName, stock, price, validity) VALUES (137, 'Cereal', 257, 48.36, '2025-11-11');
INSERT INTO product (pId, pName, stock, price, validity) VALUES (138, 'Lemon', 368, 43.44, '2025-06-16');
INSERT INTO product (pId, pName, stock, price, validity) VALUES (139, 'Grapes', 129, 12.42, '2025-07-07');
INSERT INTO product (pId, pName, stock, price, validity) VALUES (140, 'Potato', 80, 12.28, '2025-11-01');
INSERT INTO product (pId, pName, stock, price, validity) VALUES (141, 'Avocado', 167, 48.12, '2026-01-02');
INSERT INTO product (pId, pName, stock, price, validity) VALUES (142, 'Fish', 415, 22.19, '2025-07-18');
INSERT INTO product (pId, pName, stock, price, validity) VALUES (143, 'Ginger', 234, 43.84, '2026-03-20');
INSERT INTO product (pId, pName, stock, price, validity) VALUES (144, 'Pineapple', 34, 43.8, '2025-05-24');
INSERT INTO product (pId, pName, stock, price, validity) VALUES (145, 'Butter', 449, 72.52, '2025-08-12');
INSERT INTO product (pId, pName, stock, price, validity) VALUES (146, 'Rice', 388, 97.26, '2026-01-03');
INSERT INTO product (pId, pName, stock, price, validity) VALUES (147, 'Strawberry', 210, 69.2, '2025-04-30');
INSERT INTO product (pId, pName, stock, price, validity) VALUES (148, 'Rice', 115, 54.49, '2025-11-17');
INSERT INTO product (pId, pName, stock, price, validity) VALUES (149, 'Cashews', 500, 73.31, '2025-12-31');
INSERT INTO product (pId, pName, stock, price, validity) VALUES (150, 'Mango', 192, 13.81, '2025-10-08');
INSERT INTO product (pId, pName, stock, price, validity) VALUES (151, 'Bell Pepper', 371, 77.79, '2025-12-29');
INSERT INTO product (pId, pName, stock, price, validity) VALUES (152, 'Salmon', 344, 10.16, '2025-07-05');
INSERT INTO product (pId, pName, stock, price, validity) VALUES (153, 'Tomato', 481, 33.64, '2025-08-05');
INSERT INTO product (pId, pName, stock, price, validity) VALUES (154, 'Chips', 460, 17.66, '2025-11-02');
INSERT INTO product (pId, pName, stock, price, validity) VALUES (155, 'Ice Cream', 483, 95.46, '2025-10-29');
INSERT INTO product (pId, pName, stock, price, validity) VALUES (156, 'Grapes', 300, 80.08, '2025-10-03');
INSERT INTO product (pId, pName, stock, price, validity) VALUES (157, 'Spaghetti Sauce', 496, 69.75, '2025-12-09');
INSERT INTO product (pId, pName, stock, price, validity) VALUES (158, 'Beef', 73, 55.76, '2026-01-02');
INSERT INTO product (pId, pName, stock, price, validity) VALUES (159, 'Orange', 467, 39.09, '2025-07-31');
INSERT INTO product (pId, pName, stock, price, validity) VALUES (160, 'Potato', 281, 83.45, '2026-02-04');
INSERT INTO product (pId, pName, stock, price, validity) VALUES (161, 'Pickles', 127, 24.83, '2025-05-01');
INSERT INTO product (pId, pName, stock, price, validity) VALUES (162, 'Walnuts', 256, 19.74, '2025-08-15');
INSERT INTO product (pId, pName, stock, price, validity) VALUES (163, 'Mushrooms', 396, 22.67, '2026-03-03');
INSERT INTO product (pId, pName, stock, price, validity) VALUES (164, 'Tomato', 337, 78.09, '2025-06-16');
INSERT INTO product (pId, pName, stock, price, validity) VALUES (165, 'Rice', 210, 90.45, '2025-07-19');
INSERT INTO product (pId, pName, stock, price, validity) VALUES (166, 'Pizza', 474, 41.26, '2025-08-09');
INSERT INTO product (pId, pName, stock, price, validity) VALUES (167, 'Soy Sauce', 376, 97.43, '2025-09-01');
INSERT INTO product (pId, pName, stock, price, validity) VALUES (168, 'Salmon', 37, 65.83, '2026-01-05');
INSERT INTO product (pId, pName, stock, price, validity) VALUES (169, 'Milk', 125, 41.36, '2026-03-11');
INSERT INTO product (pId, pName, stock, price, validity) VALUES (170, 'Yogurt', 222, 92.53, '2025-12-15');
INSERT INTO product (pId, pName, stock, price, validity) VALUES (171, 'Water', 468, 28.19, '2025-07-12');
INSERT INTO product (pId, pName, stock, price, validity) VALUES (172, 'Bell Pepper', 186, 18.72, '2025-09-13');
INSERT INTO product (pId, pName, stock, price, validity) VALUES (173, 'Eggs', 462, 28.32, '2025-11-11');
INSERT INTO product (pId, pName, stock, price, validity) VALUES (174, 'Shrimp', 266, 54.29, '2025-12-31');
INSERT INTO product (pId, pName, stock, price, validity) VALUES (175, 'Salmon', 401, 65.63, '2025-07-23');
INSERT INTO product (pId, pName, stock, price, validity) VALUES (176, 'Pizza', 469, 88.13, '2026-01-04');
INSERT INTO product (pId, pName, stock, price, validity) VALUES (177, 'Chips', 174, 36.43, '2025-08-10');
INSERT INTO product (pId, pName, stock, price, validity) VALUES (178, 'Duck', 29, 82.53, '2025-09-12');
INSERT INTO product (pId, pName, stock, price, validity) VALUES (179, 'Pineapple', 367, 66.51, '2026-02-18');
INSERT INTO product (pId, pName, stock, price, validity) VALUES (180, 'Walnuts', 100, 86.05, '2025-08-07');
INSERT INTO product (pId, pName, stock, price, validity) VALUES (181, 'Mango', 44, 97.68, '2025-11-04');
INSERT INTO product (pId, pName, stock, price, validity) VALUES (182, 'Carrot', 69, 73.55, '2025-11-17');
INSERT INTO product (pId, pName, stock, price, validity) VALUES (183, 'Mustard', 346, 82.81, '2025-04-22');
INSERT INTO product (pId, pName, stock, price, validity) VALUES (184, 'Soy Sauce', 272, 41.74, '2026-02-12');
INSERT INTO product (pId, pName, stock, price, validity) VALUES (185, 'Jam', 443, 26.53, '2025-11-19');
INSERT INTO product (pId, pName, stock, price, validity) VALUES (186, 'Butter', 426, 76.11, '2025-12-04');
INSERT INTO product (pId, pName, stock, price, validity) VALUES (187, 'Spaghetti Sauce', 396, 50.52, '2026-03-18');
INSERT INTO product (pId, pName, stock, price, validity) VALUES (188, 'Salt', 487, 40.4, '2025-10-22');
INSERT INTO product (pId, pName, stock, price, validity) VALUES (189, 'Carrot', 304, 33.03, '2026-02-22');
INSERT INTO product (pId, pName, stock, price, validity) VALUES (190, 'Chocolate', 176, 23.7, '2026-03-03');
INSERT INTO product (pId, pName, stock, price, validity) VALUES (191, 'Tofu', 11, 79.23, '2025-12-30');
INSERT INTO product (pId, pName, stock, price, validity) VALUES (192, 'Mushrooms', 476, 35.04, '2025-08-20');
INSERT INTO product (pId, pName, stock, price, validity) VALUES (193, 'Tea', 245, 15.22, '2025-07-01');
INSERT INTO product (pId, pName, stock, price, validity) VALUES (194, 'Strawberry', 347, 35.49, '2025-10-08');
INSERT INTO product (pId, pName, stock, price, validity) VALUES (195, 'Peanut Butter', 201, 54.95, '2025-05-28');
INSERT INTO product (pId, pName, stock, price, validity) VALUES (196, 'Chicken Wings', 98, 80.93, '2026-01-22');
INSERT INTO product (pId, pName, stock, price, validity) VALUES (197, 'Pineapple', 213, 99.56, '2025-10-17');
INSERT INTO product (pId, pName, stock, price, validity) VALUES (198, 'Papaya', 366, 42.49, '2025-06-23');
INSERT INTO product (pId, pName, stock, price, validity) VALUES (199, 'Salt', 348, 42.33, '2025-08-31');
INSERT INTO product (pId, pName, stock, price, validity) VALUES (200, 'Ginger', 70, 64.29, '2025-06-13');
INSERT INTO product (pId, pName, stock, price, validity) VALUES (201, 'Milk', 343, 23.16, '2025-06-19');
INSERT INTO product (pId, pName, stock, price, validity) VALUES (202, 'Lamb', 70, 46.05, '2025-05-10');
INSERT INTO product (pId, pName, stock, price, validity) VALUES (203, 'Cucumber', 322, 22.9, '2026-03-12');
INSERT INTO product (pId, pName, stock, price, validity) VALUES (204, 'Chicken Wings', 181, 80.87, '2025-08-14');
INSERT INTO product (pId, pName, stock, price, validity) VALUES (205, 'Blueberry', 226, 93.1, '2025-06-01');
INSERT INTO product (pId, pName, stock, price, validity) VALUES (206, 'Jam', 19, 85.53, '2025-07-09');
INSERT INTO product (pId, pName, stock, price, validity) VALUES (207, 'Peanuts', 351, 21.5, '2026-03-23');
INSERT INTO product (pId, pName, stock, price, validity) VALUES (208, 'Almonds', 379, 11.34, '2025-06-13');
INSERT INTO product (pId, pName, stock, price, validity) VALUES (209, 'Radish', 245, 41.24, '2026-01-29');
INSERT INTO product (pId, pName, stock, price, validity) VALUES (210, 'Chicken', 150, 84.46, '2025-08-24');
INSERT INTO product (pId, pName, stock, price, validity) VALUES (211, 'Popcorn', 315, 77.27, '2026-02-06');
INSERT INTO product (pId, pName, stock, price, validity) VALUES (212, 'Oil', 446, 37.7, '2025-04-26');
INSERT INTO product (pId, pName, stock, price, validity) VALUES (213, 'Lime', 278, 66.25, '2025-10-27');
INSERT INTO product (pId, pName, stock, price, validity) VALUES (214, 'Zucchini', 255, 93.1, '2026-02-22');
INSERT INTO product (pId, pName, stock, price, validity) VALUES (215, 'Strawberry', 331, 79.05, '2026-01-10');
INSERT INTO product (pId, pName, stock, price, validity) VALUES (216, 'Water', 429, 43.78, '2026-02-23');
INSERT INTO product (pId, pName, stock, price, validity) VALUES (217, 'Juice', 190, 73.86, '2025-04-27');
INSERT INTO product (pId, pName, stock, price, validity) VALUES (218, 'Fish', 223, 90.14, '2025-07-22');
INSERT INTO product (pId, pName, stock, price, validity) VALUES (219, 'Coconut', 482, 97.38, '2025-05-22');
INSERT INTO product (pId, pName, stock, price, validity) VALUES (220, 'Carrot', 459, 65.3, '2025-06-30');
INSERT INTO product (pId, pName, stock, price, validity) VALUES (221, 'Lemon', 298, 58.81, '2026-02-17');
INSERT INTO product (pId, pName, stock, price, validity) VALUES (222, 'Soy Sauce', 132, 22.88, '2025-08-07');
INSERT INTO product (pId, pName, stock, price, validity) VALUES (223, 'Butter', 289, 30.67, '2025-11-21');
INSERT INTO product (pId, pName, stock, price, validity) VALUES (224, 'Tea', 290, 21.74, '2025-09-07');
INSERT INTO product (pId, pName, stock, price, validity) VALUES (225, 'Yogurt', 252, 81.35, '2025-05-13');
INSERT INTO product (pId, pName, stock, price, validity) VALUES (226, 'Beef', 299, 83.05, '2025-10-13');
INSERT INTO product (pId, pName, stock, price, validity) VALUES (227, 'Mustard', 41, 77.27, '2025-06-15');
INSERT INTO product (pId, pName, stock, price, validity) VALUES (228, 'Milk', 410, 57.38, '2025-06-23');
INSERT INTO product (pId, pName, stock, price, validity) VALUES (229, 'Salmon', 257, 58.52, '2026-02-11');
INSERT INTO product (pId, pName, stock, price, validity) VALUES (230, 'Papaya', 249, 17.16, '2025-08-24');
INSERT INTO product (pId, pName, stock, price, validity) VALUES (231, 'Blueberry', 486, 50.66, '2026-01-04');
INSERT INTO product (pId, pName, stock, price, validity) VALUES (232, 'Olives', 98, 84.51, '2025-06-29');
INSERT INTO product (pId, pName, stock, price, validity) VALUES (233, 'Pear', 470, 26.11, '2025-11-12');
INSERT INTO product (pId, pName, stock, price, validity) VALUES (234, 'Onions', 291, 76.32, '2025-06-25');
INSERT INTO product (pId, pName, stock, price, validity) VALUES (235, 'Cereal', 490, 91.92, '2026-02-26');
INSERT INTO product (pId, pName, stock, price, validity) VALUES (236, 'Peach', 278, 59.41, '2025-07-12');
INSERT INTO product (pId, pName, stock, price, validity) VALUES (237, 'Butter', 39, 61.85, '2026-01-07');
INSERT INTO product (pId, pName, stock, price, validity) VALUES (238, 'Soy Sauce', 258, 89.28, '2026-02-20');
INSERT INTO product (pId, pName, stock, price, validity) VALUES (239, 'Salmon', 465, 63.87, '2026-02-16');
INSERT INTO product (pId, pName, stock, price, validity) VALUES (240, 'Walnuts', 49, 12.31, '2025-04-26');
INSERT INTO product (pId, pName, stock, price, validity) VALUES (241, 'Spaghetti Sauce', 466, 63.9, '2026-03-11');
INSERT INTO product (pId, pName, stock, price, validity) VALUES (242, 'Turkey', 212, 55.63, '2025-06-17');
INSERT INTO product (pId, pName, stock, price, validity) VALUES (243, 'Honey', 253, 50.1, '2025-08-03');
INSERT INTO product (pId, pName, stock, price, validity) VALUES (244, 'Mushrooms', 249, 17.33, '2025-12-09');
INSERT INTO product (pId, pName, stock, price, validity) VALUES (245, 'Cranberries', 309, 10.22, '2025-09-28');
INSERT INTO product (pId, pName, stock, price, validity) VALUES (246, 'Banana', 409, 24.44, '2025-12-08');
INSERT INTO product (pId, pName, stock, price, validity) VALUES (247, 'Potato', 41, 28.63, '2025-07-17');
INSERT INTO product (pId, pName, stock, price, validity) VALUES (248, 'Soy Sauce', 320, 76.44, '2025-08-13');
INSERT INTO product (pId, pName, stock, price, validity) VALUES (249, 'Apple', 255, 38.99, '2025-10-10');
INSERT INTO product (pId, pName, stock, price, validity) VALUES (250, 'Cranberries', 352, 80.0, '2025-09-11');
INSERT INTO product (pId, pName, stock, price, validity) VALUES (251, 'Grapes', 207, 26.76, '2025-06-18');
INSERT INTO product (pId, pName, stock, price, validity) VALUES (252, 'Soy Sauce', 298, 56.31, '2026-01-06');
INSERT INTO product (pId, pName, stock, price, validity) VALUES (253, 'Cranberries', 353, 53.28, '2025-08-17');
INSERT INTO product (pId, pName, stock, price, validity) VALUES (254, 'Mustard', 299, 66.68, '2026-01-24');
INSERT INTO product (pId, pName, stock, price, validity) VALUES (255, 'Beef', 38, 47.6, '2025-09-26');
INSERT INTO product (pId, pName, stock, price, validity) VALUES (256, 'Lime', 52, 91.04, '2025-11-19');
INSERT INTO product (pId, pName, stock, price, validity) VALUES (257, 'Ice Cream', 199, 23.46, '2025-09-24');
INSERT INTO product (pId, pName, stock, price, validity) VALUES (258, 'Orange', 225, 11.41, '2026-02-26');
INSERT INTO product (pId, pName, stock, price, validity) VALUES (259, 'Butter', 251, 10.12, '2026-02-20');
INSERT INTO product (pId, pName, stock, price, validity) VALUES (260, 'Mushrooms', 46, 83.9, '2025-09-06');
INSERT INTO product (pId, pName, stock, price, validity) VALUES (261, 'Pizza', 252, 87.74, '2025-09-18');
INSERT INTO product (pId, pName, stock, price, validity) VALUES (262, 'Coconut', 110, 78.1, '2025-06-06');
INSERT INTO product (pId, pName, stock, price, validity) VALUES (263, 'Fish', 396, 33.62, '2025-07-28');
INSERT INTO product (pId, pName, stock, price, validity) VALUES (264, 'Pear', 463, 44.65, '2025-09-04');
INSERT INTO product (pId, pName, stock, price, validity) VALUES (265, 'Lamb', 281, 32.76, '2025-12-23');
INSERT INTO product (pId, pName, stock, price, validity) VALUES (266, 'Ginger', 164, 40.74, '2025-11-22');
INSERT INTO product (pId, pName, stock, price, validity) VALUES (267, 'Fish', 308, 41.3, '2025-09-09');
INSERT INTO product (pId, pName, stock, price, validity) VALUES (268, 'Lamb', 65, 35.39, '2025-05-27');
INSERT INTO product (pId, pName, stock, price, validity) VALUES (269, 'Honey', 300, 40.79, '2026-01-30');
INSERT INTO product (pId, pName, stock, price, validity) VALUES (270, 'Pizza', 468, 32.16, '2025-12-26');
INSERT INTO product (pId, pName, stock, price, validity) VALUES (271, 'Bell Pepper', 287, 70.83, '2025-06-29');
INSERT INTO product (pId, pName, stock, price, validity) VALUES (272, 'Spaghetti Sauce', 461, 69.52, '2026-03-08');
INSERT INTO product (pId, pName, stock, price, validity) VALUES (273, 'Flour', 448, 56.1, '2025-12-28');
INSERT INTO product (pId, pName, stock, price, validity) VALUES (274, 'Avocado', 404, 17.6, '2025-10-25');
INSERT INTO product (pId, pName, stock, price, validity) VALUES (275, 'Radish', 495, 83.74, '2026-02-16');
INSERT INTO product (pId, pName, stock, price, validity) VALUES (276, 'Water', 390, 37.7, '2026-02-02');
INSERT INTO product (pId, pName, stock, price, validity) VALUES (277, 'Avocado', 43, 85.6, '2025-09-07');
INSERT INTO product (pId, pName, stock, price, validity) VALUES (278, 'Tofu', 180, 36.94, '2025-12-22');
INSERT INTO product (pId, pName, stock, price, validity) VALUES (279, 'Soda', 24, 44.67, '2026-02-11');
INSERT INTO product (pId, pName, stock, price, validity) VALUES (280, 'Peanuts', 60, 63.88, '2026-03-01');
INSERT INTO product (pId, pName, stock, price, validity) VALUES (281, 'Peach', 20, 25.48, '2025-10-26');
INSERT INTO product (pId, pName, stock, price, validity) VALUES (282, 'Jam', 327, 30.2, '2025-04-28');
INSERT INTO product (pId, pName, stock, price, validity) VALUES (283, 'Olives', 102, 28.94, '2025-11-24');
INSERT INTO product (pId, pName, stock, price, validity) VALUES (284, 'Eggs', 378, 90.06, '2025-12-08');
INSERT INTO product (pId, pName, stock, price, validity) VALUES (285, 'Carrot', 401, 42.25, '2026-02-20');
INSERT INTO product (pId, pName, stock, price, validity) VALUES (286, 'Tofu', 28, 67.37, '2025-06-11');
INSERT INTO product (pId, pName, stock, price, validity) VALUES (287, 'Pasta', 382, 81.47, '2025-11-02');
INSERT INTO product (pId, pName, stock, price, validity) VALUES (288, 'Celery', 218, 92.75, '2025-08-18');
INSERT INTO product (pId, pName, stock, price, validity) VALUES (289, 'Flour', 77, 50.81, '2026-01-29');
INSERT INTO product (pId, pName, stock, price, validity) VALUES (290, 'Celery', 272, 82.92, '2025-08-29');
INSERT INTO product (pId, pName, stock, price, validity) VALUES (291, 'Sugar', 52, 14.83, '2025-08-14');
INSERT INTO product (pId, pName, stock, price, validity) VALUES (292, 'Radish', 189, 95.54, '2025-12-08');
INSERT INTO product (pId, pName, stock, price, validity) VALUES (293, 'Apple', 402, 93.52, '2026-02-09');
INSERT INTO product (pId, pName, stock, price, validity) VALUES (294, 'Oil', 123, 18.69, '2025-11-06');
INSERT INTO product (pId, pName, stock, price, validity) VALUES (295, 'Duck', 74, 60.41, '2026-01-13');
INSERT INTO product (pId, pName, stock, price, validity) VALUES (296, 'Shrimp', 94, 47.43, '2025-06-17');
INSERT INTO product (pId, pName, stock, price, validity) VALUES (297, 'Banana', 130, 77.48, '2026-01-15');
INSERT INTO product (pId, pName, stock, price, validity) VALUES (298, 'Lime', 156, 26.4, '2025-11-17');
INSERT INTO product (pId, pName, stock, price, validity) VALUES (299, 'Potato', 378, 64.57, '2025-07-11');
INSERT INTO product (pId, pName, stock, price, validity) VALUES (300, 'Pineapple', 363, 57.82, '2026-03-04');
INSERT INTO product (pId, pName, stock, price, validity) VALUES (301, 'Eggs', 397, 73.31, '2026-01-25');
INSERT INTO product (pId, pName, stock, price, validity) VALUES (302, 'Beef', 256, 44.03, '2025-11-19');
INSERT INTO product (pId, pName, stock, price, validity) VALUES (303, 'Tomato', 259, 34.92, '2025-11-13');
INSERT INTO product (pId, pName, stock, price, validity) VALUES (304, 'Lamb', 420, 68.93, '2025-06-22');
INSERT INTO product (pId, pName, stock, price, validity) VALUES (305, 'Carrot', 190, 31.92, '2026-02-02');
INSERT INTO product (pId, pName, stock, price, validity) VALUES (306, 'Garlic', 71, 30.32, '2025-06-23');
INSERT INTO product (pId, pName, stock, price, validity) VALUES (307, 'Ice Cream', 47, 70.77, '2025-05-26');
INSERT INTO product (pId, pName, stock, price, validity) VALUES (308, 'Water', 268, 69.63, '2025-10-01');
INSERT INTO product (pId, pName, stock, price, validity) VALUES (309, 'Chicken', 33, 99.18, '2025-06-22');
INSERT INTO product (pId, pName, stock, price, validity) VALUES (310, 'Pickles', 102, 13.05, '2025-12-05');
INSERT INTO product (pId, pName, stock, price, validity) VALUES (311, 'Olives', 111, 18.61, '2025-06-22');
INSERT INTO product (pId, pName, stock, price, validity) VALUES (312, 'Pasta', 42, 84.44, '2025-06-10');
INSERT INTO product (pId, pName, stock, price, validity) VALUES (313, 'Bell Pepper', 304, 59.66, '2025-09-25');
INSERT INTO product (pId, pName, stock, price, validity) VALUES (314, 'Eggs', 92, 53.29, '2026-01-01');
INSERT INTO product (pId, pName, stock, price, validity) VALUES (315, 'Cashews', 120, 92.83, '2026-03-09');
INSERT INTO product (pId, pName, stock, price, validity) VALUES (316, 'Eggs', 375, 70.37, '2026-02-08');
INSERT INTO product (pId, pName, stock, price, validity) VALUES (317, 'Soy Sauce', 284, 72.78, '2026-02-10');
INSERT INTO product (pId, pName, stock, price, validity) VALUES (318, 'Bell Pepper', 241, 78.17, '2026-02-28');
INSERT INTO product (pId, pName, stock, price, validity) VALUES (319, 'Turkey', 435, 82.26, '2026-02-18');
INSERT INTO product (pId, pName, stock, price, validity) VALUES (320, 'Fish', 218, 46.18, '2025-12-17');
INSERT INTO product (pId, pName, stock, price, validity) VALUES (321, 'Olives', 166, 84.02, '2025-04-23');
INSERT INTO product (pId, pName, stock, price, validity) VALUES (322, 'Mushrooms', 445, 39.19, '2025-06-03');
INSERT INTO product (pId, pName, stock, price, validity) VALUES (323, 'Pickles', 362, 40.29, '2025-12-13');
INSERT INTO product (pId, pName, stock, price, validity) VALUES (324, 'Pizza', 269, 68.93, '2025-06-14');
INSERT INTO product (pId, pName, stock, price, validity) VALUES (325, 'Ginger', 130, 35.33, '2026-03-18');
INSERT INTO product (pId, pName, stock, price, validity) VALUES (326, 'Salt', 232, 27.91, '2025-08-02');
INSERT INTO product (pId, pName, stock, price, validity) VALUES (327, 'Ketchup', 478, 52.45, '2026-01-01');
INSERT INTO product (pId, pName, stock, price, validity) VALUES (328, 'Eggs', 199, 82.71, '2025-09-18');
INSERT INTO product (pId, pName, stock, price, validity) VALUES (329, 'Chicken Wings', 251, 45.38, '2025-10-09');
INSERT INTO product (pId, pName, stock, price, validity) VALUES (330, 'Chicken Wings', 189, 42.05, '2025-05-14');
INSERT INTO product (pId, pName, stock, price, validity) VALUES (331, 'Oil', 297, 17.42, '2026-03-01');
INSERT INTO product (pId, pName, stock, price, validity) VALUES (332, 'Potato', 418, 71.05, '2025-11-30');
INSERT INTO product (pId, pName, stock, price, validity) VALUES (333, 'Papaya', 270, 76.26, '2026-02-02');
INSERT INTO product (pId, pName, stock, price, validity) VALUES (334, 'Lemon', 498, 82.58, '2026-01-15');
INSERT INTO product (pId, pName, stock, price, validity) VALUES (335, 'Chicken Wings', 424, 83.97, '2025-08-08');
INSERT INTO product (pId, pName, stock, price, validity) VALUES (336, 'Ice Cream', 223, 64.96, '2025-12-05');
INSERT INTO product (pId, pName, stock, price, validity) VALUES (337, 'Fish', 390, 24.72, '2026-01-17');
INSERT INTO product (pId, pName, stock, price, validity) VALUES (338, 'Yogurt', 398, 98.94, '2025-06-06');
INSERT INTO product (pId, pName, stock, price, validity) VALUES (339, 'Pineapple', 256, 86.34, '2025-10-30');
INSERT INTO product (pId, pName, stock, price, validity) VALUES (340, 'Ketchup', 63, 10.9, '2025-10-28');
INSERT INTO product (pId, pName, stock, price, validity) VALUES (341, 'Coffee', 478, 23.32, '2026-01-05');
INSERT INTO product (pId, pName, stock, price, validity) VALUES (342, 'Eggs', 168, 56.98, '2025-11-23');
INSERT INTO product (pId, pName, stock, price, validity) VALUES (343, 'Papaya', 114, 46.03, '2025-07-30');
INSERT INTO product (pId, pName, stock, price, validity) VALUES (344, 'Celery', 416, 38.32, '2026-02-13');
INSERT INTO product (pId, pName, stock, price, validity) VALUES (345, 'Radish', 268, 46.09, '2025-05-12');
INSERT INTO product (pId, pName, stock, price, validity) VALUES (346, 'Butter', 161, 90.09, '2026-01-18');
INSERT INTO product (pId, pName, stock, price, validity) VALUES (347, 'Orange', 68, 27.74, '2026-03-05');
INSERT INTO product (pId, pName, stock, price, validity) VALUES (348, 'Pasta', 47, 27.27, '2026-01-24');
INSERT INTO product (pId, pName, stock, price, validity) VALUES (349, 'Water', 340, 64.46, '2025-11-01');
INSERT INTO product (pId, pName, stock, price, validity) VALUES (350, 'Milk', 157, 13.84, '2025-10-16');
INSERT INTO product (pId, pName, stock, price, validity) VALUES (351, 'Coconut', 371, 10.84, '2026-03-10');
INSERT INTO product (pId, pName, stock, price, validity) VALUES (352, 'Soy Sauce', 222, 77.11, '2025-06-05');
INSERT INTO product (pId, pName, stock, price, validity) VALUES (353, 'Spaghetti Sauce', 345, 51.74, '2025-07-19');
INSERT INTO product (pId, pName, stock, price, validity) VALUES (354, 'Tomato', 405, 88.24, '2025-08-29');
INSERT INTO product (pId, pName, stock, price, validity) VALUES (355, 'Strawberry', 376, 40.81, '2025-08-15');
INSERT INTO product (pId, pName, stock, price, validity) VALUES (356, 'Ice Cream', 334, 45.96, '2025-06-23');
INSERT INTO product (pId, pName, stock, price, validity) VALUES (357, 'Zucchini', 143, 36.19, '2025-05-30');
INSERT INTO product (pId, pName, stock, price, validity) VALUES (358, 'Peach', 256, 24.43, '2025-09-15');
INSERT INTO product (pId, pName, stock, price, validity) VALUES (359, 'Chocolate', 219, 53.44, '2025-07-11');
INSERT INTO product (pId, pName, stock, price, validity) VALUES (360, 'Potato', 73, 89.04, '2025-07-19');
INSERT INTO product (pId, pName, stock, price, validity) VALUES (361, 'Strawberry', 157, 76.97, '2026-01-06');
INSERT INTO product (pId, pName, stock, price, validity) VALUES (362, 'Juice', 174, 44.57, '2025-12-03');
INSERT INTO product (pId, pName, stock, price, validity) VALUES (363, 'Grapes', 84, 22.72, '2025-09-17');
INSERT INTO product (pId, pName, stock, price, validity) VALUES (364, 'Tofu', 419, 62.05, '2025-06-22');
INSERT INTO product (pId, pName, stock, price, validity) VALUES (365, 'Mustard', 261, 46.31, '2026-03-21');
INSERT INTO product (pId, pName, stock, price, validity) VALUES (366, 'Soy Sauce', 95, 98.7, '2025-06-24');
INSERT INTO product (pId, pName, stock, price, validity) VALUES (367, 'Bread', 93, 61.92, '2025-12-31');
INSERT INTO product (pId, pName, stock, price, validity) VALUES (368, 'Potato', 359, 77.91, '2025-09-13');
INSERT INTO product (pId, pName, stock, price, validity) VALUES (369, 'Olives', 436, 52.36, '2026-03-12');
INSERT INTO product (pId, pName, stock, price, validity) VALUES (370, 'Banana', 36, 26.8, '2025-10-06');
INSERT INTO product (pId, pName, stock, price, validity) VALUES (371, 'Duck', 266, 34.85, '2025-06-04');
INSERT INTO product (pId, pName, stock, price, validity) VALUES (372, 'Walnuts', 272, 17.45, '2026-01-12');
INSERT INTO product (pId, pName, stock, price, validity) VALUES (373, 'Celery', 395, 14.89, '2026-02-03');
INSERT INTO product (pId, pName, stock, price, validity) VALUES (374, 'Soda', 362, 53.65, '2025-08-03');
INSERT INTO product (pId, pName, stock, price, validity) VALUES (375, 'Onions', 491, 89.07, '2025-10-25');
INSERT INTO product (pId, pName, stock, price, validity) VALUES (376, 'Lettuce', 216, 11.97, '2025-04-30');
INSERT INTO product (pId, pName, stock, price, validity) VALUES (377, 'Garlic', 70, 99.4, '2026-01-23');
INSERT INTO product (pId, pName, stock, price, validity) VALUES (378, 'Rice', 162, 66.84, '2025-08-15');
INSERT INTO product (pId, pName, stock, price, validity) VALUES (379, 'Rice', 46, 30.3, '2025-05-07');
INSERT INTO product (pId, pName, stock, price, validity) VALUES (380, 'Chicken', 378, 72.33, '2026-01-25');
INSERT INTO product (pId, pName, stock, price, validity) VALUES (381, 'Orange', 215, 56.8, '2025-07-13');
INSERT INTO product (pId, pName, stock, price, validity) VALUES (382, 'Bell Pepper', 341, 55.31, '2025-10-05');
INSERT INTO product (pId, pName, stock, price, validity) VALUES (383, 'Cashews', 386, 62.27, '2025-11-07');
INSERT INTO product (pId, pName, stock, price, validity) VALUES (384, 'Flour', 145, 90.32, '2025-10-23');
INSERT INTO product (pId, pName, stock, price, validity) VALUES (385, 'Almonds', 335, 59.07, '2026-01-09');
INSERT INTO product (pId, pName, stock, price, validity) VALUES (386, 'Onions', 241, 11.72, '2025-07-13');
INSERT INTO product (pId, pName, stock, price, validity) VALUES (387, 'Walnuts', 430, 89.36, '2025-11-06');
INSERT INTO product (pId, pName, stock, price, validity) VALUES (388, 'Soda', 209, 53.86, '2025-12-31');
INSERT INTO product (pId, pName, stock, price, validity) VALUES (389, 'Zucchini', 316, 74.09, '2025-09-09');
INSERT INTO product (pId, pName, stock, price, validity) VALUES (390, 'Beef', 191, 56.66, '2025-08-02');
INSERT INTO product (pId, pName, stock, price, validity) VALUES (391, 'Lamb', 416, 25.66, '2026-02-19');
INSERT INTO product (pId, pName, stock, price, validity) VALUES (392, 'Celery', 474, 46.3, '2026-01-01');
INSERT INTO product (pId, pName, stock, price, validity) VALUES (393, 'Ginger', 266, 94.28, '2026-02-23');
INSERT INTO product (pId, pName, stock, price, validity) VALUES (394, 'Mustard', 112, 82.31, '2025-06-22');
INSERT INTO product (pId, pName, stock, price, validity) VALUES (395, 'Popcorn', 137, 49.33, '2025-12-26');
INSERT INTO product (pId, pName, stock, price, validity) VALUES (396, 'Carrot', 450, 99.1, '2026-01-13');
INSERT INTO product (pId, pName, stock, price, validity) VALUES (397, 'Lemon', 403, 11.88, '2026-03-18');
INSERT INTO product (pId, pName, stock, price, validity) VALUES (398, 'Apple', 500, 84.45, '2025-06-30');
INSERT INTO product (pId, pName, stock, price, validity) VALUES (399, 'Blueberry', 185, 29.96, '2025-09-24');
INSERT INTO product (pId, pName, stock, price, validity) VALUES (400, 'Tofu', 444, 10.87, '2025-08-11');

-- Insert into employee
INSERT INTO employee (eId, eName, ePhone) VALUES (1, 'Itay Levi', 997165078);
INSERT INTO employee (eId, eName, ePhone) VALUES (2, 'Yosef Levi', 834131556);
INSERT INTO employee (eId, eName, ePhone) VALUES (3, 'Shira Peretz', 840037979);
INSERT INTO employee (eId, eName, ePhone) VALUES (4, 'Omer Gabbay', 263605524);
INSERT INTO employee (eId, eName, ePhone) VALUES (5, 'Yosef Segal', 588947125);
INSERT INTO employee (eId, eName, ePhone) VALUES (6, 'Miriam Malka', 570938121);
INSERT INTO employee (eId, eName, ePhone) VALUES (7, 'Yonatan Shimon', 675427395);
INSERT INTO employee (eId, eName, ePhone) VALUES (8, 'Omer Malka', 258501773);
INSERT INTO employee (eId, eName, ePhone) VALUES (9, 'Shira Tzadok', 231107455);
INSERT INTO employee (eId, eName, ePhone) VALUES (10, 'Natan Cohen', 304562962);
INSERT INTO employee (eId, eName, ePhone) VALUES (11, 'Miriam Peretz', 933577685);
INSERT INTO employee (eId, eName, ePhone) VALUES (12, 'Esther Ezra', 944892646);
INSERT INTO employee (eId, eName, ePhone) VALUES (13, 'Eli Dayan', 923823753);
INSERT INTO employee (eId, eName, ePhone) VALUES (14, 'Natan Gabbay', 987896674);
INSERT INTO employee (eId, eName, ePhone) VALUES (15, 'Rachel Tzadok', 673026798);
INSERT INTO employee (eId, eName, ePhone) VALUES (16, 'Avigail Malka', 920627845);
INSERT INTO employee (eId, eName, ePhone) VALUES (17, 'Daniel Peretz', 279674217);
INSERT INTO employee (eId, eName, ePhone) VALUES (18, 'Omer Tzadok', 510150379);
INSERT INTO employee (eId, eName, ePhone) VALUES (19, 'Shira Segal', 389531422);
INSERT INTO employee (eId, eName, ePhone) VALUES (20, 'Omer Peretz', 247846207);
INSERT INTO employee (eId, eName, ePhone) VALUES (21, 'David Shalom', 791401977);
INSERT INTO employee (eId, eName, ePhone) VALUES (22, 'Shira Rahmani', 694596695);
INSERT INTO employee (eId, eName, ePhone) VALUES (23, 'David Gabbay', 946926742);
INSERT INTO employee (eId, eName, ePhone) VALUES (24, 'Eli Shapira', 784517209);
INSERT INTO employee (eId, eName, ePhone) VALUES (25, 'Natan Biton', 199064749);
INSERT INTO employee (eId, eName, ePhone) VALUES (26, 'Avigail Peretz', 564968742);
INSERT INTO employee (eId, eName, ePhone) VALUES (27, 'Esther Gabbay', 985374620);
INSERT INTO employee (eId, eName, ePhone) VALUES (28, 'Eli Katz', 194037284);
INSERT INTO employee (eId, eName, ePhone) VALUES (29, 'Daniel Biton', 410138935);
INSERT INTO employee (eId, eName, ePhone) VALUES (30, 'Tamar Gabbay', 931265314);
INSERT INTO employee (eId, eName, ePhone) VALUES (31, 'Itay Katz', 253873374);
INSERT INTO employee (eId, eName, ePhone) VALUES (32, 'Yosef Peretz', 958472735);
INSERT INTO employee (eId, eName, ePhone) VALUES (33, 'Yael Shapira', 628099205);
INSERT INTO employee (eId, eName, ePhone) VALUES (34, 'Itay Shimon', 964774705);
INSERT INTO employee (eId, eName, ePhone) VALUES (35, 'Sarah Cohen', 896259772);
INSERT INTO employee (eId, eName, ePhone) VALUES (36, 'Miriam Cohen', 508136194);
INSERT INTO employee (eId, eName, ePhone) VALUES (37, 'Avigail Shalom', 841827492);
INSERT INTO employee (eId, eName, ePhone) VALUES (38, 'Shira Ezra', 662882595);
INSERT INTO employee (eId, eName, ePhone) VALUES (39, 'Itay Malka', 708064829);
INSERT INTO employee (eId, eName, ePhone) VALUES (40, 'Natan Avraham', 956623785);
INSERT INTO employee (eId, eName, ePhone) VALUES (41, 'Esther Rahmani', 908295729);
INSERT INTO employee (eId, eName, ePhone) VALUES (42, 'Esther Mizrahi', 154858879);
INSERT INTO employee (eId, eName, ePhone) VALUES (43, 'Yosef Shapira', 608461536);
INSERT INTO employee (eId, eName, ePhone) VALUES (44, 'Noa Katz', 216003269);
INSERT INTO employee (eId, eName, ePhone) VALUES (45, 'Tamar Tzadok', 730807404);
INSERT INTO employee (eId, eName, ePhone) VALUES (46, 'Miriam Tamir', 106068783);
INSERT INTO employee (eId, eName, ePhone) VALUES (47, 'Yosef Biton', 764306543);
INSERT INTO employee (eId, eName, ePhone) VALUES (48, 'Sarah Gabbay', 911367934);
INSERT INTO employee (eId, eName, ePhone) VALUES (49, 'Rachel Cohen', 156082031);
INSERT INTO employee (eId, eName, ePhone) VALUES (50, 'Yael Avraham', 127001137);
INSERT INTO employee (eId, eName, ePhone) VALUES (51, 'Rachel Shapira', 591177885);
INSERT INTO employee (eId, eName, ePhone) VALUES (52, 'Yonatan Katz', 340027958);
INSERT INTO employee (eId, eName, ePhone) VALUES (53, 'Yael Katz', 161660686);
INSERT INTO employee (eId, eName, ePhone) VALUES (54, 'Leah Peretz', 615688646);
INSERT INTO employee (eId, eName, ePhone) VALUES (55, 'Miriam Baruch', 716808362);
INSERT INTO employee (eId, eName, ePhone) VALUES (56, 'Yonatan Peretz', 879764757);
INSERT INTO employee (eId, eName, ePhone) VALUES (57, 'Esther Dayan', 754777274);
INSERT INTO employee (eId, eName, ePhone) VALUES (58, 'Sarah Segal', 817661137);
INSERT INTO employee (eId, eName, ePhone) VALUES (59, 'Noa Peretz', 569099204);
INSERT INTO employee (eId, eName, ePhone) VALUES (60, 'Avigail Segal', 889805742);
INSERT INTO employee (eId, eName, ePhone) VALUES (61, 'Avigail Shimon', 146708833);
INSERT INTO employee (eId, eName, ePhone) VALUES (62, 'Esther Malka', 177048566);
INSERT INTO employee (eId, eName, ePhone) VALUES (63, 'Natan Rahmani', 392314754);
INSERT INTO employee (eId, eName, ePhone) VALUES (64, 'Sarah Mizrahi', 260324846);
INSERT INTO employee (eId, eName, ePhone) VALUES (65, 'Eli Shalom', 509292558);
INSERT INTO employee (eId, eName, ePhone) VALUES (66, 'Yael Cohen', 791654523);
INSERT INTO employee (eId, eName, ePhone) VALUES (67, 'Leah Avraham', 980898674);
INSERT INTO employee (eId, eName, ePhone) VALUES (68, 'Moshe Mizrahi', 846268292);
INSERT INTO employee (eId, eName, ePhone) VALUES (69, 'Miriam Sharabi', 504256813);
INSERT INTO employee (eId, eName, ePhone) VALUES (70, 'Omer Shalom', 618545959);
INSERT INTO employee (eId, eName, ePhone) VALUES (71, 'Aharon Baruch', 477081444);
INSERT INTO employee (eId, eName, ePhone) VALUES (72, 'Daniel Cohen', 621905857);
INSERT INTO employee (eId, eName, ePhone) VALUES (73, 'Yonatan Tamir', 749629018);
INSERT INTO employee (eId, eName, ePhone) VALUES (74, 'Natan Shimon', 589843180);
INSERT INTO employee (eId, eName, ePhone) VALUES (75, 'Noa Avraham', 463872327);
INSERT INTO employee (eId, eName, ePhone) VALUES (76, 'Natan Malka', 675668214);
INSERT INTO employee (eId, eName, ePhone) VALUES (77, 'Miriam Rahmani', 750775001);
INSERT INTO employee (eId, eName, ePhone) VALUES (78, 'Itay Tzadok', 841980375);
INSERT INTO employee (eId, eName, ePhone) VALUES (79, 'Omer Levi', 388757797);
INSERT INTO employee (eId, eName, ePhone) VALUES (80, 'Eli Levi', 991869176);
INSERT INTO employee (eId, eName, ePhone) VALUES (81, 'Yael Baruch', 434628661);
INSERT INTO employee (eId, eName, ePhone) VALUES (82, 'Yonatan Segal', 953837535);
INSERT INTO employee (eId, eName, ePhone) VALUES (83, 'Omer Tamir', 829218040);
INSERT INTO employee (eId, eName, ePhone) VALUES (84, 'Eli Rahmani', 787573007);
INSERT INTO employee (eId, eName, ePhone) VALUES (85, 'Moshe Tzadok', 506090811);
INSERT INTO employee (eId, eName, ePhone) VALUES (86, 'Shira Avraham', 663610070);
INSERT INTO employee (eId, eName, ePhone) VALUES (87, 'Sarah Rahmani', 377918013);
INSERT INTO employee (eId, eName, ePhone) VALUES (88, 'Natan Ezra', 157077049);
INSERT INTO employee (eId, eName, ePhone) VALUES (89, 'Eli Mizrahi', 736282429);
INSERT INTO employee (eId, eName, ePhone) VALUES (90, 'Yosef Ezra', 797621136);
INSERT INTO employee (eId, eName, ePhone) VALUES (91, 'Yosef Shalom', 548618467);
INSERT INTO employee (eId, eName, ePhone) VALUES (92, 'Sarah Tamir', 468761989);
INSERT INTO employee (eId, eName, ePhone) VALUES (93, 'Leah Baruch', 868778652);
INSERT INTO employee (eId, eName, ePhone) VALUES (94, 'Yael Dayan', 253378642);
INSERT INTO employee (eId, eName, ePhone) VALUES (95, 'Leah Segal', 603337689);
INSERT INTO employee (eId, eName, ePhone) VALUES (96, 'Daniel Shapira', 173128489);
INSERT INTO employee (eId, eName, ePhone) VALUES (97, 'Itay Shapira', 719512759);
INSERT INTO employee (eId, eName, ePhone) VALUES (98, 'Moshe Peretz', 520565806);
INSERT INTO employee (eId, eName, ePhone) VALUES (99, 'Moshe Gabbay', 782497317);
INSERT INTO employee (eId, eName, ePhone) VALUES (100, 'Esther Biton', 956801569);
INSERT INTO employee (eId, eName, ePhone) VALUES (101, 'Rachel Baruch', 749821715);
INSERT INTO employee (eId, eName, ePhone) VALUES (102, 'Moshe Sharabi', 786935779);
INSERT INTO employee (eId, eName, ePhone) VALUES (103, 'Avigail Rahmani', 713920343);
INSERT INTO employee (eId, eName, ePhone) VALUES (104, 'Omer Shapira', 901847209);
INSERT INTO employee (eId, eName, ePhone) VALUES (105, 'Esther Levi', 568258407);
INSERT INTO employee (eId, eName, ePhone) VALUES (106, 'Tamar Baruch', 831627500);
INSERT INTO employee (eId, eName, ePhone) VALUES (107, 'Tamar Avraham', 794075736);
INSERT INTO employee (eId, eName, ePhone) VALUES (108, 'Yosef Cohen', 243324070);
INSERT INTO employee (eId, eName, ePhone) VALUES (109, 'Miriam Avraham', 538864797);
INSERT INTO employee (eId, eName, ePhone) VALUES (110, 'Itay Dayan', 121276273);
INSERT INTO employee (eId, eName, ePhone) VALUES (111, 'Noa Levi', 549518870);
INSERT INTO employee (eId, eName, ePhone) VALUES (112, 'Yosef Shimon', 849665597);
INSERT INTO employee (eId, eName, ePhone) VALUES (113, 'Esther Shapira', 816805185);
INSERT INTO employee (eId, eName, ePhone) VALUES (114, 'Natan Levi', 253913615);
INSERT INTO employee (eId, eName, ePhone) VALUES (115, 'Daniel Mizrahi', 731877236);
INSERT INTO employee (eId, eName, ePhone) VALUES (116, 'Sarah Shimon', 798777797);
INSERT INTO employee (eId, eName, ePhone) VALUES (117, 'Itay Gabbay', 485667808);
INSERT INTO employee (eId, eName, ePhone) VALUES (118, 'Avigail Gabbay', 840530669);
INSERT INTO employee (eId, eName, ePhone) VALUES (119, 'Shira Shalom', 410285876);
INSERT INTO employee (eId, eName, ePhone) VALUES (120, 'Esther Avraham', 133610107);
INSERT INTO employee (eId, eName, ePhone) VALUES (121, 'Sarah Sharabi', 131404415);
INSERT INTO employee (eId, eName, ePhone) VALUES (122, 'Sarah Baruch', 752218016);
INSERT INTO employee (eId, eName, ePhone) VALUES (123, 'Yonatan Malka', 658733063);
INSERT INTO employee (eId, eName, ePhone) VALUES (124, 'Aharon Malka', 709073391);
INSERT INTO employee (eId, eName, ePhone) VALUES (125, 'Avigail Dayan', 905412392);
INSERT INTO employee (eId, eName, ePhone) VALUES (126, 'Yosef Baruch', 965095428);
INSERT INTO employee (eId, eName, ePhone) VALUES (127, 'Miriam Dayan', 828727150);
INSERT INTO employee (eId, eName, ePhone) VALUES (128, 'Avigail Tzadok', 149915969);
INSERT INTO employee (eId, eName, ePhone) VALUES (129, 'Miriam Shapira', 142148983);
INSERT INTO employee (eId, eName, ePhone) VALUES (130, 'Yonatan Dayan', 215181780);
INSERT INTO employee (eId, eName, ePhone) VALUES (131, 'David Tzadok', 636162774);
INSERT INTO employee (eId, eName, ePhone) VALUES (132, 'Shira Malka', 437133451);
INSERT INTO employee (eId, eName, ePhone) VALUES (133, 'Yosef Gabbay', 206690597);
INSERT INTO employee (eId, eName, ePhone) VALUES (134, 'Yael Peretz', 569192956);
INSERT INTO employee (eId, eName, ePhone) VALUES (135, 'David Tamir', 957472835);
INSERT INTO employee (eId, eName, ePhone) VALUES (136, 'Aharon Tzadok', 775921260);
INSERT INTO employee (eId, eName, ePhone) VALUES (137, 'Avigail Mizrahi', 159113172);
INSERT INTO employee (eId, eName, ePhone) VALUES (138, 'Miriam Tzadok', 495835302);
INSERT INTO employee (eId, eName, ePhone) VALUES (139, 'Miriam Shimon', 751259075);
INSERT INTO employee (eId, eName, ePhone) VALUES (140, 'Itay Baruch', 441040770);
INSERT INTO employee (eId, eName, ePhone) VALUES (141, 'Avigail Cohen', 297727502);
INSERT INTO employee (eId, eName, ePhone) VALUES (142, 'Aharon Levi', 220999925);
INSERT INTO employee (eId, eName, ePhone) VALUES (143, 'Moshe Avraham', 485433283);
INSERT INTO employee (eId, eName, ePhone) VALUES (144, 'Tamar Peretz', 728871897);
INSERT INTO employee (eId, eName, ePhone) VALUES (145, 'Yael Rahmani', 266369430);
INSERT INTO employee (eId, eName, ePhone) VALUES (146, 'Rachel Rahmani', 702731715);
INSERT INTO employee (eId, eName, ePhone) VALUES (147, 'Esther Tamir', 169065732);
INSERT INTO employee (eId, eName, ePhone) VALUES (148, 'Yosef Tamir', 245903734);
INSERT INTO employee (eId, eName, ePhone) VALUES (149, 'Itay Biton', 830365043);
INSERT INTO employee (eId, eName, ePhone) VALUES (150, 'Daniel Dayan', 682230945);
INSERT INTO employee (eId, eName, ePhone) VALUES (151, 'Daniel Levi', 203570681);
INSERT INTO employee (eId, eName, ePhone) VALUES (152, 'Aharon Mizrahi', 659179148);
INSERT INTO employee (eId, eName, ePhone) VALUES (153, 'Itay Segal', 210572242);
INSERT INTO employee (eId, eName, ePhone) VALUES (154, 'Avigail Ezra', 729241023);
INSERT INTO employee (eId, eName, ePhone) VALUES (155, 'Itay Avraham', 398461135);
INSERT INTO employee (eId, eName, ePhone) VALUES (156, 'David Avraham', 746761956);
INSERT INTO employee (eId, eName, ePhone) VALUES (157, 'Leah Ezra', 315352902);
INSERT INTO employee (eId, eName, ePhone) VALUES (158, 'Noa Shimon', 317568248);
INSERT INTO employee (eId, eName, ePhone) VALUES (159, 'Aharon Ezra', 167763931);
INSERT INTO employee (eId, eName, ePhone) VALUES (160, 'Yosef Sharabi', 207052685);
INSERT INTO employee (eId, eName, ePhone) VALUES (161, 'Itay Shalom', 310249964);
INSERT INTO employee (eId, eName, ePhone) VALUES (162, 'Noa Mizrahi', 542600534);
INSERT INTO employee (eId, eName, ePhone) VALUES (163, 'Esther Sharabi', 796211144);
INSERT INTO employee (eId, eName, ePhone) VALUES (164, 'Tamar Rahmani', 346177692);
INSERT INTO employee (eId, eName, ePhone) VALUES (165, 'Esther Cohen', 513385905);
INSERT INTO employee (eId, eName, ePhone) VALUES (166, 'Noa Ezra', 736354551);
INSERT INTO employee (eId, eName, ePhone) VALUES (167, 'Itay Cohen', 175953064);
INSERT INTO employee (eId, eName, ePhone) VALUES (168, 'Itay Peretz', 424302316);
INSERT INTO employee (eId, eName, ePhone) VALUES (169, 'Esther Katz', 322469727);
INSERT INTO employee (eId, eName, ePhone) VALUES (170, 'Avigail Sharabi', 454204272);
INSERT INTO employee (eId, eName, ePhone) VALUES (171, 'Tamar Sharabi', 899704318);
INSERT INTO employee (eId, eName, ePhone) VALUES (172, 'Esther Shimon', 435135804);
INSERT INTO employee (eId, eName, ePhone) VALUES (173, 'Rachel Dayan', 821824263);
INSERT INTO employee (eId, eName, ePhone) VALUES (174, 'Yael Ezra', 522364216);
INSERT INTO employee (eId, eName, ePhone) VALUES (175, 'Leah Sharabi', 738193639);
INSERT INTO employee (eId, eName, ePhone) VALUES (176, 'Moshe Malka', 410643076);
INSERT INTO employee (eId, eName, ePhone) VALUES (177, 'David Katz', 881250683);
INSERT INTO employee (eId, eName, ePhone) VALUES (178, 'Yosef Rahmani', 121529344);
INSERT INTO employee (eId, eName, ePhone) VALUES (179, 'Noa Biton', 211827018);
INSERT INTO employee (eId, eName, ePhone) VALUES (180, 'Omer Dayan', 799184781);
INSERT INTO employee (eId, eName, ePhone) VALUES (181, 'Moshe Baruch', 681237038);
INSERT INTO employee (eId, eName, ePhone) VALUES (182, 'Leah Tzadok', 780326748);
INSERT INTO employee (eId, eName, ePhone) VALUES (183, 'David Biton', 780236943);
INSERT INTO employee (eId, eName, ePhone) VALUES (184, 'Rachel Mizrahi', 206847521);
INSERT INTO employee (eId, eName, ePhone) VALUES (185, 'Eli Sharabi', 655252767);
INSERT INTO employee (eId, eName, ePhone) VALUES (186, 'Shira Tamir', 474156289);
INSERT INTO employee (eId, eName, ePhone) VALUES (187, 'Natan Katz', 967073892);
INSERT INTO employee (eId, eName, ePhone) VALUES (188, 'Daniel Shimon', 941938359);
INSERT INTO employee (eId, eName, ePhone) VALUES (189, 'Omer Biton', 608701050);
INSERT INTO employee (eId, eName, ePhone) VALUES (190, 'Noa Gabbay', 784623035);
INSERT INTO employee (eId, eName, ePhone) VALUES (191, 'Rachel Levi', 667805624);
INSERT INTO employee (eId, eName, ePhone) VALUES (192, 'Moshe Tamir', 439936891);
INSERT INTO employee (eId, eName, ePhone) VALUES (193, 'Yael Shalom', 431436929);
INSERT INTO employee (eId, eName, ePhone) VALUES (194, 'Yael Gabbay', 816189584);
INSERT INTO employee (eId, eName, ePhone) VALUES (195, 'Omer Baruch', 421267994);
INSERT INTO employee (eId, eName, ePhone) VALUES (196, 'Rachel Peretz', 711190898);
INSERT INTO employee (eId, eName, ePhone) VALUES (197, 'Avigail Levi', 716777112);
INSERT INTO employee (eId, eName, ePhone) VALUES (198, 'Sarah Biton', 426546936);
INSERT INTO employee (eId, eName, ePhone) VALUES (199, 'Moshe Segal', 992243520);
INSERT INTO employee (eId, eName, ePhone) VALUES (200, 'David Ezra', 407764739);
INSERT INTO employee (eId, eName, ePhone) VALUES (201, 'Miriam Mizrahi', 695759962);
INSERT INTO employee (eId, eName, ePhone) VALUES (202, 'Esther Tzadok', 190898944);
INSERT INTO employee (eId, eName, ePhone) VALUES (203, 'Sarah Shapira', 491320490);
INSERT INTO employee (eId, eName, ePhone) VALUES (204, 'Omer Shimon', 673949431);
INSERT INTO employee (eId, eName, ePhone) VALUES (205, 'Leah Rahmani', 731201993);
INSERT INTO employee (eId, eName, ePhone) VALUES (206, 'Avigail Biton', 466339903);
INSERT INTO employee (eId, eName, ePhone) VALUES (207, 'Esther Peretz', 203609223);
INSERT INTO employee (eId, eName, ePhone) VALUES (208, 'Avigail Katz', 918889094);
INSERT INTO employee (eId, eName, ePhone) VALUES (209, 'Moshe Katz', 507997151);
INSERT INTO employee (eId, eName, ePhone) VALUES (210, 'Noa Shapira', 696504489);
INSERT INTO employee (eId, eName, ePhone) VALUES (211, 'Yael Sharabi', 456057686);
INSERT INTO employee (eId, eName, ePhone) VALUES (212, 'Aharon Biton', 737272870);
INSERT INTO employee (eId, eName, ePhone) VALUES (213, 'Leah Mizrahi', 697683488);
INSERT INTO employee (eId, eName, ePhone) VALUES (214, 'Daniel Baruch', 737962928);
INSERT INTO employee (eId, eName, ePhone) VALUES (215, 'David Shapira', 990958022);
INSERT INTO employee (eId, eName, ePhone) VALUES (216, 'Aharon Cohen', 797085207);
INSERT INTO employee (eId, eName, ePhone) VALUES (217, 'Leah Tamir', 162475421);
INSERT INTO employee (eId, eName, ePhone) VALUES (218, 'David Rahmani', 263991352);
INSERT INTO employee (eId, eName, ePhone) VALUES (219, 'Daniel Tamir', 951306581);
INSERT INTO employee (eId, eName, ePhone) VALUES (220, 'Aharon Katz', 384759921);
INSERT INTO employee (eId, eName, ePhone) VALUES (221, 'Shira Gabbay', 518874103);
INSERT INTO employee (eId, eName, ePhone) VALUES (222, 'Rachel Malka', 108095861);
INSERT INTO employee (eId, eName, ePhone) VALUES (223, 'Eli Malka', 120844792);
INSERT INTO employee (eId, eName, ePhone) VALUES (224, 'Yonatan Shapira', 288915179);
INSERT INTO employee (eId, eName, ePhone) VALUES (225, 'Shira Dayan', 575951601);
INSERT INTO employee (eId, eName, ePhone) VALUES (226, 'Rachel Biton', 378323762);
INSERT INTO employee (eId, eName, ePhone) VALUES (227, 'Itay Rahmani', 359607412);
INSERT INTO employee (eId, eName, ePhone) VALUES (228, 'Avigail Baruch', 695183839);
INSERT INTO employee (eId, eName, ePhone) VALUES (229, 'Eli Biton', 145559963);
INSERT INTO employee (eId, eName, ePhone) VALUES (230, 'Tamar Dayan', 928894194);
INSERT INTO employee (eId, eName, ePhone) VALUES (231, 'Yonatan Rahmani', 287363808);
INSERT INTO employee (eId, eName, ePhone) VALUES (232, 'Yael Mizrahi', 336997203);
INSERT INTO employee (eId, eName, ePhone) VALUES (233, 'Noa Baruch', 940660358);
INSERT INTO employee (eId, eName, ePhone) VALUES (234, 'Aharon Peretz', 925903231);
INSERT INTO employee (eId, eName, ePhone) VALUES (235, 'Tamar Shimon', 762028232);
INSERT INTO employee (eId, eName, ePhone) VALUES (236, 'Yosef Dayan', 323621823);
INSERT INTO employee (eId, eName, ePhone) VALUES (237, 'Miriam Katz', 611278692);
INSERT INTO employee (eId, eName, ePhone) VALUES (238, 'Avigail Avraham', 424942668);
INSERT INTO employee (eId, eName, ePhone) VALUES (239, 'Eli Tamir', 556087894);
INSERT INTO employee (eId, eName, ePhone) VALUES (240, 'Leah Katz', 458866170);
INSERT INTO employee (eId, eName, ePhone) VALUES (241, 'Yonatan Avraham', 608234830);
INSERT INTO employee (eId, eName, ePhone) VALUES (242, 'Itay Ezra', 398619142);
INSERT INTO employee (eId, eName, ePhone) VALUES (243, 'Yonatan Levi', 900368281);
INSERT INTO employee (eId, eName, ePhone) VALUES (244, 'Noa Malka', 160328991);
INSERT INTO employee (eId, eName, ePhone) VALUES (245, 'Aharon Gabbay', 553779564);
INSERT INTO employee (eId, eName, ePhone) VALUES (246, 'Tamar Shapira', 758023173);
INSERT INTO employee (eId, eName, ePhone) VALUES (247, 'Moshe Biton', 889297371);
INSERT INTO employee (eId, eName, ePhone) VALUES (248, 'Natan Tzadok', 751520378);
INSERT INTO employee (eId, eName, ePhone) VALUES (249, 'Yonatan Biton', 710607320);
INSERT INTO employee (eId, eName, ePhone) VALUES (250, 'Yonatan Cohen', 132871079);
INSERT INTO employee (eId, eName, ePhone) VALUES (251, 'Miriam Gabbay', 883122927);
INSERT INTO employee (eId, eName, ePhone) VALUES (252, 'Eli Ezra', 254560201);
INSERT INTO employee (eId, eName, ePhone) VALUES (253, 'Yonatan Tzadok', 985490226);
INSERT INTO employee (eId, eName, ePhone) VALUES (254, 'Yosef Tzadok', 121241088);
INSERT INTO employee (eId, eName, ePhone) VALUES (255, 'Tamar Ezra', 764942485);
INSERT INTO employee (eId, eName, ePhone) VALUES (256, 'Aharon Dayan', 850820152);
INSERT INTO employee (eId, eName, ePhone) VALUES (257, 'Aharon Sharabi', 856917381);
INSERT INTO employee (eId, eName, ePhone) VALUES (258, 'Natan Baruch', 331027851);
INSERT INTO employee (eId, eName, ePhone) VALUES (259, 'Eli Peretz', 695633976);
INSERT INTO employee (eId, eName, ePhone) VALUES (260, 'Eli Tzadok', 551584390);
INSERT INTO employee (eId, eName, ePhone) VALUES (261, 'Esther Baruch', 932927944);
INSERT INTO employee (eId, eName, ePhone) VALUES (262, 'Omer Mizrahi', 728471156);
INSERT INTO employee (eId, eName, ePhone) VALUES (263, 'Leah Shalom', 508727463);
INSERT INTO employee (eId, eName, ePhone) VALUES (264, 'Aharon Shimon', 206160748);
INSERT INTO employee (eId, eName, ePhone) VALUES (265, 'Yosef Katz', 500948323);
INSERT INTO employee (eId, eName, ePhone) VALUES (266, 'Sarah Peretz', 785547151);
INSERT INTO employee (eId, eName, ePhone) VALUES (267, 'Yael Biton', 247478066);
INSERT INTO employee (eId, eName, ePhone) VALUES (268, 'Daniel Katz', 774358403);
INSERT INTO employee (eId, eName, ePhone) VALUES (269, 'Moshe Shimon', 157049780);
INSERT INTO employee (eId, eName, ePhone) VALUES (270, 'Sarah Malka', 723478287);
INSERT INTO employee (eId, eName, ePhone) VALUES (271, 'Noa Tamir', 247992245);
INSERT INTO employee (eId, eName, ePhone) VALUES (272, 'Eli Baruch', 606444905);
INSERT INTO employee (eId, eName, ePhone) VALUES (273, 'Avigail Shapira', 939552687);
INSERT INTO employee (eId, eName, ePhone) VALUES (274, 'Omer Sharabi', 691364430);
INSERT INTO employee (eId, eName, ePhone) VALUES (275, 'Aharon Avraham', 963469957);
INSERT INTO employee (eId, eName, ePhone) VALUES (276, 'Yosef Malka', 536219603);
INSERT INTO employee (eId, eName, ePhone) VALUES (277, 'Daniel Segal', 832494446);
INSERT INTO employee (eId, eName, ePhone) VALUES (278, 'Itay Tamir', 947582306);
INSERT INTO employee (eId, eName, ePhone) VALUES (279, 'Esther Segal', 458852013);
INSERT INTO employee (eId, eName, ePhone) VALUES (280, 'David Malka', 788105589);
INSERT INTO employee (eId, eName, ePhone) VALUES (281, 'Rachel Ezra', 264542762);
INSERT INTO employee (eId, eName, ePhone) VALUES (282, 'Miriam Ezra', 386672212);
INSERT INTO employee (eId, eName, ePhone) VALUES (283, 'Miriam Segal', 701419917);
INSERT INTO employee (eId, eName, ePhone) VALUES (284, 'Miriam Levi', 594126089);
INSERT INTO employee (eId, eName, ePhone) VALUES (285, 'Yael Tamir', 938907485);
INSERT INTO employee (eId, eName, ePhone) VALUES (286, 'David Peretz', 556643902);
INSERT INTO employee (eId, eName, ePhone) VALUES (287, 'Aharon Tamir', 749997411);
INSERT INTO employee (eId, eName, ePhone) VALUES (288, 'Natan Segal', 835048347);
INSERT INTO employee (eId, eName, ePhone) VALUES (289, 'Natan Sharabi', 175313602);
INSERT INTO employee (eId, eName, ePhone) VALUES (290, 'Yael Tzadok', 217753697);
INSERT INTO employee (eId, eName, ePhone) VALUES (291, 'Yael Shimon', 604621621);
INSERT INTO employee (eId, eName, ePhone) VALUES (292, 'Aharon Rahmani', 561304766);
INSERT INTO employee (eId, eName, ePhone) VALUES (293, 'Shira Mizrahi', 829532405);
INSERT INTO employee (eId, eName, ePhone) VALUES (294, 'Tamar Shalom', 198581112);
INSERT INTO employee (eId, eName, ePhone) VALUES (295, 'Yonatan Mizrahi', 390468109);
INSERT INTO employee (eId, eName, ePhone) VALUES (296, 'Shira Levi', 191775531);
INSERT INTO employee (eId, eName, ePhone) VALUES (297, 'Aharon Shalom', 192034943);
INSERT INTO employee (eId, eName, ePhone) VALUES (298, 'Tamar Mizrahi', 131780826);
INSERT INTO employee (eId, eName, ePhone) VALUES (299, 'Sarah Shalom', 548048229);
INSERT INTO employee (eId, eName, ePhone) VALUES (300, 'Leah Malka', 491697394);
INSERT INTO employee (eId, eName, ePhone) VALUES (301, 'Tamar Biton', 476981559);
INSERT INTO employee (eId, eName, ePhone) VALUES (302, 'Yael Segal', 365888328);
INSERT INTO employee (eId, eName, ePhone) VALUES (303, 'Noa Rahmani', 376896458);
INSERT INTO employee (eId, eName, ePhone) VALUES (304, 'Aharon Shapira', 801158412);
INSERT INTO employee (eId, eName, ePhone) VALUES (305, 'Yonatan Ezra', 779570805);
INSERT INTO employee (eId, eName, ePhone) VALUES (306, 'Moshe Rahmani', 689167516);
INSERT INTO employee (eId, eName, ePhone) VALUES (307, 'Daniel Malka', 557705366);
INSERT INTO employee (eId, eName, ePhone) VALUES (308, 'Moshe Shapira', 692164924);
INSERT INTO employee (eId, eName, ePhone) VALUES (309, 'Eli Gabbay', 729756528);
INSERT INTO employee (eId, eName, ePhone) VALUES (310, 'David Levi', 194090584);
INSERT INTO employee (eId, eName, ePhone) VALUES (311, 'Leah Gabbay', 299578877);
INSERT INTO employee (eId, eName, ePhone) VALUES (312, 'Moshe Ezra', 333233663);
INSERT INTO employee (eId, eName, ePhone) VALUES (313, 'Itay Sharabi', 868417332);
INSERT INTO employee (eId, eName, ePhone) VALUES (314, 'Leah Cohen', 592375129);
INSERT INTO employee (eId, eName, ePhone) VALUES (315, 'Omer Avraham', 557029533);
INSERT INTO employee (eId, eName, ePhone) VALUES (316, 'David Dayan', 155097670);
INSERT INTO employee (eId, eName, ePhone) VALUES (317, 'Daniel Sharabi', 146135696);
INSERT INTO employee (eId, eName, ePhone) VALUES (318, 'Sarah Dayan', 738118771);
INSERT INTO employee (eId, eName, ePhone) VALUES (319, 'Yonatan Gabbay', 179678742);
INSERT INTO employee (eId, eName, ePhone) VALUES (320, 'Yosef Mizrahi', 232495441);
INSERT INTO employee (eId, eName, ePhone) VALUES (321, 'Daniel Shalom', 620419598);
INSERT INTO employee (eId, eName, ePhone) VALUES (322, 'Omer Rahmani', 912077183);
INSERT INTO employee (eId, eName, ePhone) VALUES (323, 'David Cohen', 893626749);
INSERT INTO employee (eId, eName, ePhone) VALUES (324, 'Daniel Rahmani', 682236751);
INSERT INTO employee (eId, eName, ePhone) VALUES (325, 'Rachel Shimon', 527493996);
INSERT INTO employee (eId, eName, ePhone) VALUES (326, 'Leah Shimon', 921326081);
INSERT INTO employee (eId, eName, ePhone) VALUES (327, 'Eli Avraham', 398015217);
INSERT INTO employee (eId, eName, ePhone) VALUES (328, 'Eli Cohen', 203721359);
INSERT INTO employee (eId, eName, ePhone) VALUES (329, 'Noa Tzadok', 990269553);
INSERT INTO employee (eId, eName, ePhone) VALUES (330, 'Rachel Katz', 397839765);
INSERT INTO employee (eId, eName, ePhone) VALUES (331, 'Leah Biton', 853567969);
INSERT INTO employee (eId, eName, ePhone) VALUES (332, 'Moshe Levi', 387499759);
INSERT INTO employee (eId, eName, ePhone) VALUES (333, 'David Segal', 330887729);
INSERT INTO employee (eId, eName, ePhone) VALUES (334, 'David Baruch', 201585166);
INSERT INTO employee (eId, eName, ePhone) VALUES (335, 'Natan Shapira', 370716533);
INSERT INTO employee (eId, eName, ePhone) VALUES (336, 'Shira Cohen', 199744068);
INSERT INTO employee (eId, eName, ePhone) VALUES (337, 'Sarah Tzadok', 672502403);
INSERT INTO employee (eId, eName, ePhone) VALUES (338, 'Leah Levi', 138238092);
INSERT INTO employee (eId, eName, ePhone) VALUES (339, 'David Mizrahi', 180061773);
INSERT INTO employee (eId, eName, ePhone) VALUES (340, 'Shira Sharabi', 673941342);
INSERT INTO employee (eId, eName, ePhone) VALUES (341, 'Shira Baruch', 325608565);
INSERT INTO employee (eId, eName, ePhone) VALUES (342, 'Yonatan Baruch', 390855751);
INSERT INTO employee (eId, eName, ePhone) VALUES (343, 'Sarah Ezra', 917777245);
INSERT INTO employee (eId, eName, ePhone) VALUES (344, 'Shira Shapira', 839354582);
INSERT INTO employee (eId, eName, ePhone) VALUES (345, 'David Sharabi', 190350957);
INSERT INTO employee (eId, eName, ePhone) VALUES (346, 'Yonatan Shalom', 410367455);
INSERT INTO employee (eId, eName, ePhone) VALUES (347, 'Omer Cohen', 750521401);
INSERT INTO employee (eId, eName, ePhone) VALUES (348, 'Rachel Avraham', 299429777);
INSERT INTO employee (eId, eName, ePhone) VALUES (349, 'Natan Peretz', 350411920);
INSERT INTO employee (eId, eName, ePhone) VALUES (350, 'Sarah Avraham', 416361661);
INSERT INTO employee (eId, eName, ePhone) VALUES (351, 'Leah Dayan', 204388838);
INSERT INTO employee (eId, eName, ePhone) VALUES (352, 'Rachel Segal', 142344662);
INSERT INTO employee (eId, eName, ePhone) VALUES (353, 'Noa Dayan', 795444152);
INSERT INTO employee (eId, eName, ePhone) VALUES (354, 'Omer Segal', 294119019);
INSERT INTO employee (eId, eName, ePhone) VALUES (355, 'Moshe Shalom', 109299425);
INSERT INTO employee (eId, eName, ePhone) VALUES (356, 'Daniel Gabbay', 161075828);
INSERT INTO employee (eId, eName, ePhone) VALUES (357, 'David Shimon', 895766660);
INSERT INTO employee (eId, eName, ePhone) VALUES (358, 'Daniel Tzadok', 945643162);
INSERT INTO employee (eId, eName, ePhone) VALUES (359, 'Sarah Katz', 190091995);
INSERT INTO employee (eId, eName, ePhone) VALUES (360, 'Shira Biton', 325622687);
INSERT INTO employee (eId, eName, ePhone) VALUES (361, 'Eli Shimon', 106123085);
INSERT INTO employee (eId, eName, ePhone) VALUES (362, 'Yonatan Sharabi', 165194902);
INSERT INTO employee (eId, eName, ePhone) VALUES (363, 'Esther Shalom', 531432206);
INSERT INTO employee (eId, eName, ePhone) VALUES (364, 'Avigail Tamir', 740724386);
INSERT INTO employee (eId, eName, ePhone) VALUES (365, 'Miriam Shalom', 580237413);
INSERT INTO employee (eId, eName, ePhone) VALUES (366, 'Noa Segal', 550531230);
INSERT INTO employee (eId, eName, ePhone) VALUES (367, 'Rachel Gabbay', 127703721);
INSERT INTO employee (eId, eName, ePhone) VALUES (368, 'Tamar Katz', 759215639);
INSERT INTO employee (eId, eName, ePhone) VALUES (369, 'Tamar Cohen', 485796803);
INSERT INTO employee (eId, eName, ePhone) VALUES (370, 'Omer Katz', 264899190);
INSERT INTO employee (eId, eName, ePhone) VALUES (371, 'Daniel Ezra', 143889628);
INSERT INTO employee (eId, eName, ePhone) VALUES (372, 'Leah Shapira', 530480722);
INSERT INTO employee (eId, eName, ePhone) VALUES (373, 'Eli Segal', 769242638);
INSERT INTO employee (eId, eName, ePhone) VALUES (374, 'Rachel Sharabi', 158150074);
INSERT INTO employee (eId, eName, ePhone) VALUES (375, 'Tamar Segal', 941486578);
INSERT INTO employee (eId, eName, ePhone) VALUES (376, 'Yosef Avraham', 631212476);
INSERT INTO employee (eId, eName, ePhone) VALUES (377, 'Noa Shalom', 329814637);
INSERT INTO employee (eId, eName, ePhone) VALUES (378, 'Sarah Levi', 561684860);
INSERT INTO employee (eId, eName, ePhone) VALUES (379, 'Shira Shimon', 800148114);
INSERT INTO employee (eId, eName, ePhone) VALUES (380, 'Natan Shalom', 608502854);
INSERT INTO employee (eId, eName, ePhone) VALUES (381, 'Miriam Biton', 260960770);
INSERT INTO employee (eId, eName, ePhone) VALUES (382, 'Moshe Cohen', 421758103);
INSERT INTO employee (eId, eName, ePhone) VALUES (383, 'Natan Dayan', 991810101);
INSERT INTO employee (eId, eName, ePhone) VALUES (384, 'Noa Cohen', 676210906);
INSERT INTO employee (eId, eName, ePhone) VALUES (385, 'Natan Tamir', 239828453);
INSERT INTO employee (eId, eName, ePhone) VALUES (386, 'Rachel Tamir', 905775140);
INSERT INTO employee (eId, eName, ePhone) VALUES (387, 'Aharon Segal', 623540867);
INSERT INTO employee (eId, eName, ePhone) VALUES (388, 'Itay Mizrahi', 153918683);
INSERT INTO employee (eId, eName, ePhone) VALUES (389, 'Yael Levi', 118401503);
INSERT INTO employee (eId, eName, ePhone) VALUES (390, 'Moshe Dayan', 855249613);
INSERT INTO employee (eId, eName, ePhone) VALUES (391, 'Daniel Avraham', 593552258);
INSERT INTO employee (eId, eName, ePhone) VALUES (392, 'Noa Sharabi', 911529971);
INSERT INTO employee (eId, eName, ePhone) VALUES (393, 'Shira Katz', 512745263);
INSERT INTO employee (eId, eName, ePhone) VALUES (394, 'Yael Malka', 821764157);
INSERT INTO employee (eId, eName, ePhone) VALUES (395, 'Rachel Shalom', 513121724);
INSERT INTO employee (eId, eName, ePhone) VALUES (396, 'Omer Ezra', 615099883);
INSERT INTO employee (eId, eName, ePhone) VALUES (397, 'Tamar Tamir', 520588647);
INSERT INTO employee (eId, eName, ePhone) VALUES (398, 'Tamar Levi', 591453255);
INSERT INTO employee (eId, eName, ePhone) VALUES (399, 'Tamar Malka', 127281563);
INSERT INTO employee (eId, eName, ePhone) VALUES (400, 'Natan Mizrahi', 246549108);

-- Insert into role
INSERT INTO role (rId, alias, rStatus, eId) VALUES (1, 'Technician', 'active', 33);
INSERT INTO role (rId, alias, rStatus, eId) VALUES (2, 'Accountant', 'inactive', 357);
INSERT INTO role (rId, alias, rStatus, eId) VALUES (3, 'Accountant', 'inactive', 356);
INSERT INTO role (rId, alias, rStatus, eId) VALUES (4, 'Cleaner', 'active', 5);
INSERT INTO role (rId, alias, rStatus, eId) VALUES (5, 'Cashier', 'suspended', 237);
INSERT INTO role (rId, alias, rStatus, eId) VALUES (6, 'Marketing', 'suspended', 182);
INSERT INTO role (rId, alias, rStatus, eId) VALUES (7, 'Manager', 'active', 267);
INSERT INTO role (rId, alias, rStatus, eId) VALUES (8, 'HR', 'suspended', 379);
INSERT INTO role (rId, alias, rStatus, eId) VALUES (9, 'Supervisor', 'inactive', 357);
INSERT INTO role (rId, alias, rStatus, eId) VALUES (10, 'Accountant', 'suspended', 300);
INSERT INTO role (rId, alias, rStatus, eId) VALUES (11, 'Stocker', 'inactive', 16);
INSERT INTO role (rId, alias, rStatus, eId) VALUES (12, 'Cleaner', 'suspended', 20);
INSERT INTO role (rId, alias, rStatus, eId) VALUES (13, 'Security', 'suspended', 206);
INSERT INTO role (rId, alias, rStatus, eId) VALUES (14, 'Cashier', 'active', 63);
INSERT INTO role (rId, alias, rStatus, eId) VALUES (15, 'Cashier', 'suspended', 198);
INSERT INTO role (rId, alias, rStatus, eId) VALUES (16, 'Cashier', 'suspended', 154);
INSERT INTO role (rId, alias, rStatus, eId) VALUES (17, 'Technician', 'suspended', 373);
INSERT INTO role (rId, alias, rStatus, eId) VALUES (18, 'Manager', 'suspended', 64);
INSERT INTO role (rId, alias, rStatus, eId) VALUES (19, 'Manager', 'inactive', 250);
INSERT INTO role (rId, alias, rStatus, eId) VALUES (20, 'Cashier', 'inactive', 25);
INSERT INTO role (rId, alias, rStatus, eId) VALUES (21, 'Security', 'active', 326);
INSERT INTO role (rId, alias, rStatus, eId) VALUES (22, 'Technician', 'inactive', 383);
INSERT INTO role (rId, alias, rStatus, eId) VALUES (23, 'Accountant', 'inactive', 198);
INSERT INTO role (rId, alias, rStatus, eId) VALUES (24, 'Cashier', 'suspended', 68);
INSERT INTO role (rId, alias, rStatus, eId) VALUES (25, 'Manager', 'suspended', 200);
INSERT INTO role (rId, alias, rStatus, eId) VALUES (26, 'HR', 'active', 16);
INSERT INTO role (rId, alias, rStatus, eId) VALUES (27, 'Marketing', 'inactive', 340);
INSERT INTO role (rId, alias, rStatus, eId) VALUES (28, 'Marketing', 'active', 323);
INSERT INTO role (rId, alias, rStatus, eId) VALUES (29, 'Cleaner', 'suspended', 280);
INSERT INTO role (rId, alias, rStatus, eId) VALUES (30, 'Cleaner', 'suspended', 125);
INSERT INTO role (rId, alias, rStatus, eId) VALUES (31, 'Manager', 'active', 228);
INSERT INTO role (rId, alias, rStatus, eId) VALUES (32, 'Cashier', 'inactive', 207);
INSERT INTO role (rId, alias, rStatus, eId) VALUES (33, 'Supervisor', 'inactive', 398);
INSERT INTO role (rId, alias, rStatus, eId) VALUES (34, 'Accountant', 'inactive', 97);
INSERT INTO role (rId, alias, rStatus, eId) VALUES (35, 'Stocker', 'inactive', 276);
INSERT INTO role (rId, alias, rStatus, eId) VALUES (36, 'Marketing', 'active', 374);
INSERT INTO role (rId, alias, rStatus, eId) VALUES (37, 'HR', 'suspended', 149);
INSERT INTO role (rId, alias, rStatus, eId) VALUES (38, 'Cashier', 'suspended', 320);
INSERT INTO role (rId, alias, rStatus, eId) VALUES (39, 'Security', 'active', 302);
INSERT INTO role (rId, alias, rStatus, eId) VALUES (40, 'Technician', 'inactive', 140);
INSERT INTO role (rId, alias, rStatus, eId) VALUES (41, 'Accountant', 'inactive', 132);
INSERT INTO role (rId, alias, rStatus, eId) VALUES (42, 'Cleaner', 'inactive', 324);
INSERT INTO role (rId, alias, rStatus, eId) VALUES (43, 'HR', 'inactive', 375);
INSERT INTO role (rId, alias, rStatus, eId) VALUES (44, 'Stocker', 'suspended', 323);
INSERT INTO role (rId, alias, rStatus, eId) VALUES (45, 'HR', 'active', 262);
INSERT INTO role (rId, alias, rStatus, eId) VALUES (46, 'Cleaner', 'suspended', 215);
INSERT INTO role (rId, alias, rStatus, eId) VALUES (47, 'HR', 'suspended', 11);
INSERT INTO role (rId, alias, rStatus, eId) VALUES (48, 'Cleaner', 'active', 272);
INSERT INTO role (rId, alias, rStatus, eId) VALUES (49, 'Cashier', 'suspended', 32);
INSERT INTO role (rId, alias, rStatus, eId) VALUES (50, 'Stocker', 'active', 345);
INSERT INTO role (rId, alias, rStatus, eId) VALUES (51, 'Cashier', 'suspended', 18);
INSERT INTO role (rId, alias, rStatus, eId) VALUES (52, 'Security', 'inactive', 263);
INSERT INTO role (rId, alias, rStatus, eId) VALUES (53, 'Stocker', 'inactive', 332);
INSERT INTO role (rId, alias, rStatus, eId) VALUES (54, 'Cashier', 'suspended', 73);
INSERT INTO role (rId, alias, rStatus, eId) VALUES (55, 'Stocker', 'active', 290);
INSERT INTO role (rId, alias, rStatus, eId) VALUES (56, 'HR', 'active', 24);
INSERT INTO role (rId, alias, rStatus, eId) VALUES (57, 'Accountant', 'suspended', 233);
INSERT INTO role (rId, alias, rStatus, eId) VALUES (58, 'Manager', 'active', 60);
INSERT INTO role (rId, alias, rStatus, eId) VALUES (59, 'Technician', 'inactive', 232);
INSERT INTO role (rId, alias, rStatus, eId) VALUES (60, 'Manager', 'suspended', 280);
INSERT INTO role (rId, alias, rStatus, eId) VALUES (61, 'Accountant', 'inactive', 272);
INSERT INTO role (rId, alias, rStatus, eId) VALUES (62, 'Security', 'suspended', 108);
INSERT INTO role (rId, alias, rStatus, eId) VALUES (63, 'Supervisor', 'active', 370);
INSERT INTO role (rId, alias, rStatus, eId) VALUES (64, 'HR', 'active', 359);
INSERT INTO role (rId, alias, rStatus, eId) VALUES (65, 'Security', 'suspended', 177);
INSERT INTO role (rId, alias, rStatus, eId) VALUES (66, 'Supervisor', 'suspended', 275);
INSERT INTO role (rId, alias, rStatus, eId) VALUES (67, 'Accountant', 'active', 321);
INSERT INTO role (rId, alias, rStatus, eId) VALUES (68, 'Stocker', 'active', 56);
INSERT INTO role (rId, alias, rStatus, eId) VALUES (69, 'Manager', 'inactive', 269);
INSERT INTO role (rId, alias, rStatus, eId) VALUES (70, 'Accountant', 'inactive', 309);
INSERT INTO role (rId, alias, rStatus, eId) VALUES (71, 'Marketing', 'active', 178);
INSERT INTO role (rId, alias, rStatus, eId) VALUES (72, 'Cashier', 'active', 361);
INSERT INTO role (rId, alias, rStatus, eId) VALUES (73, 'Stocker', 'active', 188);
INSERT INTO role (rId, alias, rStatus, eId) VALUES (74, 'Cleaner', 'active', 249);
INSERT INTO role (rId, alias, rStatus, eId) VALUES (75, 'Stocker', 'suspended', 147);
INSERT INTO role (rId, alias, rStatus, eId) VALUES (76, 'HR', 'inactive', 400);
INSERT INTO role (rId, alias, rStatus, eId) VALUES (77, 'Technician', 'suspended', 187);
INSERT INTO role (rId, alias, rStatus, eId) VALUES (78, 'Supervisor', 'suspended', 301);
INSERT INTO role (rId, alias, rStatus, eId) VALUES (79, 'Technician', 'active', 52);
INSERT INTO role (rId, alias, rStatus, eId) VALUES (80, 'Security', 'inactive', 41);
INSERT INTO role (rId, alias, rStatus, eId) VALUES (81, 'Technician', 'active', 400);
INSERT INTO role (rId, alias, rStatus, eId) VALUES (82, 'HR', 'inactive', 190);
INSERT INTO role (rId, alias, rStatus, eId) VALUES (83, 'Supervisor', 'suspended', 138);
INSERT INTO role (rId, alias, rStatus, eId) VALUES (84, 'Manager', 'inactive', 35);
INSERT INTO role (rId, alias, rStatus, eId) VALUES (85, 'Security', 'suspended', 383);
INSERT INTO role (rId, alias, rStatus, eId) VALUES (86, 'Accountant', 'active', 263);
INSERT INTO role (rId, alias, rStatus, eId) VALUES (87, 'Stocker', 'suspended', 66);
INSERT INTO role (rId, alias, rStatus, eId) VALUES (88, 'Accountant', 'suspended', 53);
INSERT INTO role (rId, alias, rStatus, eId) VALUES (89, 'Security', 'active', 380);
INSERT INTO role (rId, alias, rStatus, eId) VALUES (90, 'HR', 'inactive', 214);
INSERT INTO role (rId, alias, rStatus, eId) VALUES (91, 'Manager', 'inactive', 236);
INSERT INTO role (rId, alias, rStatus, eId) VALUES (92, 'Manager', 'inactive', 43);
INSERT INTO role (rId, alias, rStatus, eId) VALUES (93, 'Technician', 'suspended', 278);
INSERT INTO role (rId, alias, rStatus, eId) VALUES (94, 'Stocker', 'inactive', 61);
INSERT INTO role (rId, alias, rStatus, eId) VALUES (95, 'Stocker', 'active', 253);
INSERT INTO role (rId, alias, rStatus, eId) VALUES (96, 'Stocker', 'active', 75);
INSERT INTO role (rId, alias, rStatus, eId) VALUES (97, 'Marketing', 'suspended', 215);
INSERT INTO role (rId, alias, rStatus, eId) VALUES (98, 'Supervisor', 'active', 218);
INSERT INTO role (rId, alias, rStatus, eId) VALUES (99, 'Accountant', 'suspended', 365);
INSERT INTO role (rId, alias, rStatus, eId) VALUES (100, 'Supervisor', 'active', 195);
INSERT INTO role (rId, alias, rStatus, eId) VALUES (101, 'Technician', 'inactive', 400);
INSERT INTO role (rId, alias, rStatus, eId) VALUES (102, 'Supervisor', 'active', 161);
INSERT INTO role (rId, alias, rStatus, eId) VALUES (103, 'Manager', 'inactive', 226);
INSERT INTO role (rId, alias, rStatus, eId) VALUES (104, 'Security', 'active', 244);
INSERT INTO role (rId, alias, rStatus, eId) VALUES (105, 'Accountant', 'suspended', 392);
INSERT INTO role (rId, alias, rStatus, eId) VALUES (106, 'Stocker', 'inactive', 198);
INSERT INTO role (rId, alias, rStatus, eId) VALUES (107, 'Marketing', 'inactive', 149);
INSERT INTO role (rId, alias, rStatus, eId) VALUES (108, 'Marketing', 'inactive', 85);
INSERT INTO role (rId, alias, rStatus, eId) VALUES (109, 'Accountant', 'suspended', 337);
INSERT INTO role (rId, alias, rStatus, eId) VALUES (110, 'Marketing', 'suspended', 33);
INSERT INTO role (rId, alias, rStatus, eId) VALUES (111, 'HR', 'active', 180);
INSERT INTO role (rId, alias, rStatus, eId) VALUES (112, 'Stocker', 'suspended', 375);
INSERT INTO role (rId, alias, rStatus, eId) VALUES (113, 'Security', 'inactive', 277);
INSERT INTO role (rId, alias, rStatus, eId) VALUES (114, 'Marketing', 'suspended', 170);
INSERT INTO role (rId, alias, rStatus, eId) VALUES (115, 'Cleaner', 'inactive', 110);
INSERT INTO role (rId, alias, rStatus, eId) VALUES (116, 'Technician', 'active', 252);
INSERT INTO role (rId, alias, rStatus, eId) VALUES (117, 'Manager', 'inactive', 151);
INSERT INTO role (rId, alias, rStatus, eId) VALUES (118, 'Cashier', 'active', 100);
INSERT INTO role (rId, alias, rStatus, eId) VALUES (119, 'Security', 'inactive', 240);
INSERT INTO role (rId, alias, rStatus, eId) VALUES (120, 'Security', 'inactive', 239);
INSERT INTO role (rId, alias, rStatus, eId) VALUES (121, 'Cleaner', 'active', 207);
INSERT INTO role (rId, alias, rStatus, eId) VALUES (122, 'Manager', 'inactive', 84);
INSERT INTO role (rId, alias, rStatus, eId) VALUES (123, 'Cashier', 'inactive', 351);
INSERT INTO role (rId, alias, rStatus, eId) VALUES (124, 'HR', 'suspended', 312);
INSERT INTO role (rId, alias, rStatus, eId) VALUES (125, 'Technician', 'inactive', 377);
INSERT INTO role (rId, alias, rStatus, eId) VALUES (126, 'Manager', 'suspended', 196);
INSERT INTO role (rId, alias, rStatus, eId) VALUES (127, 'Marketing', 'active', 318);
INSERT INTO role (rId, alias, rStatus, eId) VALUES (128, 'HR', 'suspended', 208);
INSERT INTO role (rId, alias, rStatus, eId) VALUES (129, 'HR', 'inactive', 324);
INSERT INTO role (rId, alias, rStatus, eId) VALUES (130, 'Stocker', 'active', 396);
INSERT INTO role (rId, alias, rStatus, eId) VALUES (131, 'Accountant', 'inactive', 250);
INSERT INTO role (rId, alias, rStatus, eId) VALUES (132, 'Marketing', 'inactive', 319);
INSERT INTO role (rId, alias, rStatus, eId) VALUES (133, 'Cleaner', 'suspended', 231);
INSERT INTO role (rId, alias, rStatus, eId) VALUES (134, 'Stocker', 'active', 93);
INSERT INTO role (rId, alias, rStatus, eId) VALUES (135, 'Technician', 'active', 113);
INSERT INTO role (rId, alias, rStatus, eId) VALUES (136, 'Marketing', 'active', 55);
INSERT INTO role (rId, alias, rStatus, eId) VALUES (137, 'Accountant', 'active', 83);
INSERT INTO role (rId, alias, rStatus, eId) VALUES (138, 'HR', 'suspended', 141);
INSERT INTO role (rId, alias, rStatus, eId) VALUES (139, 'Technician', 'suspended', 260);
INSERT INTO role (rId, alias, rStatus, eId) VALUES (140, 'Manager', 'suspended', 21);
INSERT INTO role (rId, alias, rStatus, eId) VALUES (141, 'Stocker', 'suspended', 38);
INSERT INTO role (rId, alias, rStatus, eId) VALUES (142, 'Cashier', 'inactive', 222);
INSERT INTO role (rId, alias, rStatus, eId) VALUES (143, 'Technician', 'inactive', 240);
INSERT INTO role (rId, alias, rStatus, eId) VALUES (144, 'Technician', 'active', 183);
INSERT INTO role (rId, alias, rStatus, eId) VALUES (145, 'Technician', 'active', 217);
INSERT INTO role (rId, alias, rStatus, eId) VALUES (146, 'Cashier', 'suspended', 53);
INSERT INTO role (rId, alias, rStatus, eId) VALUES (147, 'Technician', 'active', 16);
INSERT INTO role (rId, alias, rStatus, eId) VALUES (148, 'HR', 'active', 267);
INSERT INTO role (rId, alias, rStatus, eId) VALUES (149, 'Technician', 'inactive', 100);
INSERT INTO role (rId, alias, rStatus, eId) VALUES (150, 'Supervisor', 'active', 105);
INSERT INTO role (rId, alias, rStatus, eId) VALUES (151, 'Supervisor', 'inactive', 307);
INSERT INTO role (rId, alias, rStatus, eId) VALUES (152, 'Technician', 'inactive', 170);
INSERT INTO role (rId, alias, rStatus, eId) VALUES (153, 'Technician', 'inactive', 113);
INSERT INTO role (rId, alias, rStatus, eId) VALUES (154, 'Cleaner', 'suspended', 271);
INSERT INTO role (rId, alias, rStatus, eId) VALUES (155, 'Cleaner', 'suspended', 394);
INSERT INTO role (rId, alias, rStatus, eId) VALUES (156, 'Manager', 'inactive', 204);
INSERT INTO role (rId, alias, rStatus, eId) VALUES (157, 'Cashier', 'active', 24);
INSERT INTO role (rId, alias, rStatus, eId) VALUES (158, 'Cleaner', 'suspended', 300);
INSERT INTO role (rId, alias, rStatus, eId) VALUES (159, 'Security', 'active', 231);
INSERT INTO role (rId, alias, rStatus, eId) VALUES (160, 'Manager', 'inactive', 370);
INSERT INTO role (rId, alias, rStatus, eId) VALUES (161, 'Cleaner', 'suspended', 93);
INSERT INTO role (rId, alias, rStatus, eId) VALUES (162, 'Cleaner', 'active', 36);
INSERT INTO role (rId, alias, rStatus, eId) VALUES (163, 'Technician', 'suspended', 346);
INSERT INTO role (rId, alias, rStatus, eId) VALUES (164, 'HR', 'suspended', 45);
INSERT INTO role (rId, alias, rStatus, eId) VALUES (165, 'Stocker', 'active', 291);
INSERT INTO role (rId, alias, rStatus, eId) VALUES (166, 'Security', 'active', 344);
INSERT INTO role (rId, alias, rStatus, eId) VALUES (167, 'Cleaner', 'suspended', 194);
INSERT INTO role (rId, alias, rStatus, eId) VALUES (168, 'Stocker', 'active', 168);
INSERT INTO role (rId, alias, rStatus, eId) VALUES (169, 'Stocker', 'active', 105);
INSERT INTO role (rId, alias, rStatus, eId) VALUES (170, 'Supervisor', 'active', 104);
INSERT INTO role (rId, alias, rStatus, eId) VALUES (171, 'Stocker', 'suspended', 360);
INSERT INTO role (rId, alias, rStatus, eId) VALUES (172, 'Marketing', 'active', 210);
INSERT INTO role (rId, alias, rStatus, eId) VALUES (173, 'Cleaner', 'active', 294);
INSERT INTO role (rId, alias, rStatus, eId) VALUES (174, 'Technician', 'suspended', 143);
INSERT INTO role (rId, alias, rStatus, eId) VALUES (175, 'Technician', 'inactive', 188);
INSERT INTO role (rId, alias, rStatus, eId) VALUES (176, 'Technician', 'inactive', 192);
INSERT INTO role (rId, alias, rStatus, eId) VALUES (177, 'Supervisor', 'active', 77);
INSERT INTO role (rId, alias, rStatus, eId) VALUES (178, 'Cashier', 'active', 373);
INSERT INTO role (rId, alias, rStatus, eId) VALUES (179, 'Technician', 'active', 14);
INSERT INTO role (rId, alias, rStatus, eId) VALUES (180, 'Stocker', 'inactive', 212);
INSERT INTO role (rId, alias, rStatus, eId) VALUES (181, 'HR', 'inactive', 61);
INSERT INTO role (rId, alias, rStatus, eId) VALUES (182, 'Security', 'suspended', 360);
INSERT INTO role (rId, alias, rStatus, eId) VALUES (183, 'Technician', 'active', 236);
INSERT INTO role (rId, alias, rStatus, eId) VALUES (184, 'Marketing', 'inactive', 177);
INSERT INTO role (rId, alias, rStatus, eId) VALUES (185, 'Cleaner', 'suspended', 383);
INSERT INTO role (rId, alias, rStatus, eId) VALUES (186, 'Cashier', 'inactive', 178);
INSERT INTO role (rId, alias, rStatus, eId) VALUES (187, 'Accountant', 'active', 68);
INSERT INTO role (rId, alias, rStatus, eId) VALUES (188, 'Cleaner', 'active', 212);
INSERT INTO role (rId, alias, rStatus, eId) VALUES (189, 'Marketing', 'active', 116);
INSERT INTO role (rId, alias, rStatus, eId) VALUES (190, 'Security', 'active', 131);
INSERT INTO role (rId, alias, rStatus, eId) VALUES (191, 'Cashier', 'suspended', 4);
INSERT INTO role (rId, alias, rStatus, eId) VALUES (192, 'Cleaner', 'inactive', 215);
INSERT INTO role (rId, alias, rStatus, eId) VALUES (193, 'Technician', 'inactive', 338);
INSERT INTO role (rId, alias, rStatus, eId) VALUES (194, 'Accountant', 'suspended', 208);
INSERT INTO role (rId, alias, rStatus, eId) VALUES (195, 'Accountant', 'inactive', 347);
INSERT INTO role (rId, alias, rStatus, eId) VALUES (196, 'Manager', 'suspended', 370);
INSERT INTO role (rId, alias, rStatus, eId) VALUES (197, 'Manager', 'suspended', 149);
INSERT INTO role (rId, alias, rStatus, eId) VALUES (198, 'Stocker', 'suspended', 284);
INSERT INTO role (rId, alias, rStatus, eId) VALUES (199, 'Manager', 'inactive', 143);
INSERT INTO role (rId, alias, rStatus, eId) VALUES (200, 'Accountant', 'active', 186);
INSERT INTO role (rId, alias, rStatus, eId) VALUES (201, 'Supervisor', 'inactive', 325);
INSERT INTO role (rId, alias, rStatus, eId) VALUES (202, 'Accountant', 'inactive', 300);
INSERT INTO role (rId, alias, rStatus, eId) VALUES (203, 'Supervisor', 'suspended', 284);
INSERT INTO role (rId, alias, rStatus, eId) VALUES (204, 'Security', 'suspended', 73);
INSERT INTO role (rId, alias, rStatus, eId) VALUES (205, 'Technician', 'active', 50);
INSERT INTO role (rId, alias, rStatus, eId) VALUES (206, 'Security', 'active', 38);
INSERT INTO role (rId, alias, rStatus, eId) VALUES (207, 'Technician', 'inactive', 6);
INSERT INTO role (rId, alias, rStatus, eId) VALUES (208, 'HR', 'suspended', 212);
INSERT INTO role (rId, alias, rStatus, eId) VALUES (209, 'Marketing', 'suspended', 131);
INSERT INTO role (rId, alias, rStatus, eId) VALUES (210, 'Security', 'active', 65);
INSERT INTO role (rId, alias, rStatus, eId) VALUES (211, 'Manager', 'active', 197);
INSERT INTO role (rId, alias, rStatus, eId) VALUES (212, 'Security', 'active', 167);
INSERT INTO role (rId, alias, rStatus, eId) VALUES (213, 'Stocker', 'active', 392);
INSERT INTO role (rId, alias, rStatus, eId) VALUES (214, 'Accountant', 'suspended', 287);
INSERT INTO role (rId, alias, rStatus, eId) VALUES (215, 'Cleaner', 'active', 100);
INSERT INTO role (rId, alias, rStatus, eId) VALUES (216, 'Supervisor', 'inactive', 91);
INSERT INTO role (rId, alias, rStatus, eId) VALUES (217, 'HR', 'active', 70);
INSERT INTO role (rId, alias, rStatus, eId) VALUES (218, 'Cleaner', 'active', 331);
INSERT INTO role (rId, alias, rStatus, eId) VALUES (219, 'Accountant', 'active', 13);
INSERT INTO role (rId, alias, rStatus, eId) VALUES (220, 'Stocker', 'inactive', 194);
INSERT INTO role (rId, alias, rStatus, eId) VALUES (221, 'Accountant', 'inactive', 78);
INSERT INTO role (rId, alias, rStatus, eId) VALUES (222, 'Marketing', 'inactive', 253);
INSERT INTO role (rId, alias, rStatus, eId) VALUES (223, 'Cleaner', 'suspended', 234);
INSERT INTO role (rId, alias, rStatus, eId) VALUES (224, 'HR', 'inactive', 239);
INSERT INTO role (rId, alias, rStatus, eId) VALUES (225, 'Marketing', 'inactive', 151);
INSERT INTO role (rId, alias, rStatus, eId) VALUES (226, 'Security', 'suspended', 312);
INSERT INTO role (rId, alias, rStatus, eId) VALUES (227, 'Cleaner', 'suspended', 165);
INSERT INTO role (rId, alias, rStatus, eId) VALUES (228, 'Marketing', 'inactive', 166);
INSERT INTO role (rId, alias, rStatus, eId) VALUES (229, 'Security', 'inactive', 282);
INSERT INTO role (rId, alias, rStatus, eId) VALUES (230, 'Stocker', 'suspended', 2);
INSERT INTO role (rId, alias, rStatus, eId) VALUES (231, 'Supervisor', 'active', 302);
INSERT INTO role (rId, alias, rStatus, eId) VALUES (232, 'Marketing', 'inactive', 346);
INSERT INTO role (rId, alias, rStatus, eId) VALUES (233, 'HR', 'suspended', 155);
INSERT INTO role (rId, alias, rStatus, eId) VALUES (234, 'Technician', 'active', 398);
INSERT INTO role (rId, alias, rStatus, eId) VALUES (235, 'HR', 'active', 142);
INSERT INTO role (rId, alias, rStatus, eId) VALUES (236, 'Cleaner', 'inactive', 208);
INSERT INTO role (rId, alias, rStatus, eId) VALUES (237, 'Security', 'inactive', 213);
INSERT INTO role (rId, alias, rStatus, eId) VALUES (238, 'Supervisor', 'inactive', 304);
INSERT INTO role (rId, alias, rStatus, eId) VALUES (239, 'HR', 'suspended', 198);
INSERT INTO role (rId, alias, rStatus, eId) VALUES (240, 'Security', 'inactive', 349);
INSERT INTO role (rId, alias, rStatus, eId) VALUES (241, 'Manager', 'inactive', 14);
INSERT INTO role (rId, alias, rStatus, eId) VALUES (242, 'Stocker', 'suspended', 318);
INSERT INTO role (rId, alias, rStatus, eId) VALUES (243, 'Supervisor', 'inactive', 41);
INSERT INTO role (rId, alias, rStatus, eId) VALUES (244, 'Cashier', 'inactive', 243);
INSERT INTO role (rId, alias, rStatus, eId) VALUES (245, 'Security', 'active', 302);
INSERT INTO role (rId, alias, rStatus, eId) VALUES (246, 'Technician', 'active', 335);
INSERT INTO role (rId, alias, rStatus, eId) VALUES (247, 'HR', 'active', 76);
INSERT INTO role (rId, alias, rStatus, eId) VALUES (248, 'Marketing', 'suspended', 276);
INSERT INTO role (rId, alias, rStatus, eId) VALUES (249, 'Cleaner', 'suspended', 106);
INSERT INTO role (rId, alias, rStatus, eId) VALUES (250, 'Stocker', 'active', 39);
INSERT INTO role (rId, alias, rStatus, eId) VALUES (251, 'Technician', 'suspended', 387);
INSERT INTO role (rId, alias, rStatus, eId) VALUES (252, 'Cleaner', 'active', 198);
INSERT INTO role (rId, alias, rStatus, eId) VALUES (253, 'Stocker', 'inactive', 265);
INSERT INTO role (rId, alias, rStatus, eId) VALUES (254, 'Marketing', 'active', 183);
INSERT INTO role (rId, alias, rStatus, eId) VALUES (255, 'Technician', 'inactive', 349);
INSERT INTO role (rId, alias, rStatus, eId) VALUES (256, 'Security', 'active', 252);
INSERT INTO role (rId, alias, rStatus, eId) VALUES (257, 'Cashier', 'active', 37);
INSERT INTO role (rId, alias, rStatus, eId) VALUES (258, 'Supervisor', 'inactive', 301);
INSERT INTO role (rId, alias, rStatus, eId) VALUES (259, 'Supervisor', 'active', 50);
INSERT INTO role (rId, alias, rStatus, eId) VALUES (260, 'Security', 'inactive', 381);
INSERT INTO role (rId, alias, rStatus, eId) VALUES (261, 'Cleaner', 'inactive', 363);
INSERT INTO role (rId, alias, rStatus, eId) VALUES (262, 'Security', 'suspended', 350);
INSERT INTO role (rId, alias, rStatus, eId) VALUES (263, 'Stocker', 'suspended', 124);
INSERT INTO role (rId, alias, rStatus, eId) VALUES (264, 'Cashier', 'active', 90);
INSERT INTO role (rId, alias, rStatus, eId) VALUES (265, 'Supervisor', 'active', 99);
INSERT INTO role (rId, alias, rStatus, eId) VALUES (266, 'Security', 'inactive', 121);
INSERT INTO role (rId, alias, rStatus, eId) VALUES (267, 'Accountant', 'suspended', 139);
INSERT INTO role (rId, alias, rStatus, eId) VALUES (268, 'Security', 'suspended', 103);
INSERT INTO role (rId, alias, rStatus, eId) VALUES (269, 'Supervisor', 'inactive', 153);
INSERT INTO role (rId, alias, rStatus, eId) VALUES (270, 'Manager', 'active', 47);
INSERT INTO role (rId, alias, rStatus, eId) VALUES (271, 'Supervisor', 'suspended', 28);
INSERT INTO role (rId, alias, rStatus, eId) VALUES (272, 'Cleaner', 'suspended', 336);
INSERT INTO role (rId, alias, rStatus, eId) VALUES (273, 'Technician', 'suspended', 156);
INSERT INTO role (rId, alias, rStatus, eId) VALUES (274, 'Manager', 'suspended', 308);
INSERT INTO role (rId, alias, rStatus, eId) VALUES (275, 'Technician', 'suspended', 152);
INSERT INTO role (rId, alias, rStatus, eId) VALUES (276, 'Marketing', 'suspended', 302);
INSERT INTO role (rId, alias, rStatus, eId) VALUES (277, 'Stocker', 'inactive', 389);
INSERT INTO role (rId, alias, rStatus, eId) VALUES (278, 'Cashier', 'suspended', 125);
INSERT INTO role (rId, alias, rStatus, eId) VALUES (279, 'Manager', 'suspended', 179);
INSERT INTO role (rId, alias, rStatus, eId) VALUES (280, 'Cashier', 'inactive', 107);
INSERT INTO role (rId, alias, rStatus, eId) VALUES (281, 'Accountant', 'suspended', 181);
INSERT INTO role (rId, alias, rStatus, eId) VALUES (282, 'Marketing', 'suspended', 138);
INSERT INTO role (rId, alias, rStatus, eId) VALUES (283, 'Cleaner', 'inactive', 394);
INSERT INTO role (rId, alias, rStatus, eId) VALUES (284, 'Marketing', 'suspended', 273);
INSERT INTO role (rId, alias, rStatus, eId) VALUES (285, 'Stocker', 'inactive', 178);
INSERT INTO role (rId, alias, rStatus, eId) VALUES (286, 'Cashier', 'suspended', 69);
INSERT INTO role (rId, alias, rStatus, eId) VALUES (287, 'Stocker', 'inactive', 332);
INSERT INTO role (rId, alias, rStatus, eId) VALUES (288, 'HR', 'active', 268);
INSERT INTO role (rId, alias, rStatus, eId) VALUES (289, 'Cashier', 'active', 198);
INSERT INTO role (rId, alias, rStatus, eId) VALUES (290, 'HR', 'inactive', 229);
INSERT INTO role (rId, alias, rStatus, eId) VALUES (291, 'Stocker', 'inactive', 299);
INSERT INTO role (rId, alias, rStatus, eId) VALUES (292, 'Marketing', 'suspended', 318);
INSERT INTO role (rId, alias, rStatus, eId) VALUES (293, 'Accountant', 'inactive', 134);
INSERT INTO role (rId, alias, rStatus, eId) VALUES (294, 'Technician', 'suspended', 161);
INSERT INTO role (rId, alias, rStatus, eId) VALUES (295, 'Supervisor', 'suspended', 319);
INSERT INTO role (rId, alias, rStatus, eId) VALUES (296, 'Manager', 'inactive', 348);
INSERT INTO role (rId, alias, rStatus, eId) VALUES (297, 'Cleaner', 'inactive', 230);
INSERT INTO role (rId, alias, rStatus, eId) VALUES (298, 'Cleaner', 'active', 296);
INSERT INTO role (rId, alias, rStatus, eId) VALUES (299, 'Accountant', 'active', 250);
INSERT INTO role (rId, alias, rStatus, eId) VALUES (300, 'Accountant', 'suspended', 213);
INSERT INTO role (rId, alias, rStatus, eId) VALUES (301, 'Technician', 'active', 27);
INSERT INTO role (rId, alias, rStatus, eId) VALUES (302, 'Cleaner', 'suspended', 149);
INSERT INTO role (rId, alias, rStatus, eId) VALUES (303, 'HR', 'suspended', 376);
INSERT INTO role (rId, alias, rStatus, eId) VALUES (304, 'Supervisor', 'active', 268);
INSERT INTO role (rId, alias, rStatus, eId) VALUES (305, 'Manager', 'suspended', 399);
INSERT INTO role (rId, alias, rStatus, eId) VALUES (306, 'Accountant', 'suspended', 58);
INSERT INTO role (rId, alias, rStatus, eId) VALUES (307, 'Cashier', 'active', 131);
INSERT INTO role (rId, alias, rStatus, eId) VALUES (308, 'Supervisor', 'inactive', 320);
INSERT INTO role (rId, alias, rStatus, eId) VALUES (309, 'Cashier', 'inactive', 348);
INSERT INTO role (rId, alias, rStatus, eId) VALUES (310, 'Manager', 'active', 37);
INSERT INTO role (rId, alias, rStatus, eId) VALUES (311, 'Cleaner', 'active', 179);
INSERT INTO role (rId, alias, rStatus, eId) VALUES (312, 'Technician', 'suspended', 269);
INSERT INTO role (rId, alias, rStatus, eId) VALUES (313, 'Cleaner', 'inactive', 296);
INSERT INTO role (rId, alias, rStatus, eId) VALUES (314, 'Security', 'inactive', 77);
INSERT INTO role (rId, alias, rStatus, eId) VALUES (315, 'Manager', 'active', 73);
INSERT INTO role (rId, alias, rStatus, eId) VALUES (316, 'Supervisor', 'suspended', 268);
INSERT INTO role (rId, alias, rStatus, eId) VALUES (317, 'HR', 'suspended', 54);
INSERT INTO role (rId, alias, rStatus, eId) VALUES (318, 'Stocker', 'suspended', 307);
INSERT INTO role (rId, alias, rStatus, eId) VALUES (319, 'HR', 'suspended', 93);
INSERT INTO role (rId, alias, rStatus, eId) VALUES (320, 'Marketing', 'suspended', 303);
INSERT INTO role (rId, alias, rStatus, eId) VALUES (321, 'Security', 'inactive', 287);
INSERT INTO role (rId, alias, rStatus, eId) VALUES (322, 'Security', 'suspended', 179);
INSERT INTO role (rId, alias, rStatus, eId) VALUES (323, 'Manager', 'suspended', 247);
INSERT INTO role (rId, alias, rStatus, eId) VALUES (324, 'Accountant', 'active', 150);
INSERT INTO role (rId, alias, rStatus, eId) VALUES (325, 'Marketing', 'active', 322);
INSERT INTO role (rId, alias, rStatus, eId) VALUES (326, 'Technician', 'suspended', 140);
INSERT INTO role (rId, alias, rStatus, eId) VALUES (327, 'Technician', 'inactive', 255);
INSERT INTO role (rId, alias, rStatus, eId) VALUES (328, 'Cleaner', 'inactive', 221);
INSERT INTO role (rId, alias, rStatus, eId) VALUES (329, 'Supervisor', 'active', 185);
INSERT INTO role (rId, alias, rStatus, eId) VALUES (330, 'Security', 'suspended', 16);
INSERT INTO role (rId, alias, rStatus, eId) VALUES (331, 'Technician', 'active', 78);
INSERT INTO role (rId, alias, rStatus, eId) VALUES (332, 'Technician', 'active', 273);
INSERT INTO role (rId, alias, rStatus, eId) VALUES (333, 'Stocker', 'inactive', 395);
INSERT INTO role (rId, alias, rStatus, eId) VALUES (334, 'Accountant', 'active', 325);
INSERT INTO role (rId, alias, rStatus, eId) VALUES (335, 'Security', 'active', 390);
INSERT INTO role (rId, alias, rStatus, eId) VALUES (336, 'Manager', 'active', 284);
INSERT INTO role (rId, alias, rStatus, eId) VALUES (337, 'Accountant', 'inactive', 369);
INSERT INTO role (rId, alias, rStatus, eId) VALUES (338, 'Cleaner', 'suspended', 314);
INSERT INTO role (rId, alias, rStatus, eId) VALUES (339, 'Marketing', 'active', 116);
INSERT INTO role (rId, alias, rStatus, eId) VALUES (340, 'Stocker', 'inactive', 318);
INSERT INTO role (rId, alias, rStatus, eId) VALUES (341, 'HR', 'active', 389);
INSERT INTO role (rId, alias, rStatus, eId) VALUES (342, 'Stocker', 'suspended', 372);
INSERT INTO role (rId, alias, rStatus, eId) VALUES (343, 'HR', 'inactive', 360);
INSERT INTO role (rId, alias, rStatus, eId) VALUES (344, 'Accountant', 'active', 168);
INSERT INTO role (rId, alias, rStatus, eId) VALUES (345, 'Technician', 'active', 75);
INSERT INTO role (rId, alias, rStatus, eId) VALUES (346, 'Manager', 'suspended', 92);
INSERT INTO role (rId, alias, rStatus, eId) VALUES (347, 'Manager', 'suspended', 48);
INSERT INTO role (rId, alias, rStatus, eId) VALUES (348, 'Cashier', 'inactive', 13);
INSERT INTO role (rId, alias, rStatus, eId) VALUES (349, 'HR', 'inactive', 290);
INSERT INTO role (rId, alias, rStatus, eId) VALUES (350, 'Cleaner', 'inactive', 359);
INSERT INTO role (rId, alias, rStatus, eId) VALUES (351, 'HR', 'inactive', 181);
INSERT INTO role (rId, alias, rStatus, eId) VALUES (352, 'Supervisor', 'active', 21);
INSERT INTO role (rId, alias, rStatus, eId) VALUES (353, 'Manager', 'active', 204);
INSERT INTO role (rId, alias, rStatus, eId) VALUES (354, 'Stocker', 'active', 368);
INSERT INTO role (rId, alias, rStatus, eId) VALUES (355, 'Technician', 'active', 29);
INSERT INTO role (rId, alias, rStatus, eId) VALUES (356, 'Security', 'inactive', 197);
INSERT INTO role (rId, alias, rStatus, eId) VALUES (357, 'Cashier', 'suspended', 311);
INSERT INTO role (rId, alias, rStatus, eId) VALUES (358, 'Stocker', 'suspended', 178);
INSERT INTO role (rId, alias, rStatus, eId) VALUES (359, 'Stocker', 'inactive', 357);
INSERT INTO role (rId, alias, rStatus, eId) VALUES (360, 'Cashier', 'active', 333);
INSERT INTO role (rId, alias, rStatus, eId) VALUES (361, 'Stocker', 'active', 261);
INSERT INTO role (rId, alias, rStatus, eId) VALUES (362, 'Cleaner', 'suspended', 269);
INSERT INTO role (rId, alias, rStatus, eId) VALUES (363, 'Supervisor', 'inactive', 87);
INSERT INTO role (rId, alias, rStatus, eId) VALUES (364, 'Marketing', 'active', 225);
INSERT INTO role (rId, alias, rStatus, eId) VALUES (365, 'Accountant', 'inactive', 180);
INSERT INTO role (rId, alias, rStatus, eId) VALUES (366, 'Accountant', 'inactive', 4);
INSERT INTO role (rId, alias, rStatus, eId) VALUES (367, 'Technician', 'suspended', 23);
INSERT INTO role (rId, alias, rStatus, eId) VALUES (368, 'Manager', 'active', 9);
INSERT INTO role (rId, alias, rStatus, eId) VALUES (369, 'Cashier', 'active', 352);
INSERT INTO role (rId, alias, rStatus, eId) VALUES (370, 'Supervisor', 'inactive', 234);
INSERT INTO role (rId, alias, rStatus, eId) VALUES (371, 'Supervisor', 'active', 127);
INSERT INTO role (rId, alias, rStatus, eId) VALUES (372, 'Marketing', 'active', 381);
INSERT INTO role (rId, alias, rStatus, eId) VALUES (373, 'Marketing', 'active', 297);
INSERT INTO role (rId, alias, rStatus, eId) VALUES (374, 'Stocker', 'inactive', 285);
INSERT INTO role (rId, alias, rStatus, eId) VALUES (375, 'Cashier', 'suspended', 84);
INSERT INTO role (rId, alias, rStatus, eId) VALUES (376, 'Security', 'inactive', 243);
INSERT INTO role (rId, alias, rStatus, eId) VALUES (377, 'Technician', 'active', 172);
INSERT INTO role (rId, alias, rStatus, eId) VALUES (378, 'Manager', 'active', 81);
INSERT INTO role (rId, alias, rStatus, eId) VALUES (379, 'Supervisor', 'suspended', 139);
INSERT INTO role (rId, alias, rStatus, eId) VALUES (380, 'Accountant', 'suspended', 52);
INSERT INTO role (rId, alias, rStatus, eId) VALUES (381, 'Cleaner', 'suspended', 189);
INSERT INTO role (rId, alias, rStatus, eId) VALUES (382, 'Cashier', 'inactive', 398);
INSERT INTO role (rId, alias, rStatus, eId) VALUES (383, 'HR', 'active', 310);
INSERT INTO role (rId, alias, rStatus, eId) VALUES (384, 'Cleaner', 'active', 86);
INSERT INTO role (rId, alias, rStatus, eId) VALUES (385, 'Technician', 'inactive', 299);
INSERT INTO role (rId, alias, rStatus, eId) VALUES (386, 'Accountant', 'inactive', 136);
INSERT INTO role (rId, alias, rStatus, eId) VALUES (387, 'Cleaner', 'inactive', 355);
INSERT INTO role (rId, alias, rStatus, eId) VALUES (388, 'Cashier', 'suspended', 8);
INSERT INTO role (rId, alias, rStatus, eId) VALUES (389, 'Supervisor', 'active', 325);
INSERT INTO role (rId, alias, rStatus, eId) VALUES (390, 'Marketing', 'active', 51);
INSERT INTO role (rId, alias, rStatus, eId) VALUES (391, 'Technician', 'active', 250);
INSERT INTO role (rId, alias, rStatus, eId) VALUES (392, 'Cleaner', 'inactive', 378);
INSERT INTO role (rId, alias, rStatus, eId) VALUES (393, 'Security', 'active', 303);
INSERT INTO role (rId, alias, rStatus, eId) VALUES (394, 'Cleaner', 'inactive', 310);
INSERT INTO role (rId, alias, rStatus, eId) VALUES (395, 'Marketing', 'suspended', 273);
INSERT INTO role (rId, alias, rStatus, eId) VALUES (396, 'Accountant', 'active', 195);
INSERT INTO role (rId, alias, rStatus, eId) VALUES (397, 'Technician', 'active', 331);
INSERT INTO role (rId, alias, rStatus, eId) VALUES (398, 'Technician', 'suspended', 203);
INSERT INTO role (rId, alias, rStatus, eId) VALUES (399, 'Supervisor', 'inactive', 291);
INSERT INTO role (rId, alias, rStatus, eId) VALUES (400, 'Technician', 'active', 122);

-- Insert into orders
INSERT INTO orders (ordId, ordDate, ordStatus, ordCost) VALUES (1, '2024-02-05', 'cancelled', 847);
INSERT INTO orders (ordId, ordDate, ordStatus, ordCost) VALUES (2, '2024-04-28', 'cancelled', 930);
INSERT INTO orders (ordId, ordDate, ordStatus, ordCost) VALUES (3, '2023-05-21', 'shipped', 402);
INSERT INTO orders (ordId, ordDate, ordStatus, ordCost) VALUES (4, '2023-09-21', 'shipped', 145);
INSERT INTO orders (ordId, ordDate, ordStatus, ordCost) VALUES (5, '2023-05-27', 'ordered', 632);
INSERT INTO orders (ordId, ordDate, ordStatus, ordCost) VALUES (6, '2024-01-29', 'ordered', 44);
INSERT INTO orders (ordId, ordDate, ordStatus, ordCost) VALUES (7, '2025-02-22', 'cancelled', 1);
INSERT INTO orders (ordId, ordDate, ordStatus, ordCost) VALUES (8, '2023-12-14', 'cancelled', 831);
INSERT INTO orders (ordId, ordDate, ordStatus, ordCost) VALUES (9, '2023-07-05', 'ordered', 357);
INSERT INTO orders (ordId, ordDate, ordStatus, ordCost) VALUES (10, '2024-09-15', 'ordered', 156);
INSERT INTO orders (ordId, ordDate, ordStatus, ordCost) VALUES (11, '2024-08-18', 'ordered', 716);
INSERT INTO orders (ordId, ordDate, ordStatus, ordCost) VALUES (12, '2023-06-12', 'delivered', 1);
INSERT INTO orders (ordId, ordDate, ordStatus, ordCost) VALUES (13, '2023-04-19', 'shipped', 334);
INSERT INTO orders (ordId, ordDate, ordStatus, ordCost) VALUES (14, '2023-09-30', 'delivered', 2037);
INSERT INTO orders (ordId, ordDate, ordStatus, ordCost) VALUES (15, '2023-04-20', 'delivered', 1);
INSERT INTO orders (ordId, ordDate, ordStatus, ordCost) VALUES (16, '2023-07-27', 'cancelled', 83);
INSERT INTO orders (ordId, ordDate, ordStatus, ordCost) VALUES (17, '2025-03-19', 'shipped', 979);
INSERT INTO orders (ordId, ordDate, ordStatus, ordCost) VALUES (18, '2024-07-07', 'ordered', 287);
INSERT INTO orders (ordId, ordDate, ordStatus, ordCost) VALUES (19, '2024-08-16', 'shipped', 1308);
INSERT INTO orders (ordId, ordDate, ordStatus, ordCost) VALUES (20, '2023-08-01', 'ordered', 45);
INSERT INTO orders (ordId, ordDate, ordStatus, ordCost) VALUES (21, '2024-07-26', 'delivered', 1327);
INSERT INTO orders (ordId, ordDate, ordStatus, ordCost) VALUES (22, '2024-04-13', 'cancelled', 995);
INSERT INTO orders (ordId, ordDate, ordStatus, ordCost) VALUES (23, '2024-10-05', 'ordered', 1651);
INSERT INTO orders (ordId, ordDate, ordStatus, ordCost) VALUES (24, '2024-01-01', 'ordered', 426);
INSERT INTO orders (ordId, ordDate, ordStatus, ordCost) VALUES (25, '2024-01-11', 'ordered', 474);
INSERT INTO orders (ordId, ordDate, ordStatus, ordCost) VALUES (26, '2023-09-08', 'ordered', 186);
INSERT INTO orders (ordId, ordDate, ordStatus, ordCost) VALUES (27, '2024-04-03', 'cancelled', 173);
INSERT INTO orders (ordId, ordDate, ordStatus, ordCost) VALUES (28, '2024-03-28', 'shipped', 1106);
INSERT INTO orders (ordId, ordDate, ordStatus, ordCost) VALUES (29, '2023-06-24', 'cancelled', 984);
INSERT INTO orders (ordId, ordDate, ordStatus, ordCost) VALUES (30, '2024-05-03', 'cancelled', 172);
INSERT INTO orders (ordId, ordDate, ordStatus, ordCost) VALUES (31, '2024-10-16', 'cancelled', 121);
INSERT INTO orders (ordId, ordDate, ordStatus, ordCost) VALUES (32, '2023-03-24', 'delivered', 844);
INSERT INTO orders (ordId, ordDate, ordStatus, ordCost) VALUES (33, '2024-12-20', 'delivered', 901);
INSERT INTO orders (ordId, ordDate, ordStatus, ordCost) VALUES (34, '2024-01-28', 'shipped', 1339);
INSERT INTO orders (ordId, ordDate, ordStatus, ordCost) VALUES (35, '2023-12-11', 'ordered', 405);
INSERT INTO orders (ordId, ordDate, ordStatus, ordCost) VALUES (36, '2024-08-27', 'delivered', 1018);
INSERT INTO orders (ordId, ordDate, ordStatus, ordCost) VALUES (37, '2023-09-28', 'delivered', 1484);
INSERT INTO orders (ordId, ordDate, ordStatus, ordCost) VALUES (38, '2023-08-03', 'shipped', 355);
INSERT INTO orders (ordId, ordDate, ordStatus, ordCost) VALUES (39, '2024-03-06', 'ordered', 770);
INSERT INTO orders (ordId, ordDate, ordStatus, ordCost) VALUES (40, '2024-05-12', 'ordered', 1);
INSERT INTO orders (ordId, ordDate, ordStatus, ordCost) VALUES (41, '2023-09-04', 'delivered', 1);
INSERT INTO orders (ordId, ordDate, ordStatus, ordCost) VALUES (42, '2024-11-07', 'delivered', 163);
INSERT INTO orders (ordId, ordDate, ordStatus, ordCost) VALUES (43, '2023-10-01', 'shipped', 399);
INSERT INTO orders (ordId, ordDate, ordStatus, ordCost) VALUES (44, '2025-02-12', 'delivered', 819);
INSERT INTO orders (ordId, ordDate, ordStatus, ordCost) VALUES (45, '2024-05-30', 'ordered', 273);
INSERT INTO orders (ordId, ordDate, ordStatus, ordCost) VALUES (46, '2023-08-01', 'delivered', 313);
INSERT INTO orders (ordId, ordDate, ordStatus, ordCost) VALUES (47, '2024-10-22', 'cancelled', 630);
INSERT INTO orders (ordId, ordDate, ordStatus, ordCost) VALUES (48, '2023-11-21', 'cancelled', 455);
INSERT INTO orders (ordId, ordDate, ordStatus, ordCost) VALUES (49, '2024-02-06', 'cancelled', 133);
INSERT INTO orders (ordId, ordDate, ordStatus, ordCost) VALUES (50, '2023-03-31', 'delivered', 416);
INSERT INTO orders (ordId, ordDate, ordStatus, ordCost) VALUES (51, '2024-08-03', 'cancelled', 264);
INSERT INTO orders (ordId, ordDate, ordStatus, ordCost) VALUES (52, '2024-06-26', 'shipped', 1352);
INSERT INTO orders (ordId, ordDate, ordStatus, ordCost) VALUES (53, '2023-07-01', 'shipped', 756);
INSERT INTO orders (ordId, ordDate, ordStatus, ordCost) VALUES (54, '2023-07-13', 'shipped', 637);
INSERT INTO orders (ordId, ordDate, ordStatus, ordCost) VALUES (55, '2025-02-15', 'cancelled', 814);
INSERT INTO orders (ordId, ordDate, ordStatus, ordCost) VALUES (56, '2024-01-05', 'delivered', 170);
INSERT INTO orders (ordId, ordDate, ordStatus, ordCost) VALUES (57, '2023-07-28', 'shipped', 165);
INSERT INTO orders (ordId, ordDate, ordStatus, ordCost) VALUES (58, '2023-04-04', 'cancelled', 1981);
INSERT INTO orders (ordId, ordDate, ordStatus, ordCost) VALUES (59, '2023-10-12', 'shipped', 204);
INSERT INTO orders (ordId, ordDate, ordStatus, ordCost) VALUES (60, '2023-05-08', 'cancelled', 814);
INSERT INTO orders (ordId, ordDate, ordStatus, ordCost) VALUES (61, '2024-06-13', 'delivered', 2435);
INSERT INTO orders (ordId, ordDate, ordStatus, ordCost) VALUES (62, '2025-01-17', 'delivered', 150);
INSERT INTO orders (ordId, ordDate, ordStatus, ordCost) VALUES (63, '2025-01-23', 'ordered', 237);
INSERT INTO orders (ordId, ordDate, ordStatus, ordCost) VALUES (64, '2024-08-25', 'delivered', 163);
INSERT INTO orders (ordId, ordDate, ordStatus, ordCost) VALUES (65, '2024-10-29', 'delivered', 154);
INSERT INTO orders (ordId, ordDate, ordStatus, ordCost) VALUES (66, '2024-09-13', 'cancelled', 1224);
INSERT INTO orders (ordId, ordDate, ordStatus, ordCost) VALUES (67, '2024-04-28', 'ordered', 510);
INSERT INTO orders (ordId, ordDate, ordStatus, ordCost) VALUES (68, '2023-05-22', 'cancelled', 934);
INSERT INTO orders (ordId, ordDate, ordStatus, ordCost) VALUES (69, '2024-03-18', 'shipped', 1);
INSERT INTO orders (ordId, ordDate, ordStatus, ordCost) VALUES (70, '2023-05-16', 'delivered', 185);
INSERT INTO orders (ordId, ordDate, ordStatus, ordCost) VALUES (71, '2023-06-12', 'ordered', 1857);
INSERT INTO orders (ordId, ordDate, ordStatus, ordCost) VALUES (72, '2024-06-20', 'ordered', 212);
INSERT INTO orders (ordId, ordDate, ordStatus, ordCost) VALUES (73, '2024-09-30', 'shipped', 945);
INSERT INTO orders (ordId, ordDate, ordStatus, ordCost) VALUES (74, '2023-10-11', 'delivered', 1);
INSERT INTO orders (ordId, ordDate, ordStatus, ordCost) VALUES (75, '2025-02-12', 'delivered', 1333);
INSERT INTO orders (ordId, ordDate, ordStatus, ordCost) VALUES (76, '2025-03-13', 'ordered', 345);
INSERT INTO orders (ordId, ordDate, ordStatus, ordCost) VALUES (77, '2023-08-26', 'ordered', 373);
INSERT INTO orders (ordId, ordDate, ordStatus, ordCost) VALUES (78, '2024-12-28', 'delivered', 845);
INSERT INTO orders (ordId, ordDate, ordStatus, ordCost) VALUES (79, '2023-05-07', 'ordered', 188);
INSERT INTO orders (ordId, ordDate, ordStatus, ordCost) VALUES (80, '2024-08-14', 'ordered', 1830);
INSERT INTO orders (ordId, ordDate, ordStatus, ordCost) VALUES (81, '2024-10-15', 'shipped', 1551);
INSERT INTO orders (ordId, ordDate, ordStatus, ordCost) VALUES (82, '2024-12-20', 'cancelled', 610);
INSERT INTO orders (ordId, ordDate, ordStatus, ordCost) VALUES (83, '2024-04-03', 'delivered', 193);
INSERT INTO orders (ordId, ordDate, ordStatus, ordCost) VALUES (84, '2023-09-22', 'cancelled', 222);
INSERT INTO orders (ordId, ordDate, ordStatus, ordCost) VALUES (85, '2023-05-17', 'cancelled', 154);
INSERT INTO orders (ordId, ordDate, ordStatus, ordCost) VALUES (86, '2024-10-25', 'delivered', 71);
INSERT INTO orders (ordId, ordDate, ordStatus, ordCost) VALUES (87, '2025-02-24', 'ordered', 155);
INSERT INTO orders (ordId, ordDate, ordStatus, ordCost) VALUES (88, '2024-08-31', 'delivered', 45);
INSERT INTO orders (ordId, ordDate, ordStatus, ordCost) VALUES (89, '2024-01-08', 'cancelled', 1056);
INSERT INTO orders (ordId, ordDate, ordStatus, ordCost) VALUES (90, '2023-08-04', 'delivered', 203);
INSERT INTO orders (ordId, ordDate, ordStatus, ordCost) VALUES (91, '2023-10-20', 'ordered', 619);
INSERT INTO orders (ordId, ordDate, ordStatus, ordCost) VALUES (92, '2025-01-18', 'delivered', 1233);
INSERT INTO orders (ordId, ordDate, ordStatus, ordCost) VALUES (93, '2024-06-23', 'ordered', 580);
INSERT INTO orders (ordId, ordDate, ordStatus, ordCost) VALUES (94, '2024-01-02', 'shipped', 1);
INSERT INTO orders (ordId, ordDate, ordStatus, ordCost) VALUES (95, '2024-05-26', 'delivered', 962);
INSERT INTO orders (ordId, ordDate, ordStatus, ordCost) VALUES (96, '2024-05-25', 'delivered', 662);
INSERT INTO orders (ordId, ordDate, ordStatus, ordCost) VALUES (97, '2023-04-12', 'delivered', 1601);
INSERT INTO orders (ordId, ordDate, ordStatus, ordCost) VALUES (98, '2024-05-05', 'cancelled', 755);
INSERT INTO orders (ordId, ordDate, ordStatus, ordCost) VALUES (99, '2024-03-16', 'ordered', 411);
INSERT INTO orders (ordId, ordDate, ordStatus, ordCost) VALUES (100, '2023-11-25', 'delivered', 307);
INSERT INTO orders (ordId, ordDate, ordStatus, ordCost) VALUES (101, '2024-04-12', 'ordered', 1);
INSERT INTO orders (ordId, ordDate, ordStatus, ordCost) VALUES (102, '2023-09-17', 'ordered', 903);
INSERT INTO orders (ordId, ordDate, ordStatus, ordCost) VALUES (103, '2025-02-26', 'cancelled', 384);
INSERT INTO orders (ordId, ordDate, ordStatus, ordCost) VALUES (104, '2024-03-16', 'delivered', 581);
INSERT INTO orders (ordId, ordDate, ordStatus, ordCost) VALUES (105, '2023-09-16', 'delivered', 1);
INSERT INTO orders (ordId, ordDate, ordStatus, ordCost) VALUES (106, '2023-12-29', 'cancelled', 875);
INSERT INTO orders (ordId, ordDate, ordStatus, ordCost) VALUES (107, '2023-09-09', 'ordered', 1);
INSERT INTO orders (ordId, ordDate, ordStatus, ordCost) VALUES (108, '2025-03-20', 'shipped', 273);
INSERT INTO orders (ordId, ordDate, ordStatus, ordCost) VALUES (109, '2024-04-11', 'ordered', 482);
INSERT INTO orders (ordId, ordDate, ordStatus, ordCost) VALUES (110, '2023-06-11', 'delivered', 466);
INSERT INTO orders (ordId, ordDate, ordStatus, ordCost) VALUES (111, '2024-10-26', 'shipped', 168);
INSERT INTO orders (ordId, ordDate, ordStatus, ordCost) VALUES (112, '2024-04-19', 'delivered', 17);
INSERT INTO orders (ordId, ordDate, ordStatus, ordCost) VALUES (113, '2023-05-10', 'cancelled', 1);
INSERT INTO orders (ordId, ordDate, ordStatus, ordCost) VALUES (114, '2024-07-24', 'cancelled', 100);
INSERT INTO orders (ordId, ordDate, ordStatus, ordCost) VALUES (115, '2024-07-20', 'ordered', 1168);
INSERT INTO orders (ordId, ordDate, ordStatus, ordCost) VALUES (116, '2024-07-27', 'ordered', 1961);
INSERT INTO orders (ordId, ordDate, ordStatus, ordCost) VALUES (117, '2023-08-18', 'delivered', 614);
INSERT INTO orders (ordId, ordDate, ordStatus, ordCost) VALUES (118, '2024-02-02', 'cancelled', 250);
INSERT INTO orders (ordId, ordDate, ordStatus, ordCost) VALUES (119, '2023-06-25', 'delivered', 737);
INSERT INTO orders (ordId, ordDate, ordStatus, ordCost) VALUES (120, '2023-12-24', 'shipped', 83);
INSERT INTO orders (ordId, ordDate, ordStatus, ordCost) VALUES (121, '2023-11-19', 'cancelled', 520);
INSERT INTO orders (ordId, ordDate, ordStatus, ordCost) VALUES (122, '2024-01-16', 'shipped', 381);
INSERT INTO orders (ordId, ordDate, ordStatus, ordCost) VALUES (123, '2023-06-14', 'cancelled', 1);
INSERT INTO orders (ordId, ordDate, ordStatus, ordCost) VALUES (124, '2023-09-18', 'cancelled', 586);
INSERT INTO orders (ordId, ordDate, ordStatus, ordCost) VALUES (125, '2025-01-06', 'delivered', 147);
INSERT INTO orders (ordId, ordDate, ordStatus, ordCost) VALUES (126, '2023-10-20', 'ordered', 352);
INSERT INTO orders (ordId, ordDate, ordStatus, ordCost) VALUES (127, '2024-06-03', 'cancelled', 327);
INSERT INTO orders (ordId, ordDate, ordStatus, ordCost) VALUES (128, '2025-03-10', 'ordered', 1675);
INSERT INTO orders (ordId, ordDate, ordStatus, ordCost) VALUES (129, '2023-08-12', 'shipped', 271);
INSERT INTO orders (ordId, ordDate, ordStatus, ordCost) VALUES (130, '2023-08-26', 'cancelled', 515);
INSERT INTO orders (ordId, ordDate, ordStatus, ordCost) VALUES (131, '2024-06-07', 'ordered', 657);
INSERT INTO orders (ordId, ordDate, ordStatus, ordCost) VALUES (132, '2023-04-13', 'ordered', 428);
INSERT INTO orders (ordId, ordDate, ordStatus, ordCost) VALUES (133, '2024-04-12', 'ordered', 1219);
INSERT INTO orders (ordId, ordDate, ordStatus, ordCost) VALUES (134, '2023-08-13', 'delivered', 893);
INSERT INTO orders (ordId, ordDate, ordStatus, ordCost) VALUES (135, '2024-06-02', 'cancelled', 606);
INSERT INTO orders (ordId, ordDate, ordStatus, ordCost) VALUES (136, '2023-05-24', 'cancelled', 699);
INSERT INTO orders (ordId, ordDate, ordStatus, ordCost) VALUES (137, '2023-04-17', 'shipped', 1);
INSERT INTO orders (ordId, ordDate, ordStatus, ordCost) VALUES (138, '2023-12-25', 'delivered', 1);
INSERT INTO orders (ordId, ordDate, ordStatus, ordCost) VALUES (139, '2024-03-28', 'shipped', 254);
INSERT INTO orders (ordId, ordDate, ordStatus, ordCost) VALUES (140, '2024-03-26', 'ordered', 726);
INSERT INTO orders (ordId, ordDate, ordStatus, ordCost) VALUES (141, '2023-12-16', 'shipped', 277);
INSERT INTO orders (ordId, ordDate, ordStatus, ordCost) VALUES (142, '2025-03-18', 'cancelled', 363);
INSERT INTO orders (ordId, ordDate, ordStatus, ordCost) VALUES (143, '2024-06-06', 'ordered', 1742);
INSERT INTO orders (ordId, ordDate, ordStatus, ordCost) VALUES (144, '2023-04-06', 'cancelled', 201);
INSERT INTO orders (ordId, ordDate, ordStatus, ordCost) VALUES (145, '2023-07-24', 'ordered', 537);
INSERT INTO orders (ordId, ordDate, ordStatus, ordCost) VALUES (146, '2023-04-15', 'ordered', 812);
INSERT INTO orders (ordId, ordDate, ordStatus, ordCost) VALUES (147, '2023-08-06', 'delivered', 1);
INSERT INTO orders (ordId, ordDate, ordStatus, ordCost) VALUES (148, '2024-10-30', 'cancelled', 782);
INSERT INTO orders (ordId, ordDate, ordStatus, ordCost) VALUES (149, '2024-01-19', 'cancelled', 1168);
INSERT INTO orders (ordId, ordDate, ordStatus, ordCost) VALUES (150, '2024-06-03', 'cancelled', 879);
INSERT INTO orders (ordId, ordDate, ordStatus, ordCost) VALUES (151, '2023-07-15', 'delivered', 340);
INSERT INTO orders (ordId, ordDate, ordStatus, ordCost) VALUES (152, '2024-12-25', 'cancelled', 1829);
INSERT INTO orders (ordId, ordDate, ordStatus, ordCost) VALUES (153, '2023-07-27', 'ordered', 843);
INSERT INTO orders (ordId, ordDate, ordStatus, ordCost) VALUES (154, '2024-05-16', 'cancelled', 1);
INSERT INTO orders (ordId, ordDate, ordStatus, ordCost) VALUES (155, '2025-03-20', 'shipped', 1);
INSERT INTO orders (ordId, ordDate, ordStatus, ordCost) VALUES (156, '2023-05-30', 'delivered', 540);
INSERT INTO orders (ordId, ordDate, ordStatus, ordCost) VALUES (157, '2024-08-29', 'cancelled', 187);
INSERT INTO orders (ordId, ordDate, ordStatus, ordCost) VALUES (158, '2024-03-27', 'ordered', 1);
INSERT INTO orders (ordId, ordDate, ordStatus, ordCost) VALUES (159, '2024-02-18', 'delivered', 458);
INSERT INTO orders (ordId, ordDate, ordStatus, ordCost) VALUES (160, '2023-09-15', 'shipped', 496);
INSERT INTO orders (ordId, ordDate, ordStatus, ordCost) VALUES (161, '2024-07-16', 'delivered', 242);
INSERT INTO orders (ordId, ordDate, ordStatus, ordCost) VALUES (162, '2024-07-31', 'ordered', 138);
INSERT INTO orders (ordId, ordDate, ordStatus, ordCost) VALUES (163, '2024-01-18', 'cancelled', 843);
INSERT INTO orders (ordId, ordDate, ordStatus, ordCost) VALUES (164, '2024-11-30', 'ordered', 1);
INSERT INTO orders (ordId, ordDate, ordStatus, ordCost) VALUES (165, '2024-11-14', 'delivered', 1264);
INSERT INTO orders (ordId, ordDate, ordStatus, ordCost) VALUES (166, '2023-04-02', 'ordered', 2034);
INSERT INTO orders (ordId, ordDate, ordStatus, ordCost) VALUES (167, '2023-10-24', 'delivered', 911);
INSERT INTO orders (ordId, ordDate, ordStatus, ordCost) VALUES (168, '2023-10-06', 'ordered', 570);
INSERT INTO orders (ordId, ordDate, ordStatus, ordCost) VALUES (169, '2023-11-12', 'ordered', 366);
INSERT INTO orders (ordId, ordDate, ordStatus, ordCost) VALUES (170, '2023-09-11', 'cancelled', 870);
INSERT INTO orders (ordId, ordDate, ordStatus, ordCost) VALUES (171, '2024-01-07', 'delivered', 698);
INSERT INTO orders (ordId, ordDate, ordStatus, ordCost) VALUES (172, '2024-09-10', 'ordered', 696);
INSERT INTO orders (ordId, ordDate, ordStatus, ordCost) VALUES (173, '2024-09-11', 'cancelled', 2084);
INSERT INTO orders (ordId, ordDate, ordStatus, ordCost) VALUES (174, '2024-05-04', 'delivered', 473);
INSERT INTO orders (ordId, ordDate, ordStatus, ordCost) VALUES (175, '2024-06-20', 'ordered', 360);
INSERT INTO orders (ordId, ordDate, ordStatus, ordCost) VALUES (176, '2024-08-11', 'delivered', 1);
INSERT INTO orders (ordId, ordDate, ordStatus, ordCost) VALUES (177, '2023-10-27', 'delivered', 1637);
INSERT INTO orders (ordId, ordDate, ordStatus, ordCost) VALUES (178, '2025-02-13', 'delivered', 1);
INSERT INTO orders (ordId, ordDate, ordStatus, ordCost) VALUES (179, '2025-01-06', 'shipped', 565);
INSERT INTO orders (ordId, ordDate, ordStatus, ordCost) VALUES (180, '2025-01-30', 'delivered', 344);
INSERT INTO orders (ordId, ordDate, ordStatus, ordCost) VALUES (181, '2023-06-21', 'ordered', 1);
INSERT INTO orders (ordId, ordDate, ordStatus, ordCost) VALUES (182, '2024-05-29', 'ordered', 146);
INSERT INTO orders (ordId, ordDate, ordStatus, ordCost) VALUES (183, '2024-06-27', 'shipped', 334);
INSERT INTO orders (ordId, ordDate, ordStatus, ordCost) VALUES (184, '2023-08-11', 'cancelled', 414);
INSERT INTO orders (ordId, ordDate, ordStatus, ordCost) VALUES (185, '2024-10-28', 'delivered', 2532);
INSERT INTO orders (ordId, ordDate, ordStatus, ordCost) VALUES (186, '2023-07-14', 'shipped', 1);
INSERT INTO orders (ordId, ordDate, ordStatus, ordCost) VALUES (187, '2024-10-01', 'ordered', 1444);
INSERT INTO orders (ordId, ordDate, ordStatus, ordCost) VALUES (188, '2023-03-30', 'cancelled', 838);
INSERT INTO orders (ordId, ordDate, ordStatus, ordCost) VALUES (189, '2023-06-11', 'cancelled', 68);
INSERT INTO orders (ordId, ordDate, ordStatus, ordCost) VALUES (190, '2024-06-10', 'delivered', 362);
INSERT INTO orders (ordId, ordDate, ordStatus, ordCost) VALUES (191, '2024-09-04', 'cancelled', 1);
INSERT INTO orders (ordId, ordDate, ordStatus, ordCost) VALUES (192, '2023-08-27', 'ordered', 460);
INSERT INTO orders (ordId, ordDate, ordStatus, ordCost) VALUES (193, '2023-05-02', 'ordered', 231);
INSERT INTO orders (ordId, ordDate, ordStatus, ordCost) VALUES (194, '2025-01-29', 'shipped', 1200);
INSERT INTO orders (ordId, ordDate, ordStatus, ordCost) VALUES (195, '2024-08-14', 'shipped', 1);
INSERT INTO orders (ordId, ordDate, ordStatus, ordCost) VALUES (196, '2023-10-04', 'shipped', 1277);
INSERT INTO orders (ordId, ordDate, ordStatus, ordCost) VALUES (197, '2024-10-30', 'delivered', 1994);
INSERT INTO orders (ordId, ordDate, ordStatus, ordCost) VALUES (198, '2024-08-15', 'delivered', 1);
INSERT INTO orders (ordId, ordDate, ordStatus, ordCost) VALUES (199, '2024-08-12', 'shipped', 1131);
INSERT INTO orders (ordId, ordDate, ordStatus, ordCost) VALUES (200, '2024-09-24', 'delivered', 607);
INSERT INTO orders (ordId, ordDate, ordStatus, ordCost) VALUES (201, '2023-12-21', 'ordered', 1);
INSERT INTO orders (ordId, ordDate, ordStatus, ordCost) VALUES (202, '2023-04-01', 'cancelled', 728);
INSERT INTO orders (ordId, ordDate, ordStatus, ordCost) VALUES (203, '2024-07-07', 'cancelled', 1266);
INSERT INTO orders (ordId, ordDate, ordStatus, ordCost) VALUES (204, '2024-11-17', 'delivered', 1);
INSERT INTO orders (ordId, ordDate, ordStatus, ordCost) VALUES (205, '2024-10-31', 'delivered', 1590);
INSERT INTO orders (ordId, ordDate, ordStatus, ordCost) VALUES (206, '2023-05-09', 'delivered', 835);
INSERT INTO orders (ordId, ordDate, ordStatus, ordCost) VALUES (207, '2023-12-03', 'shipped', 2374);
INSERT INTO orders (ordId, ordDate, ordStatus, ordCost) VALUES (208, '2023-04-18', 'ordered', 695);
INSERT INTO orders (ordId, ordDate, ordStatus, ordCost) VALUES (209, '2023-05-26', 'delivered', 735);
INSERT INTO orders (ordId, ordDate, ordStatus, ordCost) VALUES (210, '2025-02-28', 'ordered', 335);
INSERT INTO orders (ordId, ordDate, ordStatus, ordCost) VALUES (211, '2024-07-18', 'ordered', 573);
INSERT INTO orders (ordId, ordDate, ordStatus, ordCost) VALUES (212, '2023-10-23', 'shipped', 443);
INSERT INTO orders (ordId, ordDate, ordStatus, ordCost) VALUES (213, '2024-12-19', 'delivered', 156);
INSERT INTO orders (ordId, ordDate, ordStatus, ordCost) VALUES (214, '2023-09-29', 'delivered', 779);
INSERT INTO orders (ordId, ordDate, ordStatus, ordCost) VALUES (215, '2023-08-24', 'delivered', 937);
INSERT INTO orders (ordId, ordDate, ordStatus, ordCost) VALUES (216, '2023-09-19', 'shipped', 707);
INSERT INTO orders (ordId, ordDate, ordStatus, ordCost) VALUES (217, '2024-06-19', 'delivered', 248);
INSERT INTO orders (ordId, ordDate, ordStatus, ordCost) VALUES (218, '2023-12-25', 'delivered', 2368);
INSERT INTO orders (ordId, ordDate, ordStatus, ordCost) VALUES (219, '2024-09-15', 'delivered', 140);
INSERT INTO orders (ordId, ordDate, ordStatus, ordCost) VALUES (220, '2024-01-02', 'delivered', 1227);
INSERT INTO orders (ordId, ordDate, ordStatus, ordCost) VALUES (221, '2024-08-23', 'cancelled', 1043);
INSERT INTO orders (ordId, ordDate, ordStatus, ordCost) VALUES (222, '2024-06-05', 'ordered', 624);
INSERT INTO orders (ordId, ordDate, ordStatus, ordCost) VALUES (223, '2025-01-12', 'delivered', 998);
INSERT INTO orders (ordId, ordDate, ordStatus, ordCost) VALUES (224, '2024-04-16', 'delivered', 753);
INSERT INTO orders (ordId, ordDate, ordStatus, ordCost) VALUES (225, '2024-01-08', 'ordered', 514);
INSERT INTO orders (ordId, ordDate, ordStatus, ordCost) VALUES (226, '2023-08-11', 'delivered', 386);
INSERT INTO orders (ordId, ordDate, ordStatus, ordCost) VALUES (227, '2023-12-23', 'cancelled', 940);
INSERT INTO orders (ordId, ordDate, ordStatus, ordCost) VALUES (228, '2024-07-24', 'ordered', 501);
INSERT INTO orders (ordId, ordDate, ordStatus, ordCost) VALUES (229, '2024-04-26', 'shipped', 966);
INSERT INTO orders (ordId, ordDate, ordStatus, ordCost) VALUES (230, '2023-04-12', 'ordered', 2254);
INSERT INTO orders (ordId, ordDate, ordStatus, ordCost) VALUES (231, '2023-10-31', 'shipped', 473);
INSERT INTO orders (ordId, ordDate, ordStatus, ordCost) VALUES (232, '2023-08-16', 'cancelled', 1422);
INSERT INTO orders (ordId, ordDate, ordStatus, ordCost) VALUES (233, '2023-07-15', 'delivered', 341);
INSERT INTO orders (ordId, ordDate, ordStatus, ordCost) VALUES (234, '2024-02-03', 'shipped', 82);
INSERT INTO orders (ordId, ordDate, ordStatus, ordCost) VALUES (235, '2024-11-20', 'ordered', 470);
INSERT INTO orders (ordId, ordDate, ordStatus, ordCost) VALUES (236, '2025-02-22', 'delivered', 24);
INSERT INTO orders (ordId, ordDate, ordStatus, ordCost) VALUES (237, '2024-06-12', 'delivered', 311);
INSERT INTO orders (ordId, ordDate, ordStatus, ordCost) VALUES (238, '2023-07-03', 'shipped', 1);
INSERT INTO orders (ordId, ordDate, ordStatus, ordCost) VALUES (239, '2023-04-28', 'ordered', 144);
INSERT INTO orders (ordId, ordDate, ordStatus, ordCost) VALUES (240, '2023-11-30', 'shipped', 111);
INSERT INTO orders (ordId, ordDate, ordStatus, ordCost) VALUES (241, '2023-11-24', 'delivered', 844);
INSERT INTO orders (ordId, ordDate, ordStatus, ordCost) VALUES (242, '2023-11-05', 'delivered', 305);
INSERT INTO orders (ordId, ordDate, ordStatus, ordCost) VALUES (243, '2024-05-13', 'shipped', 1221);
INSERT INTO orders (ordId, ordDate, ordStatus, ordCost) VALUES (244, '2024-10-25', 'shipped', 620);
INSERT INTO orders (ordId, ordDate, ordStatus, ordCost) VALUES (245, '2025-01-16', 'ordered', 1);
INSERT INTO orders (ordId, ordDate, ordStatus, ordCost) VALUES (246, '2024-07-30', 'shipped', 1617);
INSERT INTO orders (ordId, ordDate, ordStatus, ordCost) VALUES (247, '2023-11-30', 'ordered', 74);
INSERT INTO orders (ordId, ordDate, ordStatus, ordCost) VALUES (248, '2023-09-02', 'delivered', 307);
INSERT INTO orders (ordId, ordDate, ordStatus, ordCost) VALUES (249, '2023-04-16', 'ordered', 963);
INSERT INTO orders (ordId, ordDate, ordStatus, ordCost) VALUES (250, '2023-09-12', 'delivered', 896);
INSERT INTO orders (ordId, ordDate, ordStatus, ordCost) VALUES (251, '2024-02-28', 'ordered', 642);
INSERT INTO orders (ordId, ordDate, ordStatus, ordCost) VALUES (252, '2023-12-01', 'ordered', 833);
INSERT INTO orders (ordId, ordDate, ordStatus, ordCost) VALUES (253, '2023-05-16', 'shipped', 519);
INSERT INTO orders (ordId, ordDate, ordStatus, ordCost) VALUES (254, '2024-02-05', 'cancelled', 1);
INSERT INTO orders (ordId, ordDate, ordStatus, ordCost) VALUES (255, '2024-11-25', 'delivered', 2059);
INSERT INTO orders (ordId, ordDate, ordStatus, ordCost) VALUES (256, '2024-07-29', 'cancelled', 532);
INSERT INTO orders (ordId, ordDate, ordStatus, ordCost) VALUES (257, '2025-03-06', 'ordered', 213);
INSERT INTO orders (ordId, ordDate, ordStatus, ordCost) VALUES (258, '2024-12-21', 'cancelled', 1);
INSERT INTO orders (ordId, ordDate, ordStatus, ordCost) VALUES (259, '2024-10-28', 'shipped', 117);
INSERT INTO orders (ordId, ordDate, ordStatus, ordCost) VALUES (260, '2024-11-15', 'ordered', 1055);
INSERT INTO orders (ordId, ordDate, ordStatus, ordCost) VALUES (261, '2023-09-27', 'ordered', 496);
INSERT INTO orders (ordId, ordDate, ordStatus, ordCost) VALUES (262, '2023-07-22', 'cancelled', 168);
INSERT INTO orders (ordId, ordDate, ordStatus, ordCost) VALUES (263, '2024-12-14', 'cancelled', 1835);
INSERT INTO orders (ordId, ordDate, ordStatus, ordCost) VALUES (264, '2023-07-10', 'ordered', 1354);
INSERT INTO orders (ordId, ordDate, ordStatus, ordCost) VALUES (265, '2024-07-29', 'ordered', 574);
INSERT INTO orders (ordId, ordDate, ordStatus, ordCost) VALUES (266, '2023-07-27', 'delivered', 701);
INSERT INTO orders (ordId, ordDate, ordStatus, ordCost) VALUES (267, '2023-04-02', 'shipped', 355);
INSERT INTO orders (ordId, ordDate, ordStatus, ordCost) VALUES (268, '2023-07-18', 'delivered', 848);
INSERT INTO orders (ordId, ordDate, ordStatus, ordCost) VALUES (269, '2025-01-26', 'cancelled', 1220);
INSERT INTO orders (ordId, ordDate, ordStatus, ordCost) VALUES (270, '2024-03-22', 'cancelled', 565);
INSERT INTO orders (ordId, ordDate, ordStatus, ordCost) VALUES (271, '2024-04-26', 'cancelled', 932);
INSERT INTO orders (ordId, ordDate, ordStatus, ordCost) VALUES (272, '2023-08-11', 'ordered', 225);
INSERT INTO orders (ordId, ordDate, ordStatus, ordCost) VALUES (273, '2024-02-16', 'delivered', 556);
INSERT INTO orders (ordId, ordDate, ordStatus, ordCost) VALUES (274, '2024-01-18', 'cancelled', 352);
INSERT INTO orders (ordId, ordDate, ordStatus, ordCost) VALUES (275, '2024-02-02', 'delivered', 794);
INSERT INTO orders (ordId, ordDate, ordStatus, ordCost) VALUES (276, '2024-07-28', 'cancelled', 611);
INSERT INTO orders (ordId, ordDate, ordStatus, ordCost) VALUES (277, '2024-05-20', 'delivered', 1);
INSERT INTO orders (ordId, ordDate, ordStatus, ordCost) VALUES (278, '2024-02-06', 'ordered', 411);
INSERT INTO orders (ordId, ordDate, ordStatus, ordCost) VALUES (279, '2024-12-23', 'shipped', 1169);
INSERT INTO orders (ordId, ordDate, ordStatus, ordCost) VALUES (280, '2025-02-21', 'delivered', 101);
INSERT INTO orders (ordId, ordDate, ordStatus, ordCost) VALUES (281, '2024-02-07', 'ordered', 324);
INSERT INTO orders (ordId, ordDate, ordStatus, ordCost) VALUES (282, '2023-05-27', 'cancelled', 1739);
INSERT INTO orders (ordId, ordDate, ordStatus, ordCost) VALUES (283, '2024-03-12', 'cancelled', 217);
INSERT INTO orders (ordId, ordDate, ordStatus, ordCost) VALUES (284, '2023-12-07', 'ordered', 312);
INSERT INTO orders (ordId, ordDate, ordStatus, ordCost) VALUES (285, '2024-05-14', 'shipped', 215);
INSERT INTO orders (ordId, ordDate, ordStatus, ordCost) VALUES (286, '2025-01-01', 'ordered', 641);
INSERT INTO orders (ordId, ordDate, ordStatus, ordCost) VALUES (287, '2024-12-18', 'shipped', 316);
INSERT INTO orders (ordId, ordDate, ordStatus, ordCost) VALUES (288, '2024-07-02', 'cancelled', 163);
INSERT INTO orders (ordId, ordDate, ordStatus, ordCost) VALUES (289, '2023-08-01', 'delivered', 1);
INSERT INTO orders (ordId, ordDate, ordStatus, ordCost) VALUES (290, '2023-06-12', 'delivered', 158);
INSERT INTO orders (ordId, ordDate, ordStatus, ordCost) VALUES (291, '2024-07-07', 'cancelled', 1058);
INSERT INTO orders (ordId, ordDate, ordStatus, ordCost) VALUES (292, '2024-11-08', 'shipped', 308);
INSERT INTO orders (ordId, ordDate, ordStatus, ordCost) VALUES (293, '2024-06-03', 'shipped', 232);
INSERT INTO orders (ordId, ordDate, ordStatus, ordCost) VALUES (294, '2023-08-03', 'shipped', 438);
INSERT INTO orders (ordId, ordDate, ordStatus, ordCost) VALUES (295, '2023-10-19', 'delivered', 663);
INSERT INTO orders (ordId, ordDate, ordStatus, ordCost) VALUES (296, '2024-10-07', 'delivered', 946);
INSERT INTO orders (ordId, ordDate, ordStatus, ordCost) VALUES (297, '2024-08-08', 'ordered', 325);
INSERT INTO orders (ordId, ordDate, ordStatus, ordCost) VALUES (298, '2024-04-26', 'delivered', 846);
INSERT INTO orders (ordId, ordDate, ordStatus, ordCost) VALUES (299, '2023-11-06', 'shipped', 1082);
INSERT INTO orders (ordId, ordDate, ordStatus, ordCost) VALUES (300, '2023-09-30', 'delivered', 800);
INSERT INTO orders (ordId, ordDate, ordStatus, ordCost) VALUES (301, '2024-07-10', 'ordered', 1);
INSERT INTO orders (ordId, ordDate, ordStatus, ordCost) VALUES (302, '2024-06-19', 'delivered', 464);
INSERT INTO orders (ordId, ordDate, ordStatus, ordCost) VALUES (303, '2023-12-17', 'shipped', 354);
INSERT INTO orders (ordId, ordDate, ordStatus, ordCost) VALUES (304, '2023-12-19', 'shipped', 2376);
INSERT INTO orders (ordId, ordDate, ordStatus, ordCost) VALUES (305, '2025-01-10', 'delivered', 564);
INSERT INTO orders (ordId, ordDate, ordStatus, ordCost) VALUES (306, '2025-02-06', 'shipped', 1);
INSERT INTO orders (ordId, ordDate, ordStatus, ordCost) VALUES (307, '2025-02-20', 'cancelled', 973);
INSERT INTO orders (ordId, ordDate, ordStatus, ordCost) VALUES (308, '2024-08-06', 'cancelled', 1124);
INSERT INTO orders (ordId, ordDate, ordStatus, ordCost) VALUES (309, '2024-02-09', 'ordered', 500);
INSERT INTO orders (ordId, ordDate, ordStatus, ordCost) VALUES (310, '2023-08-21', 'delivered', 289);
INSERT INTO orders (ordId, ordDate, ordStatus, ordCost) VALUES (311, '2023-04-24', 'cancelled', 1107);
INSERT INTO orders (ordId, ordDate, ordStatus, ordCost) VALUES (312, '2024-07-06', 'delivered', 302);
INSERT INTO orders (ordId, ordDate, ordStatus, ordCost) VALUES (313, '2023-10-12', 'delivered', 1079);
INSERT INTO orders (ordId, ordDate, ordStatus, ordCost) VALUES (314, '2023-12-10', 'delivered', 1809);
INSERT INTO orders (ordId, ordDate, ordStatus, ordCost) VALUES (315, '2025-02-25', 'ordered', 735);
INSERT INTO orders (ordId, ordDate, ordStatus, ordCost) VALUES (316, '2023-10-18', 'shipped', 230);
INSERT INTO orders (ordId, ordDate, ordStatus, ordCost) VALUES (317, '2024-01-01', 'shipped', 823);
INSERT INTO orders (ordId, ordDate, ordStatus, ordCost) VALUES (318, '2024-09-25', 'shipped', 176);
INSERT INTO orders (ordId, ordDate, ordStatus, ordCost) VALUES (319, '2024-02-18', 'shipped', 466);
INSERT INTO orders (ordId, ordDate, ordStatus, ordCost) VALUES (320, '2023-05-17', 'shipped', 741);
INSERT INTO orders (ordId, ordDate, ordStatus, ordCost) VALUES (321, '2023-06-04', 'delivered', 658);
INSERT INTO orders (ordId, ordDate, ordStatus, ordCost) VALUES (322, '2024-04-04', 'delivered', 646);
INSERT INTO orders (ordId, ordDate, ordStatus, ordCost) VALUES (323, '2023-07-29', 'shipped', 1087);
INSERT INTO orders (ordId, ordDate, ordStatus, ordCost) VALUES (324, '2024-03-18', 'cancelled', 746);
INSERT INTO orders (ordId, ordDate, ordStatus, ordCost) VALUES (325, '2024-02-09', 'cancelled', 1151);
INSERT INTO orders (ordId, ordDate, ordStatus, ordCost) VALUES (326, '2023-07-26', 'shipped', 163);
INSERT INTO orders (ordId, ordDate, ordStatus, ordCost) VALUES (327, '2024-01-07', 'delivered', 762);
INSERT INTO orders (ordId, ordDate, ordStatus, ordCost) VALUES (328, '2023-07-01', 'shipped', 1);
INSERT INTO orders (ordId, ordDate, ordStatus, ordCost) VALUES (329, '2023-07-17', 'ordered', 1117);
INSERT INTO orders (ordId, ordDate, ordStatus, ordCost) VALUES (330, '2025-02-12', 'shipped', 227);
INSERT INTO orders (ordId, ordDate, ordStatus, ordCost) VALUES (331, '2023-06-11', 'shipped', 574);
INSERT INTO orders (ordId, ordDate, ordStatus, ordCost) VALUES (332, '2023-05-26', 'shipped', 178);
INSERT INTO orders (ordId, ordDate, ordStatus, ordCost) VALUES (333, '2024-06-01', 'cancelled', 1428);
INSERT INTO orders (ordId, ordDate, ordStatus, ordCost) VALUES (334, '2023-07-24', 'shipped', 1);
INSERT INTO orders (ordId, ordDate, ordStatus, ordCost) VALUES (335, '2024-07-22', 'shipped', 548);
INSERT INTO orders (ordId, ordDate, ordStatus, ordCost) VALUES (336, '2024-08-07', 'delivered', 1345);
INSERT INTO orders (ordId, ordDate, ordStatus, ordCost) VALUES (337, '2024-10-03', 'ordered', 191);
INSERT INTO orders (ordId, ordDate, ordStatus, ordCost) VALUES (338, '2024-06-29', 'ordered', 3109);
INSERT INTO orders (ordId, ordDate, ordStatus, ordCost) VALUES (339, '2023-07-21', 'cancelled', 1691);
INSERT INTO orders (ordId, ordDate, ordStatus, ordCost) VALUES (340, '2024-12-27', 'delivered', 705);
INSERT INTO orders (ordId, ordDate, ordStatus, ordCost) VALUES (341, '2023-12-02', 'ordered', 163);
INSERT INTO orders (ordId, ordDate, ordStatus, ordCost) VALUES (342, '2024-04-22', 'ordered', 145);
INSERT INTO orders (ordId, ordDate, ordStatus, ordCost) VALUES (343, '2024-09-04', 'shipped', 332);
INSERT INTO orders (ordId, ordDate, ordStatus, ordCost) VALUES (344, '2023-06-15', 'shipped', 466);
INSERT INTO orders (ordId, ordDate, ordStatus, ordCost) VALUES (345, '2024-06-27', 'delivered', 44);
INSERT INTO orders (ordId, ordDate, ordStatus, ordCost) VALUES (346, '2023-10-09', 'delivered', 1308);
INSERT INTO orders (ordId, ordDate, ordStatus, ordCost) VALUES (347, '2024-12-24', 'ordered', 1418);
INSERT INTO orders (ordId, ordDate, ordStatus, ordCost) VALUES (348, '2024-06-21', 'cancelled', 1547);
INSERT INTO orders (ordId, ordDate, ordStatus, ordCost) VALUES (349, '2024-07-25', 'cancelled', 1753);
INSERT INTO orders (ordId, ordDate, ordStatus, ordCost) VALUES (350, '2024-07-20', 'ordered', 487);
INSERT INTO orders (ordId, ordDate, ordStatus, ordCost) VALUES (351, '2025-01-18', 'shipped', 514);
INSERT INTO orders (ordId, ordDate, ordStatus, ordCost) VALUES (352, '2024-05-10', 'ordered', 419);
INSERT INTO orders (ordId, ordDate, ordStatus, ordCost) VALUES (353, '2024-03-04', 'ordered', 156);
INSERT INTO orders (ordId, ordDate, ordStatus, ordCost) VALUES (354, '2024-11-28', 'shipped', 689);
INSERT INTO orders (ordId, ordDate, ordStatus, ordCost) VALUES (355, '2024-09-01', 'delivered', 1916);
INSERT INTO orders (ordId, ordDate, ordStatus, ordCost) VALUES (356, '2025-01-19', 'ordered', 124);
INSERT INTO orders (ordId, ordDate, ordStatus, ordCost) VALUES (357, '2025-02-23', 'delivered', 417);
INSERT INTO orders (ordId, ordDate, ordStatus, ordCost) VALUES (358, '2023-10-13', 'cancelled', 1800);
INSERT INTO orders (ordId, ordDate, ordStatus, ordCost) VALUES (359, '2024-05-28', 'shipped', 485);
INSERT INTO orders (ordId, ordDate, ordStatus, ordCost) VALUES (360, '2023-09-29', 'shipped', 1049);
INSERT INTO orders (ordId, ordDate, ordStatus, ordCost) VALUES (361, '2023-10-26', 'ordered', 806);
INSERT INTO orders (ordId, ordDate, ordStatus, ordCost) VALUES (362, '2025-02-08', 'ordered', 200);
INSERT INTO orders (ordId, ordDate, ordStatus, ordCost) VALUES (363, '2023-08-04', 'shipped', 760);
INSERT INTO orders (ordId, ordDate, ordStatus, ordCost) VALUES (364, '2024-05-09', 'delivered', 774);
INSERT INTO orders (ordId, ordDate, ordStatus, ordCost) VALUES (365, '2023-06-19', 'cancelled', 778);
INSERT INTO orders (ordId, ordDate, ordStatus, ordCost) VALUES (366, '2024-09-27', 'ordered', 255);
INSERT INTO orders (ordId, ordDate, ordStatus, ordCost) VALUES (367, '2025-02-03', 'ordered', 660);
INSERT INTO orders (ordId, ordDate, ordStatus, ordCost) VALUES (368, '2023-09-20', 'delivered', 1);
INSERT INTO orders (ordId, ordDate, ordStatus, ordCost) VALUES (369, '2024-08-23', 'ordered', 516);
INSERT INTO orders (ordId, ordDate, ordStatus, ordCost) VALUES (370, '2023-09-12', 'delivered', 1);
INSERT INTO orders (ordId, ordDate, ordStatus, ordCost) VALUES (371, '2023-04-09', 'delivered', 1);
INSERT INTO orders (ordId, ordDate, ordStatus, ordCost) VALUES (372, '2023-06-28', 'delivered', 1273);
INSERT INTO orders (ordId, ordDate, ordStatus, ordCost) VALUES (373, '2024-05-16', 'cancelled', 1);
INSERT INTO orders (ordId, ordDate, ordStatus, ordCost) VALUES (374, '2023-08-02', 'delivered', 285);
INSERT INTO orders (ordId, ordDate, ordStatus, ordCost) VALUES (375, '2024-08-15', 'shipped', 348);
INSERT INTO orders (ordId, ordDate, ordStatus, ordCost) VALUES (376, '2023-06-07', 'cancelled', 1);
INSERT INTO orders (ordId, ordDate, ordStatus, ordCost) VALUES (377, '2024-04-03', 'delivered', 301);
INSERT INTO orders (ordId, ordDate, ordStatus, ordCost) VALUES (378, '2023-09-11', 'cancelled', 701);
INSERT INTO orders (ordId, ordDate, ordStatus, ordCost) VALUES (379, '2024-03-26', 'cancelled', 1);
INSERT INTO orders (ordId, ordDate, ordStatus, ordCost) VALUES (380, '2024-08-09', 'delivered', 50);
INSERT INTO orders (ordId, ordDate, ordStatus, ordCost) VALUES (381, '2024-12-06', 'cancelled', 342);
INSERT INTO orders (ordId, ordDate, ordStatus, ordCost) VALUES (382, '2024-11-18', 'delivered', 1269);
INSERT INTO orders (ordId, ordDate, ordStatus, ordCost) VALUES (383, '2024-07-11', 'delivered', 598);
INSERT INTO orders (ordId, ordDate, ordStatus, ordCost) VALUES (384, '2025-03-22', 'delivered', 1206);
INSERT INTO orders (ordId, ordDate, ordStatus, ordCost) VALUES (385, '2023-11-22', 'shipped', 814);
INSERT INTO orders (ordId, ordDate, ordStatus, ordCost) VALUES (386, '2024-12-08', 'ordered', 1);
INSERT INTO orders (ordId, ordDate, ordStatus, ordCost) VALUES (387, '2025-03-18', 'delivered', 613);
INSERT INTO orders (ordId, ordDate, ordStatus, ordCost) VALUES (388, '2024-08-22', 'cancelled', 1523);
INSERT INTO orders (ordId, ordDate, ordStatus, ordCost) VALUES (389, '2023-06-07', 'cancelled', 639);
INSERT INTO orders (ordId, ordDate, ordStatus, ordCost) VALUES (390, '2023-09-12', 'delivered', 496);
INSERT INTO orders (ordId, ordDate, ordStatus, ordCost) VALUES (391, '2024-03-12', 'cancelled', 672);
INSERT INTO orders (ordId, ordDate, ordStatus, ordCost) VALUES (392, '2023-08-16', 'delivered', 383);
INSERT INTO orders (ordId, ordDate, ordStatus, ordCost) VALUES (393, '2024-09-04', 'ordered', 838);
INSERT INTO orders (ordId, ordDate, ordStatus, ordCost) VALUES (394, '2024-01-22', 'delivered', 1);
INSERT INTO orders (ordId, ordDate, ordStatus, ordCost) VALUES (395, '2024-04-27', 'delivered', 1174);
INSERT INTO orders (ordId, ordDate, ordStatus, ordCost) VALUES (396, '2024-07-24', 'cancelled', 1013);
INSERT INTO orders (ordId, ordDate, ordStatus, ordCost) VALUES (397, '2023-10-10', 'delivered', 186);
INSERT INTO orders (ordId, ordDate, ordStatus, ordCost) VALUES (398, '2023-08-19', 'delivered', 461);
INSERT INTO orders (ordId, ordDate, ordStatus, ordCost) VALUES (399, '2023-10-16', 'delivered', 374);
INSERT INTO orders (ordId, ordDate, ordStatus, ordCost) VALUES (400, '2023-04-11', 'delivered', 1295);

-- Insert into customer
INSERT INTO customer (cId, cName, cPhone, ordId) VALUES (1, 'Itay Levi', 641820540, 257);
INSERT INTO customer (cId, cName, cPhone, ordId) VALUES (2, 'Yosef Levi', 341248848, 212);
INSERT INTO customer (cId, cName, cPhone, ordId) VALUES (3, 'Shira Peretz', 733618619, 164);
INSERT INTO customer (cId, cName, cPhone, ordId) VALUES (4, 'Omer Gabbay', 817204040, 352);
INSERT INTO customer (cId, cName, cPhone, ordId) VALUES (5, 'Yosef Segal', 776966980, 249);
INSERT INTO customer (cId, cName, cPhone, ordId) VALUES (6, 'Yonatan Shimon', 218669717, 280);
INSERT INTO customer (cId, cName, cPhone, ordId) VALUES (7, 'Miriam Malka', 532097065, 251);
INSERT INTO customer (cId, cName, cPhone, ordId) VALUES (8, 'Omer Malka', 738187948, 161);
INSERT INTO customer (cId, cName, cPhone, ordId) VALUES (9, 'Shira Tzadok', 720252868, 238);
INSERT INTO customer (cId, cName, cPhone, ordId) VALUES (10, 'Natan Cohen', 156683979, 230);
INSERT INTO customer (cId, cName, cPhone, ordId) VALUES (11, 'Miriam Peretz', 531463475, 135);
INSERT INTO customer (cId, cName, cPhone, ordId) VALUES (12, 'Esther Ezra', 943751341, 364);
INSERT INTO customer (cId, cName, cPhone, ordId) VALUES (13, 'Eli Dayan', 646236559, 45);
INSERT INTO customer (cId, cName, cPhone, ordId) VALUES (14, 'Natan Gabbay', 875104064, 79);
INSERT INTO customer (cId, cName, cPhone, ordId) VALUES (15, 'Rachel Tzadok', 882123793, 344);
INSERT INTO customer (cId, cName, cPhone, ordId) VALUES (16, 'Omer Tzadok', 454756523, 70);
INSERT INTO customer (cId, cName, cPhone, ordId) VALUES (17, 'Daniel Peretz', 670433927, 159);
INSERT INTO customer (cId, cName, cPhone, ordId) VALUES (18, 'Avigail Malka', 776903145, 106);
INSERT INTO customer (cId, cName, cPhone, ordId) VALUES (19, 'Shira Segal', 454649442, 360);
INSERT INTO customer (cId, cName, cPhone, ordId) VALUES (20, 'Omer Peretz', 292450469, 275);
INSERT INTO customer (cId, cName, cPhone, ordId) VALUES (21, 'David Shalom', 230727937, 246);
INSERT INTO customer (cId, cName, cPhone, ordId) VALUES (22, 'Shira Rahmani', 528323491, 293);
INSERT INTO customer (cId, cName, cPhone, ordId) VALUES (23, 'David Gabbay', 318858781, 115);
INSERT INTO customer (cId, cName, cPhone, ordId) VALUES (24, 'Eli Shapira', 581743044, 33);
INSERT INTO customer (cId, cName, cPhone, ordId) VALUES (25, 'Natan Biton', 956386767, 93);
INSERT INTO customer (cId, cName, cPhone, ordId) VALUES (26, 'Avigail Peretz', 934314336, 132);
INSERT INTO customer (cId, cName, cPhone, ordId) VALUES (27, 'Esther Gabbay', 367964699, 262);
INSERT INTO customer (cId, cName, cPhone, ordId) VALUES (28, 'Eli Katz', 759467304, 298);
INSERT INTO customer (cId, cName, cPhone, ordId) VALUES (29, 'Daniel Biton', 123159737, 316);
INSERT INTO customer (cId, cName, cPhone, ordId) VALUES (30, 'Tamar Gabbay', 674175003, 40);
INSERT INTO customer (cId, cName, cPhone, ordId) VALUES (31, 'Itay Katz', 695508049, 278);
INSERT INTO customer (cId, cName, cPhone, ordId) VALUES (32, 'Yosef Peretz', 394120558, 100);
INSERT INTO customer (cId, cName, cPhone, ordId) VALUES (33, 'Yael Shapira', 587994406, 281);
INSERT INTO customer (cId, cName, cPhone, ordId) VALUES (34, 'Itay Shimon', 716549449, 218);
INSERT INTO customer (cId, cName, cPhone, ordId) VALUES (35, 'Sarah Cohen', 102589699, 314);
INSERT INTO customer (cId, cName, cPhone, ordId) VALUES (36, 'Miriam Cohen', 821100361, 180);
INSERT INTO customer (cId, cName, cPhone, ordId) VALUES (37, 'Avigail Shalom', 149328266, 69);
INSERT INTO customer (cId, cName, cPhone, ordId) VALUES (38, 'Shira Ezra', 757720672, 49);
INSERT INTO customer (cId, cName, cPhone, ordId) VALUES (39, 'Itay Malka', 146300108, 2);
INSERT INTO customer (cId, cName, cPhone, ordId) VALUES (40, 'Natan Avraham', 493389953, 133);
INSERT INTO customer (cId, cName, cPhone, ordId) VALUES (41, 'Esther Mizrahi', 832539271, 355);
INSERT INTO customer (cId, cName, cPhone, ordId) VALUES (42, 'Esther Rahmani', 610931399, 384);
INSERT INTO customer (cId, cName, cPhone, ordId) VALUES (43, 'Noa Katz', 249617456, 1);
INSERT INTO customer (cId, cName, cPhone, ordId) VALUES (44, 'Yosef Shapira', 817490217, 386);
INSERT INTO customer (cId, cName, cPhone, ordId) VALUES (45, 'Tamar Tzadok', 930093181, 123);
INSERT INTO customer (cId, cName, cPhone, ordId) VALUES (46, 'Miriam Tamir', 384295270, 24);
INSERT INTO customer (cId, cName, cPhone, ordId) VALUES (47, 'Yosef Biton', 612686165, 31);
INSERT INTO customer (cId, cName, cPhone, ordId) VALUES (48, 'Sarah Gabbay', 780286320, 223);
INSERT INTO customer (cId, cName, cPhone, ordId) VALUES (49, 'Rachel Cohen', 876587057, 201);
INSERT INTO customer (cId, cName, cPhone, ordId) VALUES (50, 'Yael Avraham', 280022635, 93);
INSERT INTO customer (cId, cName, cPhone, ordId) VALUES (51, 'Rachel Shapira', 826993137, 165);
INSERT INTO customer (cId, cName, cPhone, ordId) VALUES (52, 'Yonatan Katz', 506013971, 390);
INSERT INTO customer (cId, cName, cPhone, ordId) VALUES (53, 'Yael Katz', 150290224, 299);
INSERT INTO customer (cId, cName, cPhone, ordId) VALUES (54, 'Miriam Baruch', 468863276, 370);
INSERT INTO customer (cId, cName, cPhone, ordId) VALUES (55, 'Leah Peretz', 545958475, 332);
INSERT INTO customer (cId, cName, cPhone, ordId) VALUES (56, 'Yonatan Peretz', 192209359, 299);
INSERT INTO customer (cId, cName, cPhone, ordId) VALUES (57, 'Esther Dayan', 888666380, 74);
INSERT INTO customer (cId, cName, cPhone, ordId) VALUES (58, 'Sarah Segal', 819725854, 244);
INSERT INTO customer (cId, cName, cPhone, ordId) VALUES (59, 'Noa Peretz', 389385528, 94);
INSERT INTO customer (cId, cName, cPhone, ordId) VALUES (60, 'Avigail Segal', 812123780, 205);
INSERT INTO customer (cId, cName, cPhone, ordId) VALUES (61, 'Avigail Shimon', 350232117, 340);
INSERT INTO customer (cId, cName, cPhone, ordId) VALUES (62, 'Esther Malka', 924268491, 41);
INSERT INTO customer (cId, cName, cPhone, ordId) VALUES (63, 'Natan Rahmani', 570298779, 77);
INSERT INTO customer (cId, cName, cPhone, ordId) VALUES (64, 'Sarah Mizrahi', 319530282, 314);
INSERT INTO customer (cId, cName, cPhone, ordId) VALUES (65, 'Eli Shalom', 484711767, 83);
INSERT INTO customer (cId, cName, cPhone, ordId) VALUES (66, 'Yael Cohen', 726641421, 218);
INSERT INTO customer (cId, cName, cPhone, ordId) VALUES (67, 'Leah Avraham', 223363176, 214);
INSERT INTO customer (cId, cName, cPhone, ordId) VALUES (68, 'Moshe Mizrahi', 187059984, 344);
INSERT INTO customer (cId, cName, cPhone, ordId) VALUES (69, 'Miriam Sharabi', 887246808, 350);
INSERT INTO customer (cId, cName, cPhone, ordId) VALUES (70, 'Omer Shalom', 382224120, 359);
INSERT INTO customer (cId, cName, cPhone, ordId) VALUES (71, 'Aharon Baruch', 997286577, 259);
INSERT INTO customer (cId, cName, cPhone, ordId) VALUES (72, 'Daniel Cohen', 656788502, 234);
INSERT INTO customer (cId, cName, cPhone, ordId) VALUES (73, 'Yonatan Tamir', 958350875, 117);
INSERT INTO customer (cId, cName, cPhone, ordId) VALUES (74, 'Natan Shimon', 879269528, 128);
INSERT INTO customer (cId, cName, cPhone, ordId) VALUES (75, 'Noa Avraham', 221776826, 138);
INSERT INTO customer (cId, cName, cPhone, ordId) VALUES (76, 'Natan Malka', 172162673, 24);
INSERT INTO customer (cId, cName, cPhone, ordId) VALUES (77, 'Miriam Rahmani', 716651744, 131);
INSERT INTO customer (cId, cName, cPhone, ordId) VALUES (78, 'Itay Tzadok', 810436349, 77);
INSERT INTO customer (cId, cName, cPhone, ordId) VALUES (79, 'Omer Levi', 574538633, 386);
INSERT INTO customer (cId, cName, cPhone, ordId) VALUES (80, 'Eli Levi', 975935763, 87);
INSERT INTO customer (cId, cName, cPhone, ordId) VALUES (81, 'Yael Baruch', 618983248, 12);
INSERT INTO customer (cId, cName, cPhone, ordId) VALUES (82, 'Yonatan Segal', 724136792, 326);
INSERT INTO customer (cId, cName, cPhone, ordId) VALUES (83, 'Omer Tamir', 770479671, 109);
INSERT INTO customer (cId, cName, cPhone, ordId) VALUES (84, 'Eli Rahmani', 866945788, 145);
INSERT INTO customer (cId, cName, cPhone, ordId) VALUES (85, 'Moshe Tzadok', 421740460, 166);
INSERT INTO customer (cId, cName, cPhone, ordId) VALUES (86, 'Shira Avraham', 232772964, 269);
INSERT INTO customer (cId, cName, cPhone, ordId) VALUES (87, 'Sarah Rahmani', 673736315, 361);
INSERT INTO customer (cId, cName, cPhone, ordId) VALUES (88, 'Natan Ezra', 986300105, 249);
INSERT INTO customer (cId, cName, cPhone, ordId) VALUES (89, 'Eli Mizrahi', 911296880, 238);
INSERT INTO customer (cId, cName, cPhone, ordId) VALUES (90, 'Yosef Ezra', 792154501, 393);
INSERT INTO customer (cId, cName, cPhone, ordId) VALUES (91, 'Yosef Shalom', 372801530, 181);
INSERT INTO customer (cId, cName, cPhone, ordId) VALUES (92, 'Sarah Tamir', 430729439, 370);
INSERT INTO customer (cId, cName, cPhone, ordId) VALUES (93, 'Leah Baruch', 213860059, 237);
INSERT INTO customer (cId, cName, cPhone, ordId) VALUES (94, 'Yael Dayan', 513005996, 327);
INSERT INTO customer (cId, cName, cPhone, ordId) VALUES (95, 'Leah Segal', 644952978, 398);
INSERT INTO customer (cId, cName, cPhone, ordId) VALUES (96, 'Itay Shapira', 879265721, 72);
INSERT INTO customer (cId, cName, cPhone, ordId) VALUES (97, 'Daniel Shapira', 437864917, 30);
INSERT INTO customer (cId, cName, cPhone, ordId) VALUES (98, 'Moshe Peretz', 256655980, 211);
INSERT INTO customer (cId, cName, cPhone, ordId) VALUES (99, 'Moshe Gabbay', 269346683, 221);
INSERT INTO customer (cId, cName, cPhone, ordId) VALUES (100, 'Esther Biton', 198129655, 227);
INSERT INTO customer (cId, cName, cPhone, ordId) VALUES (101, 'Rachel Baruch', 734704396, 381);
INSERT INTO customer (cId, cName, cPhone, ordId) VALUES (102, 'Moshe Sharabi', 405861191, 239);
INSERT INTO customer (cId, cName, cPhone, ordId) VALUES (103, 'Avigail Rahmani', 693710363, 296);
INSERT INTO customer (cId, cName, cPhone, ordId) VALUES (104, 'Esther Levi', 506979721, 174);
INSERT INTO customer (cId, cName, cPhone, ordId) VALUES (105, 'Omer Shapira', 740077115, 296);
INSERT INTO customer (cId, cName, cPhone, ordId) VALUES (106, 'Tamar Baruch', 423736202, 221);
INSERT INTO customer (cId, cName, cPhone, ordId) VALUES (107, 'Tamar Avraham', 381217923, 162);
INSERT INTO customer (cId, cName, cPhone, ordId) VALUES (108, 'Yosef Cohen', 641921119, 300);
INSERT INTO customer (cId, cName, cPhone, ordId) VALUES (109, 'Miriam Avraham', 278091911, 121);
INSERT INTO customer (cId, cName, cPhone, ordId) VALUES (110, 'Itay Dayan', 451289092, 250);
INSERT INTO customer (cId, cName, cPhone, ordId) VALUES (111, 'Noa Levi', 363836119, 97);
INSERT INTO customer (cId, cName, cPhone, ordId) VALUES (112, 'Esther Shapira', 534583123, 271);
INSERT INTO customer (cId, cName, cPhone, ordId) VALUES (113, 'Yosef Shimon', 930443719, 47);
INSERT INTO customer (cId, cName, cPhone, ordId) VALUES (114, 'Natan Levi', 829222186, 99);
INSERT INTO customer (cId, cName, cPhone, ordId) VALUES (115, 'Daniel Mizrahi', 285287495, 248);
INSERT INTO customer (cId, cName, cPhone, ordId) VALUES (116, 'Sarah Shimon', 902249637, 349);
INSERT INTO customer (cId, cName, cPhone, ordId) VALUES (117, 'Shira Shalom', 603601530, 116);
INSERT INTO customer (cId, cName, cPhone, ordId) VALUES (118, 'Itay Gabbay', 396808731, 346);
INSERT INTO customer (cId, cName, cPhone, ordId) VALUES (119, 'Avigail Gabbay', 835689324, 163);
INSERT INTO customer (cId, cName, cPhone, ordId) VALUES (120, 'Esther Avraham', 284942349, 59);
INSERT INTO customer (cId, cName, cPhone, ordId) VALUES (121, 'Sarah Sharabi', 445357620, 183);
INSERT INTO customer (cId, cName, cPhone, ordId) VALUES (122, 'Sarah Baruch', 802697946, 171);
INSERT INTO customer (cId, cName, cPhone, ordId) VALUES (123, 'Aharon Malka', 800732832, 287);
INSERT INTO customer (cId, cName, cPhone, ordId) VALUES (124, 'Yonatan Malka', 745643135, 165);
INSERT INTO customer (cId, cName, cPhone, ordId) VALUES (125, 'Avigail Dayan', 246151398, 222);
INSERT INTO customer (cId, cName, cPhone, ordId) VALUES (126, 'Yosef Baruch', 589078732, 155);
INSERT INTO customer (cId, cName, cPhone, ordId) VALUES (127, 'Miriam Dayan', 861255827, 309);
INSERT INTO customer (cId, cName, cPhone, ordId) VALUES (128, 'Avigail Tzadok', 718518344, 162);
INSERT INTO customer (cId, cName, cPhone, ordId) VALUES (129, 'Miriam Shapira', 449734971, 2);
INSERT INTO customer (cId, cName, cPhone, ordId) VALUES (130, 'Yonatan Dayan', 659417787, 284);
INSERT INTO customer (cId, cName, cPhone, ordId) VALUES (131, 'David Tzadok', 272581726, 400);
INSERT INTO customer (cId, cName, cPhone, ordId) VALUES (132, 'Shira Malka', 588183831, 71);
INSERT INTO customer (cId, cName, cPhone, ordId) VALUES (133, 'Yosef Gabbay', 611089842, 59);
INSERT INTO customer (cId, cName, cPhone, ordId) VALUES (134, 'Yael Peretz', 247271888, 114);
INSERT INTO customer (cId, cName, cPhone, ordId) VALUES (135, 'David Tamir', 208688605, 146);
INSERT INTO customer (cId, cName, cPhone, ordId) VALUES (136, 'Aharon Tzadok', 195822486, 250);
INSERT INTO customer (cId, cName, cPhone, ordId) VALUES (137, 'Avigail Mizrahi', 461313232, 120);
INSERT INTO customer (cId, cName, cPhone, ordId) VALUES (138, 'Miriam Tzadok', 475326145, 398);
INSERT INTO customer (cId, cName, cPhone, ordId) VALUES (139, 'Miriam Shimon', 892370235, 160);
INSERT INTO customer (cId, cName, cPhone, ordId) VALUES (140, 'Avigail Cohen', 857582165, 266);
INSERT INTO customer (cId, cName, cPhone, ordId) VALUES (141, 'Itay Baruch', 743180684, 164);
INSERT INTO customer (cId, cName, cPhone, ordId) VALUES (142, 'Aharon Levi', 685198102, 369);
INSERT INTO customer (cId, cName, cPhone, ordId) VALUES (143, 'Moshe Avraham', 234301699, 101);
INSERT INTO customer (cId, cName, cPhone, ordId) VALUES (144, 'Tamar Peretz', 824512330, 132);
INSERT INTO customer (cId, cName, cPhone, ordId) VALUES (145, 'Yael Rahmani', 219164325, 140);
INSERT INTO customer (cId, cName, cPhone, ordId) VALUES (146, 'Rachel Rahmani', 151374637, 92);
INSERT INTO customer (cId, cName, cPhone, ordId) VALUES (147, 'Esther Tamir', 531937092, 251);
INSERT INTO customer (cId, cName, cPhone, ordId) VALUES (148, 'Yosef Tamir', 157209242, 43);
INSERT INTO customer (cId, cName, cPhone, ordId) VALUES (149, 'Itay Biton', 187395904, 300);
INSERT INTO customer (cId, cName, cPhone, ordId) VALUES (150, 'Daniel Dayan', 801671513, 23);
INSERT INTO customer (cId, cName, cPhone, ordId) VALUES (151, 'Daniel Levi', 566061695, 371);
INSERT INTO customer (cId, cName, cPhone, ordId) VALUES (152, 'Aharon Mizrahi', 157957180, 318);
INSERT INTO customer (cId, cName, cPhone, ordId) VALUES (153, 'Itay Segal', 138972764, 100);
INSERT INTO customer (cId, cName, cPhone, ordId) VALUES (154, 'Avigail Ezra', 745463629, 166);
INSERT INTO customer (cId, cName, cPhone, ordId) VALUES (155, 'Itay Avraham', 506988269, 87);
INSERT INTO customer (cId, cName, cPhone, ordId) VALUES (156, 'David Avraham', 270803188, 309);
INSERT INTO customer (cId, cName, cPhone, ordId) VALUES (157, 'Leah Ezra', 758629560, 168);
INSERT INTO customer (cId, cName, cPhone, ordId) VALUES (158, 'Noa Shimon', 575950547, 240);
INSERT INTO customer (cId, cName, cPhone, ordId) VALUES (159, 'Aharon Ezra', 803598237, 105);
INSERT INTO customer (cId, cName, cPhone, ordId) VALUES (160, 'Yosef Sharabi', 519607079, 212);
INSERT INTO customer (cId, cName, cPhone, ordId) VALUES (161, 'Itay Shalom', 933993724, 249);
INSERT INTO customer (cId, cName, cPhone, ordId) VALUES (162, 'Noa Mizrahi', 347617659, 363);
INSERT INTO customer (cId, cName, cPhone, ordId) VALUES (163, 'Esther Sharabi', 323766502, 119);
INSERT INTO customer (cId, cName, cPhone, ordId) VALUES (164, 'Tamar Rahmani', 351034850, 240);
INSERT INTO customer (cId, cName, cPhone, ordId) VALUES (165, 'Esther Cohen', 204324621, 359);
INSERT INTO customer (cId, cName, cPhone, ordId) VALUES (166, 'Noa Ezra', 703327253, 270);
INSERT INTO customer (cId, cName, cPhone, ordId) VALUES (167, 'Itay Cohen', 597175515, 351);
INSERT INTO customer (cId, cName, cPhone, ordId) VALUES (168, 'Avigail Sharabi', 187359994, 19);
INSERT INTO customer (cId, cName, cPhone, ordId) VALUES (169, 'Itay Peretz', 728264696, 391);
INSERT INTO customer (cId, cName, cPhone, ordId) VALUES (170, 'Esther Katz', 151853161, 373);
INSERT INTO customer (cId, cName, cPhone, ordId) VALUES (171, 'Tamar Sharabi', 224177679, 91);
INSERT INTO customer (cId, cName, cPhone, ordId) VALUES (172, 'Esther Shimon', 464682688, 87);
INSERT INTO customer (cId, cName, cPhone, ordId) VALUES (173, 'Rachel Dayan', 699349386, 42);
INSERT INTO customer (cId, cName, cPhone, ordId) VALUES (174, 'Yael Ezra', 218277642, 67);
INSERT INTO customer (cId, cName, cPhone, ordId) VALUES (175, 'Leah Sharabi', 233835930, 333);
INSERT INTO customer (cId, cName, cPhone, ordId) VALUES (176, 'Moshe Malka', 364074714, 292);
INSERT INTO customer (cId, cName, cPhone, ordId) VALUES (177, 'David Katz', 568608492, 248);
INSERT INTO customer (cId, cName, cPhone, ordId) VALUES (178, 'Yosef Rahmani', 893465315, 179);
INSERT INTO customer (cId, cName, cPhone, ordId) VALUES (179, 'Noa Biton', 750939183, 278);
INSERT INTO customer (cId, cName, cPhone, ordId) VALUES (180, 'Omer Dayan', 581961986, 349);
INSERT INTO customer (cId, cName, cPhone, ordId) VALUES (181, 'Moshe Baruch', 109345313, 317);
INSERT INTO customer (cId, cName, cPhone, ordId) VALUES (182, 'Leah Tzadok', 589423528, 6);
INSERT INTO customer (cId, cName, cPhone, ordId) VALUES (183, 'David Biton', 356576777, 245);
INSERT INTO customer (cId, cName, cPhone, ordId) VALUES (184, 'Rachel Mizrahi', 212287083, 237);
INSERT INTO customer (cId, cName, cPhone, ordId) VALUES (185, 'Eli Sharabi', 329848076, 145);
INSERT INTO customer (cId, cName, cPhone, ordId) VALUES (186, 'Shira Tamir', 530764976, 304);
INSERT INTO customer (cId, cName, cPhone, ordId) VALUES (187, 'Natan Katz', 594445265, 111);
INSERT INTO customer (cId, cName, cPhone, ordId) VALUES (188, 'Daniel Shimon', 968485288, 349);
INSERT INTO customer (cId, cName, cPhone, ordId) VALUES (189, 'Omer Biton', 481865241, 317);
INSERT INTO customer (cId, cName, cPhone, ordId) VALUES (190, 'Noa Gabbay', 413610505, 102);
INSERT INTO customer (cId, cName, cPhone, ordId) VALUES (191, 'Rachel Levi', 203377446, 209);
INSERT INTO customer (cId, cName, cPhone, ordId) VALUES (192, 'Moshe Tamir', 571969345, 356);
INSERT INTO customer (cId, cName, cPhone, ordId) VALUES (193, 'Yael Shalom', 228984231, 139);
INSERT INTO customer (cId, cName, cPhone, ordId) VALUES (194, 'Yael Gabbay', 638695820, 257);
INSERT INTO customer (cId, cName, cPhone, ordId) VALUES (195, 'Omer Baruch', 275922783, 115);
INSERT INTO customer (cId, cName, cPhone, ordId) VALUES (196, 'Rachel Peretz', 161266531, 264);
INSERT INTO customer (cId, cName, cPhone, ordId) VALUES (197, 'Avigail Levi', 859311173, 142);
INSERT INTO customer (cId, cName, cPhone, ordId) VALUES (198, 'Sarah Biton', 591188798, 16);
INSERT INTO customer (cId, cName, cPhone, ordId) VALUES (199, 'Moshe Segal', 141101261, 34);
INSERT INTO customer (cId, cName, cPhone, ordId) VALUES (200, 'David Ezra', 998151496, 359);
INSERT INTO customer (cId, cName, cPhone, ordId) VALUES (201, 'Miriam Mizrahi', 761386994, 44);
INSERT INTO customer (cId, cName, cPhone, ordId) VALUES (202, 'Esther Tzadok', 561589752, 356);
INSERT INTO customer (cId, cName, cPhone, ordId) VALUES (203, 'Sarah Shapira', 783996142, 15);
INSERT INTO customer (cId, cName, cPhone, ordId) VALUES (204, 'Omer Shimon', 596527017, 102);
INSERT INTO customer (cId, cName, cPhone, ordId) VALUES (205, 'Leah Rahmani', 513914445, 388);
INSERT INTO customer (cId, cName, cPhone, ordId) VALUES (206, 'Avigail Biton', 353021923, 201);
INSERT INTO customer (cId, cName, cPhone, ordId) VALUES (207, 'Esther Peretz', 830648065, 192);
INSERT INTO customer (cId, cName, cPhone, ordId) VALUES (208, 'Avigail Katz', 933421056, 102);
INSERT INTO customer (cId, cName, cPhone, ordId) VALUES (209, 'Moshe Katz', 208154766, 20);
INSERT INTO customer (cId, cName, cPhone, ordId) VALUES (210, 'Noa Shapira', 688305923, 364);
INSERT INTO customer (cId, cName, cPhone, ordId) VALUES (211, 'Yael Sharabi', 449023983, 356);
INSERT INTO customer (cId, cName, cPhone, ordId) VALUES (212, 'Aharon Biton', 569503909, 42);
INSERT INTO customer (cId, cName, cPhone, ordId) VALUES (213, 'Leah Mizrahi', 138242769, 208);
INSERT INTO customer (cId, cName, cPhone, ordId) VALUES (214, 'Daniel Baruch', 145456837, 93);
INSERT INTO customer (cId, cName, cPhone, ordId) VALUES (215, 'David Shapira', 207996478, 318);
INSERT INTO customer (cId, cName, cPhone, ordId) VALUES (216, 'Aharon Cohen', 430387186, 93);
INSERT INTO customer (cId, cName, cPhone, ordId) VALUES (217, 'Leah Tamir', 107020078, 225);
INSERT INTO customer (cId, cName, cPhone, ordId) VALUES (218, 'David Rahmani', 519877959, 355);
INSERT INTO customer (cId, cName, cPhone, ordId) VALUES (219, 'Daniel Tamir', 835843075, 28);
INSERT INTO customer (cId, cName, cPhone, ordId) VALUES (220, 'Aharon Katz', 906147254, 102);
INSERT INTO customer (cId, cName, cPhone, ordId) VALUES (221, 'Shira Gabbay', 611032281, 282);
INSERT INTO customer (cId, cName, cPhone, ordId) VALUES (222, 'Rachel Malka', 239136563, 39);
INSERT INTO customer (cId, cName, cPhone, ordId) VALUES (223, 'Eli Malka', 481543506, 35);
INSERT INTO customer (cId, cName, cPhone, ordId) VALUES (224, 'Yonatan Shapira', 339869969, 7);
INSERT INTO customer (cId, cName, cPhone, ordId) VALUES (225, 'Shira Dayan', 268357291, 287);
INSERT INTO customer (cId, cName, cPhone, ordId) VALUES (226, 'Rachel Biton', 447982260, 384);
INSERT INTO customer (cId, cName, cPhone, ordId) VALUES (227, 'Itay Rahmani', 921250712, 332);
INSERT INTO customer (cId, cName, cPhone, ordId) VALUES (228, 'Avigail Baruch', 935142989, 360);
INSERT INTO customer (cId, cName, cPhone, ordId) VALUES (229, 'Eli Biton', 265719832, 310);
INSERT INTO customer (cId, cName, cPhone, ordId) VALUES (230, 'Tamar Dayan', 589908241, 312);
INSERT INTO customer (cId, cName, cPhone, ordId) VALUES (231, 'Yonatan Rahmani', 298756879, 131);
INSERT INTO customer (cId, cName, cPhone, ordId) VALUES (232, 'Yael Mizrahi', 760835469, 179);
INSERT INTO customer (cId, cName, cPhone, ordId) VALUES (233, 'Noa Baruch', 773977063, 151);
INSERT INTO customer (cId, cName, cPhone, ordId) VALUES (234, 'Aharon Peretz', 236381466, 199);
INSERT INTO customer (cId, cName, cPhone, ordId) VALUES (235, 'Tamar Shimon', 456924812, 102);
INSERT INTO customer (cId, cName, cPhone, ordId) VALUES (236, 'Yosef Dayan', 651470773, 198);
INSERT INTO customer (cId, cName, cPhone, ordId) VALUES (237, 'Miriam Katz', 905302704, 26);
INSERT INTO customer (cId, cName, cPhone, ordId) VALUES (238, 'Avigail Avraham', 749748714, 328);
INSERT INTO customer (cId, cName, cPhone, ordId) VALUES (239, 'Eli Tamir', 424250007, 242);
INSERT INTO customer (cId, cName, cPhone, ordId) VALUES (240, 'Leah Katz', 581269404, 75);
INSERT INTO customer (cId, cName, cPhone, ordId) VALUES (241, 'Yonatan Avraham', 257989642, 381);
INSERT INTO customer (cId, cName, cPhone, ordId) VALUES (242, 'Itay Ezra', 605404434, 318);
INSERT INTO customer (cId, cName, cPhone, ordId) VALUES (243, 'Yonatan Levi', 983156260, 157);
INSERT INTO customer (cId, cName, cPhone, ordId) VALUES (244, 'Noa Malka', 595936010, 318);
INSERT INTO customer (cId, cName, cPhone, ordId) VALUES (245, 'Aharon Gabbay', 668691853, 356);
INSERT INTO customer (cId, cName, cPhone, ordId) VALUES (246, 'Tamar Shapira', 711250293, 191);
INSERT INTO customer (cId, cName, cPhone, ordId) VALUES (247, 'Moshe Biton', 915380455, 331);
INSERT INTO customer (cId, cName, cPhone, ordId) VALUES (248, 'Natan Tzadok', 960193861, 279);
INSERT INTO customer (cId, cName, cPhone, ordId) VALUES (249, 'Yonatan Biton', 352392341, 280);
INSERT INTO customer (cId, cName, cPhone, ordId) VALUES (250, 'Yonatan Cohen', 401837077, 93);
INSERT INTO customer (cId, cName, cPhone, ordId) VALUES (251, 'Miriam Gabbay', 343399250, 209);
INSERT INTO customer (cId, cName, cPhone, ordId) VALUES (252, 'Eli Ezra', 390980363, 299);
INSERT INTO customer (cId, cName, cPhone, ordId) VALUES (253, 'Yonatan Tzadok', 242869985, 204);
INSERT INTO customer (cId, cName, cPhone, ordId) VALUES (254, 'Yosef Tzadok', 434638420, 66);
INSERT INTO customer (cId, cName, cPhone, ordId) VALUES (255, 'Tamar Ezra', 557790595, 331);
INSERT INTO customer (cId, cName, cPhone, ordId) VALUES (256, 'Aharon Dayan', 286307288, 274);
INSERT INTO customer (cId, cName, cPhone, ordId) VALUES (257, 'Aharon Sharabi', 405268940, 222);
INSERT INTO customer (cId, cName, cPhone, ordId) VALUES (258, 'Natan Baruch', 493689093, 187);
INSERT INTO customer (cId, cName, cPhone, ordId) VALUES (259, 'Eli Peretz', 814529058, 131);
INSERT INTO customer (cId, cName, cPhone, ordId) VALUES (260, 'Eli Tzadok', 885035104, 385);
INSERT INTO customer (cId, cName, cPhone, ordId) VALUES (261, 'Omer Mizrahi', 748504958, 263);
INSERT INTO customer (cId, cName, cPhone, ordId) VALUES (262, 'Esther Baruch', 926235296, 381);
INSERT INTO customer (cId, cName, cPhone, ordId) VALUES (263, 'Leah Shalom', 288291802, 310);
INSERT INTO customer (cId, cName, cPhone, ordId) VALUES (264, 'Aharon Shimon', 843640852, 247);
INSERT INTO customer (cId, cName, cPhone, ordId) VALUES (265, 'Yosef Katz', 691249992, 15);
INSERT INTO customer (cId, cName, cPhone, ordId) VALUES (266, 'Sarah Peretz', 678342390, 250);
INSERT INTO customer (cId, cName, cPhone, ordId) VALUES (267, 'Yael Biton', 588235737, 372);
INSERT INTO customer (cId, cName, cPhone, ordId) VALUES (268, 'Daniel Katz', 451638510, 208);
INSERT INTO customer (cId, cName, cPhone, ordId) VALUES (269, 'Moshe Shimon', 769831832, 203);
INSERT INTO customer (cId, cName, cPhone, ordId) VALUES (270, 'Sarah Malka', 400929631, 326);
INSERT INTO customer (cId, cName, cPhone, ordId) VALUES (271, 'Noa Tamir', 348986852, 228);
INSERT INTO customer (cId, cName, cPhone, ordId) VALUES (272, 'Eli Baruch', 215712911, 73);
INSERT INTO customer (cId, cName, cPhone, ordId) VALUES (273, 'Omer Sharabi', 245925800, 12);
INSERT INTO customer (cId, cName, cPhone, ordId) VALUES (274, 'Avigail Shapira', 270129013, 59);
INSERT INTO customer (cId, cName, cPhone, ordId) VALUES (275, 'Aharon Avraham', 931143148, 3);
INSERT INTO customer (cId, cName, cPhone, ordId) VALUES (276, 'Yosef Malka', 268364077, 340);
INSERT INTO customer (cId, cName, cPhone, ordId) VALUES (277, 'Daniel Segal', 565271505, 65);
INSERT INTO customer (cId, cName, cPhone, ordId) VALUES (278, 'Itay Tamir', 218111445, 380);
INSERT INTO customer (cId, cName, cPhone, ordId) VALUES (279, 'Esther Segal', 606804200, 217);
INSERT INTO customer (cId, cName, cPhone, ordId) VALUES (280, 'David Malka', 439130146, 224);
INSERT INTO customer (cId, cName, cPhone, ordId) VALUES (281, 'Rachel Ezra', 591488898, 258);
INSERT INTO customer (cId, cName, cPhone, ordId) VALUES (282, 'Miriam Ezra', 121414458, 76);
INSERT INTO customer (cId, cName, cPhone, ordId) VALUES (283, 'Miriam Segal', 338754048, 205);
INSERT INTO customer (cId, cName, cPhone, ordId) VALUES (284, 'Miriam Levi', 222581149, 146);
INSERT INTO customer (cId, cName, cPhone, ordId) VALUES (285, 'David Peretz', 991540116, 42);
INSERT INTO customer (cId, cName, cPhone, ordId) VALUES (286, 'Yael Tamir', 841639070, 35);
INSERT INTO customer (cId, cName, cPhone, ordId) VALUES (287, 'Aharon Tamir', 447592858, 290);
INSERT INTO customer (cId, cName, cPhone, ordId) VALUES (288, 'Natan Segal', 320367379, 226);
INSERT INTO customer (cId, cName, cPhone, ordId) VALUES (289, 'Natan Sharabi', 847537051, 357);
INSERT INTO customer (cId, cName, cPhone, ordId) VALUES (290, 'Aharon Rahmani', 339123637, 352);
INSERT INTO customer (cId, cName, cPhone, ordId) VALUES (291, 'Yael Shimon', 771452193, 158);
INSERT INTO customer (cId, cName, cPhone, ordId) VALUES (292, 'Yael Tzadok', 647111473, 51);
INSERT INTO customer (cId, cName, cPhone, ordId) VALUES (293, 'Shira Mizrahi', 131488335, 335);
INSERT INTO customer (cId, cName, cPhone, ordId) VALUES (294, 'Tamar Shalom', 313892760, 110);
INSERT INTO customer (cId, cName, cPhone, ordId) VALUES (295, 'Yonatan Mizrahi', 117573139, 258);
INSERT INTO customer (cId, cName, cPhone, ordId) VALUES (296, 'Shira Levi', 441094222, 120);
INSERT INTO customer (cId, cName, cPhone, ordId) VALUES (297, 'Aharon Shalom', 883110137, 188);
INSERT INTO customer (cId, cName, cPhone, ordId) VALUES (298, 'Tamar Mizrahi', 588145519, 262);
INSERT INTO customer (cId, cName, cPhone, ordId) VALUES (299, 'Sarah Shalom', 254265052, 54);
INSERT INTO customer (cId, cName, cPhone, ordId) VALUES (300, 'Leah Malka', 735945906, 323);
INSERT INTO customer (cId, cName, cPhone, ordId) VALUES (301, 'Tamar Biton', 500304969, 29);
INSERT INTO customer (cId, cName, cPhone, ordId) VALUES (302, 'Yael Segal', 377251324, 216);
INSERT INTO customer (cId, cName, cPhone, ordId) VALUES (303, 'Noa Rahmani', 149244567, 363);
INSERT INTO customer (cId, cName, cPhone, ordId) VALUES (304, 'Aharon Shapira', 675043737, 313);
INSERT INTO customer (cId, cName, cPhone, ordId) VALUES (305, 'Yonatan Ezra', 896228509, 172);
INSERT INTO customer (cId, cName, cPhone, ordId) VALUES (306, 'Moshe Rahmani', 604777979, 14);
INSERT INTO customer (cId, cName, cPhone, ordId) VALUES (307, 'Daniel Malka', 612016068, 99);
INSERT INTO customer (cId, cName, cPhone, ordId) VALUES (308, 'Moshe Shapira', 464733687, 30);
INSERT INTO customer (cId, cName, cPhone, ordId) VALUES (309, 'Eli Gabbay', 391398675, 66);
INSERT INTO customer (cId, cName, cPhone, ordId) VALUES (310, 'David Levi', 775406042, 394);
INSERT INTO customer (cId, cName, cPhone, ordId) VALUES (311, 'Leah Gabbay', 109196020, 51);
INSERT INTO customer (cId, cName, cPhone, ordId) VALUES (312, 'Moshe Ezra', 647743260, 365);
INSERT INTO customer (cId, cName, cPhone, ordId) VALUES (313, 'Itay Sharabi', 393062091, 337);
INSERT INTO customer (cId, cName, cPhone, ordId) VALUES (314, 'Leah Cohen', 989781027, 395);
INSERT INTO customer (cId, cName, cPhone, ordId) VALUES (315, 'Omer Avraham', 915519220, 46);
INSERT INTO customer (cId, cName, cPhone, ordId) VALUES (316, 'David Dayan', 938733364, 65);
INSERT INTO customer (cId, cName, cPhone, ordId) VALUES (317, 'Daniel Sharabi', 639852636, 156);
INSERT INTO customer (cId, cName, cPhone, ordId) VALUES (318, 'Sarah Dayan', 880379493, 349);
INSERT INTO customer (cId, cName, cPhone, ordId) VALUES (319, 'Yonatan Gabbay', 108799455, 368);
INSERT INTO customer (cId, cName, cPhone, ordId) VALUES (320, 'Yosef Mizrahi', 229697560, 268);
INSERT INTO customer (cId, cName, cPhone, ordId) VALUES (321, 'Daniel Shalom', 293718920, 101);
INSERT INTO customer (cId, cName, cPhone, ordId) VALUES (322, 'Omer Rahmani', 666232606, 287);
INSERT INTO customer (cId, cName, cPhone, ordId) VALUES (323, 'David Cohen', 235981202, 93);
INSERT INTO customer (cId, cName, cPhone, ordId) VALUES (324, 'Daniel Rahmani', 594529608, 214);
INSERT INTO customer (cId, cName, cPhone, ordId) VALUES (325, 'Rachel Shimon', 286783240, 96);
INSERT INTO customer (cId, cName, cPhone, ordId) VALUES (326, 'Leah Shimon', 847416050, 114);
INSERT INTO customer (cId, cName, cPhone, ordId) VALUES (327, 'Eli Avraham', 316498128, 2);
INSERT INTO customer (cId, cName, cPhone, ordId) VALUES (328, 'Eli Cohen', 109222374, 334);
INSERT INTO customer (cId, cName, cPhone, ordId) VALUES (329, 'Noa Tzadok', 120878674, 146);
INSERT INTO customer (cId, cName, cPhone, ordId) VALUES (330, 'Rachel Katz', 526915813, 364);
INSERT INTO customer (cId, cName, cPhone, ordId) VALUES (331, 'Leah Biton', 566919330, 100);
INSERT INTO customer (cId, cName, cPhone, ordId) VALUES (332, 'Moshe Levi', 920202328, 83);
INSERT INTO customer (cId, cName, cPhone, ordId) VALUES (333, 'David Segal', 132058979, 271);
INSERT INTO customer (cId, cName, cPhone, ordId) VALUES (334, 'David Baruch', 951104370, 120);
INSERT INTO customer (cId, cName, cPhone, ordId) VALUES (335, 'Shira Cohen', 806718792, 196);
INSERT INTO customer (cId, cName, cPhone, ordId) VALUES (336, 'Natan Shapira', 299753561, 392);
INSERT INTO customer (cId, cName, cPhone, ordId) VALUES (337, 'Sarah Tzadok', 636157033, 84);
INSERT INTO customer (cId, cName, cPhone, ordId) VALUES (338, 'Leah Levi', 434578039, 319);
INSERT INTO customer (cId, cName, cPhone, ordId) VALUES (339, 'David Mizrahi', 242601433, 311);
INSERT INTO customer (cId, cName, cPhone, ordId) VALUES (340, 'Shira Sharabi', 225119843, 383);
INSERT INTO customer (cId, cName, cPhone, ordId) VALUES (341, 'Shira Baruch', 610804999, 385);
INSERT INTO customer (cId, cName, cPhone, ordId) VALUES (342, 'Yonatan Baruch', 630591423, 189);
INSERT INTO customer (cId, cName, cPhone, ordId) VALUES (343, 'Sarah Ezra', 616267660, 107);
INSERT INTO customer (cId, cName, cPhone, ordId) VALUES (344, 'Shira Shapira', 901025547, 32);
INSERT INTO customer (cId, cName, cPhone, ordId) VALUES (345, 'David Sharabi', 783039232, 220);
INSERT INTO customer (cId, cName, cPhone, ordId) VALUES (346, 'Yonatan Shalom', 950048457, 395);
INSERT INTO customer (cId, cName, cPhone, ordId) VALUES (347, 'Omer Cohen', 420758484, 133);
INSERT INTO customer (cId, cName, cPhone, ordId) VALUES (348, 'Rachel Avraham', 362720077, 323);
INSERT INTO customer (cId, cName, cPhone, ordId) VALUES (349, 'Natan Peretz', 902671689, 80);
INSERT INTO customer (cId, cName, cPhone, ordId) VALUES (350, 'Sarah Avraham', 551403110, 231);
INSERT INTO customer (cId, cName, cPhone, ordId) VALUES (351, 'Leah Dayan', 875241049, 284);
INSERT INTO customer (cId, cName, cPhone, ordId) VALUES (352, 'Rachel Segal', 586206371, 373);
INSERT INTO customer (cId, cName, cPhone, ordId) VALUES (353, 'Noa Dayan', 713031529, 343);
INSERT INTO customer (cId, cName, cPhone, ordId) VALUES (354, 'Omer Segal', 706364815, 91);
INSERT INTO customer (cId, cName, cPhone, ordId) VALUES (355, 'Moshe Shalom', 196117427, 352);
INSERT INTO customer (cId, cName, cPhone, ordId) VALUES (356, 'Daniel Gabbay', 832714366, 298);
INSERT INTO customer (cId, cName, cPhone, ordId) VALUES (357, 'David Shimon', 288260303, 18);
INSERT INTO customer (cId, cName, cPhone, ordId) VALUES (358, 'Daniel Tzadok', 925887624, 278);
INSERT INTO customer (cId, cName, cPhone, ordId) VALUES (359, 'Sarah Katz', 831660750, 292);
INSERT INTO customer (cId, cName, cPhone, ordId) VALUES (360, 'Eli Shimon', 746569459, 375);
INSERT INTO customer (cId, cName, cPhone, ordId) VALUES (361, 'Shira Biton', 243581873, 370);
INSERT INTO customer (cId, cName, cPhone, ordId) VALUES (362, 'Yonatan Sharabi', 278723099, 135);
INSERT INTO customer (cId, cName, cPhone, ordId) VALUES (363, 'Esther Shalom', 150898570, 11);
INSERT INTO customer (cId, cName, cPhone, ordId) VALUES (364, 'Avigail Tamir', 511591936, 398);
INSERT INTO customer (cId, cName, cPhone, ordId) VALUES (365, 'Miriam Shalom', 517634222, 151);
INSERT INTO customer (cId, cName, cPhone, ordId) VALUES (366, 'Noa Segal', 906079051, 63);
INSERT INTO customer (cId, cName, cPhone, ordId) VALUES (367, 'Rachel Gabbay', 307500248, 169);
INSERT INTO customer (cId, cName, cPhone, ordId) VALUES (368, 'Tamar Katz', 211548447, 217);
INSERT INTO customer (cId, cName, cPhone, ordId) VALUES (369, 'Tamar Cohen', 802403980, 190);
INSERT INTO customer (cId, cName, cPhone, ordId) VALUES (370, 'Omer Katz', 788831262, 268);
INSERT INTO customer (cId, cName, cPhone, ordId) VALUES (371, 'Daniel Ezra', 119283888, 336);
INSERT INTO customer (cId, cName, cPhone, ordId) VALUES (372, 'Leah Shapira', 986500060, 91);
INSERT INTO customer (cId, cName, cPhone, ordId) VALUES (373, 'Eli Segal', 177961104, 281);
INSERT INTO customer (cId, cName, cPhone, ordId) VALUES (374, 'Rachel Sharabi', 205255365, 282);
INSERT INTO customer (cId, cName, cPhone, ordId) VALUES (375, 'Tamar Segal', 123674427, 121);
INSERT INTO customer (cId, cName, cPhone, ordId) VALUES (376, 'Yosef Avraham', 878753479, 201);
INSERT INTO customer (cId, cName, cPhone, ordId) VALUES (377, 'Noa Shalom', 936478349, 195);
INSERT INTO customer (cId, cName, cPhone, ordId) VALUES (378, 'Sarah Levi', 551277773, 113);
INSERT INTO customer (cId, cName, cPhone, ordId) VALUES (379, 'Shira Shimon', 340464932, 377);
INSERT INTO customer (cId, cName, cPhone, ordId) VALUES (380, 'Natan Shalom', 770995260, 184);
INSERT INTO customer (cId, cName, cPhone, ordId) VALUES (381, 'Miriam Biton', 133688981, 306);
INSERT INTO customer (cId, cName, cPhone, ordId) VALUES (382, 'Moshe Cohen', 213049751, 162);
INSERT INTO customer (cId, cName, cPhone, ordId) VALUES (383, 'Natan Dayan', 618057613, 77);
INSERT INTO customer (cId, cName, cPhone, ordId) VALUES (384, 'Natan Tamir', 647902748, 185);
INSERT INTO customer (cId, cName, cPhone, ordId) VALUES (385, 'Noa Cohen', 839586547, 117);
INSERT INTO customer (cId, cName, cPhone, ordId) VALUES (386, 'Rachel Tamir', 499993703, 386);
INSERT INTO customer (cId, cName, cPhone, ordId) VALUES (387, 'Aharon Segal', 684824325, 203);
INSERT INTO customer (cId, cName, cPhone, ordId) VALUES (388, 'Itay Mizrahi', 465485776, 117);
INSERT INTO customer (cId, cName, cPhone, ordId) VALUES (389, 'Yael Levi', 207066318, 8);
INSERT INTO customer (cId, cName, cPhone, ordId) VALUES (390, 'Moshe Dayan', 401497456, 239);
INSERT INTO customer (cId, cName, cPhone, ordId) VALUES (391, 'Daniel Avraham', 237381320, 80);
INSERT INTO customer (cId, cName, cPhone, ordId) VALUES (392, 'Noa Sharabi', 167326499, 289);
INSERT INTO customer (cId, cName, cPhone, ordId) VALUES (393, 'Shira Katz', 135704073, 225);
INSERT INTO customer (cId, cName, cPhone, ordId) VALUES (394, 'Yael Malka', 822818916, 38);
INSERT INTO customer (cId, cName, cPhone, ordId) VALUES (395, 'Omer Ezra', 302555114, 345);
INSERT INTO customer (cId, cName, cPhone, ordId) VALUES (396, 'Rachel Shalom', 269888808, 112);
INSERT INTO customer (cId, cName, cPhone, ordId) VALUES (397, 'Tamar Tamir', 484643651, 112);
INSERT INTO customer (cId, cName, cPhone, ordId) VALUES (398, 'Tamar Malka', 487422778, 342);
INSERT INTO customer (cId, cName, cPhone, ordId) VALUES (399, 'Tamar Levi', 673093650, 371);
INSERT INTO customer (cId, cName, cPhone, ordId) VALUES (400, 'Natan Mizrahi', 930358575, 340);

-- Insert into orderProd
INSERT INTO orderProd (amount, pId, ordId) VALUES (5, 276, 100);
INSERT INTO orderProd (amount, pId, ordId) VALUES (7, 221, 22);
INSERT INTO orderProd (amount, pId, ordId) VALUES (9, 233, 78);
INSERT INTO orderProd (amount, pId, ordId) VALUES (9, 86, 338);
INSERT INTO orderProd (amount, pId, ordId) VALUES (7, 339, 322);
INSERT INTO orderProd (amount, pId, ordId) VALUES (5, 39, 22);
INSERT INTO orderProd (amount, pId, ordId) VALUES (10, 366, 218);
INSERT INTO orderProd (amount, pId, ordId) VALUES (7, 250, 19);
INSERT INTO orderProd (amount, pId, ordId) VALUES (9, 313, 39);
INSERT INTO orderProd (amount, pId, ordId) VALUES (10, 53, 384);
INSERT INTO orderProd (amount, pId, ordId) VALUES (10, 154, 166);
INSERT INTO orderProd (amount, pId, ordId) VALUES (6, 191, 308);
INSERT INTO orderProd (amount, pId, ordId) VALUES (10, 90, 384);
INSERT INTO orderProd (amount, pId, ordId) VALUES (4, 131, 282);
INSERT INTO orderProd (amount, pId, ordId) VALUES (7, 238, 325);
INSERT INTO orderProd (amount, pId, ordId) VALUES (7, 164, 207);
INSERT INTO orderProd (amount, pId, ordId) VALUES (10, 267, 167);
INSERT INTO orderProd (amount, pId, ordId) VALUES (2, 154, 177);
INSERT INTO orderProd (amount, pId, ordId) VALUES (8, 395, 207);
INSERT INTO orderProd (amount, pId, ordId) VALUES (1, 156, 216);
INSERT INTO orderProd (amount, pId, ordId) VALUES (2, 225, 133);
INSERT INTO orderProd (amount, pId, ordId) VALUES (4, 269, 341);
INSERT INTO orderProd (amount, pId, ordId) VALUES (2, 208, 196);
INSERT INTO orderProd (amount, pId, ordId) VALUES (8, 341, 59);
INSERT INTO orderProd (amount, pId, ordId) VALUES (9, 342, 299);
INSERT INTO orderProd (amount, pId, ordId) VALUES (9, 47, 19);
INSERT INTO orderProd (amount, pId, ordId) VALUES (6, 237, 36);
INSERT INTO orderProd (amount, pId, ordId) VALUES (6, 210, 203);
INSERT INTO orderProd (amount, pId, ordId) VALUES (2, 17, 11);
INSERT INTO orderProd (amount, pId, ordId) VALUES (10, 154, 103);
INSERT INTO orderProd (amount, pId, ordId) VALUES (5, 100, 143);
INSERT INTO orderProd (amount, pId, ordId) VALUES (5, 271, 208);
INSERT INTO orderProd (amount, pId, ordId) VALUES (5, 117, 23);
INSERT INTO orderProd (amount, pId, ordId) VALUES (3, 221, 318);
INSERT INTO orderProd (amount, pId, ordId) VALUES (7, 349, 295);
INSERT INTO orderProd (amount, pId, ordId) VALUES (2, 43, 284);
INSERT INTO orderProd (amount, pId, ordId) VALUES (1, 154, 163);
INSERT INTO orderProd (amount, pId, ordId) VALUES (5, 241, 37);
INSERT INTO orderProd (amount, pId, ordId) VALUES (4, 234, 311);
INSERT INTO orderProd (amount, pId, ordId) VALUES (6, 192, 126);
INSERT INTO orderProd (amount, pId, ordId) VALUES (3, 197, 22);
INSERT INTO orderProd (amount, pId, ordId) VALUES (5, 172, 102);
INSERT INTO orderProd (amount, pId, ordId) VALUES (9, 280, 340);
INSERT INTO orderProd (amount, pId, ordId) VALUES (9, 135, 149);
INSERT INTO orderProd (amount, pId, ordId) VALUES (4, 16, 305);
INSERT INTO orderProd (amount, pId, ordId) VALUES (5, 15, 279);
INSERT INTO orderProd (amount, pId, ordId) VALUES (9, 62, 338);
INSERT INTO orderProd (amount, pId, ordId) VALUES (4, 29, 206);
INSERT INTO orderProd (amount, pId, ordId) VALUES (8, 50, 187);
INSERT INTO orderProd (amount, pId, ordId) VALUES (3, 17, 322);
INSERT INTO orderProd (amount, pId, ordId) VALUES (10, 196, 102);
INSERT INTO orderProd (amount, pId, ordId) VALUES (2, 6, 82);
INSERT INTO orderProd (amount, pId, ordId) VALUES (6, 74, 53);
INSERT INTO orderProd (amount, pId, ordId) VALUES (3, 398, 387);
INSERT INTO orderProd (amount, pId, ordId) VALUES (8, 385, 174);
INSERT INTO orderProd (amount, pId, ordId) VALUES (7, 386, 234);
INSERT INTO orderProd (amount, pId, ordId) VALUES (4, 88, 75);
INSERT INTO orderProd (amount, pId, ordId) VALUES (4, 245, 340);
INSERT INTO orderProd (amount, pId, ordId) VALUES (9, 388, 148);
INSERT INTO orderProd (amount, pId, ordId) VALUES (10, 200, 17);
INSERT INTO orderProd (amount, pId, ordId) VALUES (10, 175, 365);
INSERT INTO orderProd (amount, pId, ordId) VALUES (8, 75, 131);
INSERT INTO orderProd (amount, pId, ordId) VALUES (3, 107, 6);
INSERT INTO orderProd (amount, pId, ordId) VALUES (1, 212, 144);
INSERT INTO orderProd (amount, pId, ordId) VALUES (8, 185, 97);
INSERT INTO orderProd (amount, pId, ordId) VALUES (5, 282, 361);
INSERT INTO orderProd (amount, pId, ordId) VALUES (2, 399, 261);
INSERT INTO orderProd (amount, pId, ordId) VALUES (8, 320, 313);
INSERT INTO orderProd (amount, pId, ordId) VALUES (9, 18, 78);
INSERT INTO orderProd (amount, pId, ordId) VALUES (9, 301, 21);
INSERT INTO orderProd (amount, pId, ordId) VALUES (7, 50, 71);
INSERT INTO orderProd (amount, pId, ordId) VALUES (3, 119, 385);
INSERT INTO orderProd (amount, pId, ordId) VALUES (7, 338, 92);
INSERT INTO orderProd (amount, pId, ordId) VALUES (2, 7, 2);
INSERT INTO orderProd (amount, pId, ordId) VALUES (5, 179, 152);
INSERT INTO orderProd (amount, pId, ordId) VALUES (10, 79, 336);
INSERT INTO orderProd (amount, pId, ordId) VALUES (6, 280, 392);
INSERT INTO orderProd (amount, pId, ordId) VALUES (10, 167, 81);
INSERT INTO orderProd (amount, pId, ordId) VALUES (9, 238, 338);
INSERT INTO orderProd (amount, pId, ordId) VALUES (4, 292, 2);
INSERT INTO orderProd (amount, pId, ordId) VALUES (9, 44, 75);
INSERT INTO orderProd (amount, pId, ordId) VALUES (4, 310, 221);
INSERT INTO orderProd (amount, pId, ordId) VALUES (6, 236, 55);
INSERT INTO orderProd (amount, pId, ordId) VALUES (10, 60, 117);
INSERT INTO orderProd (amount, pId, ordId) VALUES (2, 44, 125);
INSERT INTO orderProd (amount, pId, ordId) VALUES (5, 326, 221);
INSERT INTO orderProd (amount, pId, ordId) VALUES (8, 222, 235);
INSERT INTO orderProd (amount, pId, ordId) VALUES (8, 25, 389);
INSERT INTO orderProd (amount, pId, ordId) VALUES (5, 297, 95);
INSERT INTO orderProd (amount, pId, ordId) VALUES (9, 67, 121);
INSERT INTO orderProd (amount, pId, ordId) VALUES (3, 37, 34);
INSERT INTO orderProd (amount, pId, ordId) VALUES (3, 356, 227);
INSERT INTO orderProd (amount, pId, ordId) VALUES (8, 321, 391);
INSERT INTO orderProd (amount, pId, ordId) VALUES (4, 284, 175);
INSERT INTO orderProd (amount, pId, ordId) VALUES (3, 278, 52);
INSERT INTO orderProd (amount, pId, ordId) VALUES (5, 176, 355);
INSERT INTO orderProd (amount, pId, ordId) VALUES (1, 133, 271);
INSERT INTO orderProd (amount, pId, ordId) VALUES (8, 118, 388);
INSERT INTO orderProd (amount, pId, ordId) VALUES (1, 97, 287);
INSERT INTO orderProd (amount, pId, ordId) VALUES (3, 33, 151);
INSERT INTO orderProd (amount, pId, ordId) VALUES (7, 374, 352);
INSERT INTO orderProd (amount, pId, ordId) VALUES (7, 118, 309);
INSERT INTO orderProd (amount, pId, ordId) VALUES (9, 140, 240);
INSERT INTO orderProd (amount, pId, ordId) VALUES (6, 219, 116);
INSERT INTO orderProd (amount, pId, ordId) VALUES (10, 191, 106);
INSERT INTO orderProd (amount, pId, ordId) VALUES (10, 147, 197);
INSERT INTO orderProd (amount, pId, ordId) VALUES (4, 299, 220);
INSERT INTO orderProd (amount, pId, ordId) VALUES (8, 8, 308);
INSERT INTO orderProd (amount, pId, ordId) VALUES (5, 285, 75);
INSERT INTO orderProd (amount, pId, ordId) VALUES (1, 323, 387);
INSERT INTO orderProd (amount, pId, ordId) VALUES (6, 249, 320);
INSERT INTO orderProd (amount, pId, ordId) VALUES (1, 31, 85);
INSERT INTO orderProd (amount, pId, ordId) VALUES (6, 266, 109);
INSERT INTO orderProd (amount, pId, ordId) VALUES (9, 358, 323);
INSERT INTO orderProd (amount, pId, ordId) VALUES (3, 200, 83);
INSERT INTO orderProd (amount, pId, ordId) VALUES (2, 376, 378);
INSERT INTO orderProd (amount, pId, ordId) VALUES (8, 11, 374);
INSERT INTO orderProd (amount, pId, ordId) VALUES (10, 394, 317);
INSERT INTO orderProd (amount, pId, ordId) VALUES (4, 330, 354);
INSERT INTO orderProd (amount, pId, ordId) VALUES (10, 102, 187);
INSERT INTO orderProd (amount, pId, ordId) VALUES (5, 40, 143);
INSERT INTO orderProd (amount, pId, ordId) VALUES (6, 116, 329);
INSERT INTO orderProd (amount, pId, ordId) VALUES (10, 101, 278);
INSERT INTO orderProd (amount, pId, ordId) VALUES (9, 2, 1);
INSERT INTO orderProd (amount, pId, ordId) VALUES (6, 338, 89);
INSERT INTO orderProd (amount, pId, ordId) VALUES (8, 82, 209);
INSERT INTO orderProd (amount, pId, ordId) VALUES (4, 261, 255);
INSERT INTO orderProd (amount, pId, ordId) VALUES (3, 256, 108);
INSERT INTO orderProd (amount, pId, ordId) VALUES (7, 61, 143);
INSERT INTO orderProd (amount, pId, ordId) VALUES (7, 115, 36);
INSERT INTO orderProd (amount, pId, ordId) VALUES (7, 96, 372);
INSERT INTO orderProd (amount, pId, ordId) VALUES (2, 242, 197);
INSERT INTO orderProd (amount, pId, ordId) VALUES (8, 256, 372);
INSERT INTO orderProd (amount, pId, ordId) VALUES (4, 113, 81);
INSERT INTO orderProd (amount, pId, ordId) VALUES (7, 113, 152);
INSERT INTO orderProd (amount, pId, ordId) VALUES (7, 296, 343);
INSERT INTO orderProd (amount, pId, ordId) VALUES (3, 338, 325);
INSERT INTO orderProd (amount, pId, ordId) VALUES (3, 273, 262);
INSERT INTO orderProd (amount, pId, ordId) VALUES (10, 371, 128);
INSERT INTO orderProd (amount, pId, ordId) VALUES (2, 352, 360);
INSERT INTO orderProd (amount, pId, ordId) VALUES (7, 272, 299);
INSERT INTO orderProd (amount, pId, ordId) VALUES (8, 224, 358);
INSERT INTO orderProd (amount, pId, ordId) VALUES (6, 185, 268);
INSERT INTO orderProd (amount, pId, ordId) VALUES (10, 382, 271);
INSERT INTO orderProd (amount, pId, ordId) VALUES (3, 237, 397);
INSERT INTO orderProd (amount, pId, ordId) VALUES (7, 41, 116);
INSERT INTO orderProd (amount, pId, ordId) VALUES (4, 365, 70);
INSERT INTO orderProd (amount, pId, ordId) VALUES (1, 381, 355);
INSERT INTO orderProd (amount, pId, ordId) VALUES (4, 216, 177);
INSERT INTO orderProd (amount, pId, ordId) VALUES (1, 331, 112);
INSERT INTO orderProd (amount, pId, ordId) VALUES (8, 319, 266);
INSERT INTO orderProd (amount, pId, ordId) VALUES (7, 310, 227);
INSERT INTO orderProd (amount, pId, ordId) VALUES (3, 378, 350);
INSERT INTO orderProd (amount, pId, ordId) VALUES (10, 384, 52);
INSERT INTO orderProd (amount, pId, ordId) VALUES (9, 306, 45);
INSERT INTO orderProd (amount, pId, ordId) VALUES (3, 65, 128);
INSERT INTO orderProd (amount, pId, ordId) VALUES (2, 249, 160);
INSERT INTO orderProd (amount, pId, ordId) VALUES (2, 198, 398);
INSERT INTO orderProd (amount, pId, ordId) VALUES (2, 80, 29);
INSERT INTO orderProd (amount, pId, ordId) VALUES (7, 349, 136);
INSERT INTO orderProd (amount, pId, ordId) VALUES (9, 109, 263);
INSERT INTO orderProd (amount, pId, ordId) VALUES (6, 215, 25);
INSERT INTO orderProd (amount, pId, ordId) VALUES (4, 135, 172);
INSERT INTO orderProd (amount, pId, ordId) VALUES (4, 248, 208);
INSERT INTO orderProd (amount, pId, ordId) VALUES (3, 7, 14);
INSERT INTO orderProd (amount, pId, ordId) VALUES (5, 216, 215);
INSERT INTO orderProd (amount, pId, ordId) VALUES (2, 27, 298);
INSERT INTO orderProd (amount, pId, ordId) VALUES (9, 300, 354);
INSERT INTO orderProd (amount, pId, ordId) VALUES (9, 223, 116);
INSERT INTO orderProd (amount, pId, ordId) VALUES (6, 4, 358);
INSERT INTO orderProd (amount, pId, ordId) VALUES (7, 242, 37);
INSERT INTO orderProd (amount, pId, ordId) VALUES (10, 398, 196);
INSERT INTO orderProd (amount, pId, ordId) VALUES (5, 260, 346);
INSERT INTO orderProd (amount, pId, ordId) VALUES (3, 236, 333);
INSERT INTO orderProd (amount, pId, ordId) VALUES (5, 153, 60);
INSERT INTO orderProd (amount, pId, ordId) VALUES (1, 40, 215);
INSERT INTO orderProd (amount, pId, ordId) VALUES (7, 12, 177);
INSERT INTO orderProd (amount, pId, ordId) VALUES (1, 237, 100);
INSERT INTO orderProd (amount, pId, ordId) VALUES (6, 68, 242);
INSERT INTO orderProd (amount, pId, ordId) VALUES (7, 188, 172);
INSERT INTO orderProd (amount, pId, ordId) VALUES (7, 226, 104);
INSERT INTO orderProd (amount, pId, ordId) VALUES (9, 398, 363);
INSERT INTO orderProd (amount, pId, ordId) VALUES (8, 386, 129);
INSERT INTO orderProd (amount, pId, ordId) VALUES (5, 332, 267);
INSERT INTO orderProd (amount, pId, ordId) VALUES (7, 102, 276);
INSERT INTO orderProd (amount, pId, ordId) VALUES (4, 267, 361);
INSERT INTO orderProd (amount, pId, ordId) VALUES (3, 60, 177);
INSERT INTO orderProd (amount, pId, ordId) VALUES (6, 293, 232);
INSERT INTO orderProd (amount, pId, ordId) VALUES (8, 331, 90);
INSERT INTO orderProd (amount, pId, ordId) VALUES (8, 383, 273);
INSERT INTO orderProd (amount, pId, ordId) VALUES (9, 298, 109);
INSERT INTO orderProd (amount, pId, ordId) VALUES (7, 382, 308);
INSERT INTO orderProd (amount, pId, ordId) VALUES (10, 191, 66);
INSERT INTO orderProd (amount, pId, ordId) VALUES (6, 247, 30);
INSERT INTO orderProd (amount, pId, ordId) VALUES (6, 71, 400);
INSERT INTO orderProd (amount, pId, ordId) VALUES (7, 76, 203);
INSERT INTO orderProd (amount, pId, ordId) VALUES (8, 329, 369);
INSERT INTO orderProd (amount, pId, ordId) VALUES (3, 30, 239);
INSERT INTO orderProd (amount, pId, ordId) VALUES (7, 337, 27);
INSERT INTO orderProd (amount, pId, ordId) VALUES (2, 12, 213);
INSERT INTO orderProd (amount, pId, ordId) VALUES (4, 147, 141);
INSERT INTO orderProd (amount, pId, ordId) VALUES (8, 276, 312);
INSERT INTO orderProd (amount, pId, ordId) VALUES (4, 359, 296);
INSERT INTO orderProd (amount, pId, ordId) VALUES (1, 216, 352);
INSERT INTO orderProd (amount, pId, ordId) VALUES (3, 160, 124);
INSERT INTO orderProd (amount, pId, ordId) VALUES (1, 111, 135);
INSERT INTO orderProd (amount, pId, ordId) VALUES (9, 173, 395);
INSERT INTO orderProd (amount, pId, ordId) VALUES (10, 10, 116);
INSERT INTO orderProd (amount, pId, ordId) VALUES (10, 96, 300);
INSERT INTO orderProd (amount, pId, ordId) VALUES (10, 304, 243);
INSERT INTO orderProd (amount, pId, ordId) VALUES (1, 245, 143);
INSERT INTO orderProd (amount, pId, ordId) VALUES (5, 319, 99);
INSERT INTO orderProd (amount, pId, ordId) VALUES (2, 281, 64);
INSERT INTO orderProd (amount, pId, ordId) VALUES (7, 269, 382);
INSERT INTO orderProd (amount, pId, ordId) VALUES (3, 193, 168);
INSERT INTO orderProd (amount, pId, ordId) VALUES (8, 245, 215);
INSERT INTO orderProd (amount, pId, ordId) VALUES (7, 270, 272);
INSERT INTO orderProd (amount, pId, ordId) VALUES (3, 6, 268);
INSERT INTO orderProd (amount, pId, ordId) VALUES (8, 167, 214);
INSERT INTO orderProd (amount, pId, ordId) VALUES (4, 314, 257);
INSERT INTO orderProd (amount, pId, ordId) VALUES (10, 256, 28);
INSERT INTO orderProd (amount, pId, ordId) VALUES (2, 121, 92);
INSERT INTO orderProd (amount, pId, ordId) VALUES (2, 188, 323);
INSERT INTO orderProd (amount, pId, ordId) VALUES (2, 298, 384);
INSERT INTO orderProd (amount, pId, ordId) VALUES (7, 352, 61);
INSERT INTO orderProd (amount, pId, ordId) VALUES (10, 114, 348);
INSERT INTO orderProd (amount, pId, ordId) VALUES (5, 267, 278);
INSERT INTO orderProd (amount, pId, ordId) VALUES (2, 262, 353);
INSERT INTO orderProd (amount, pId, ordId) VALUES (8, 15, 216);
INSERT INTO orderProd (amount, pId, ordId) VALUES (4, 305, 194);
INSERT INTO orderProd (amount, pId, ordId) VALUES (5, 51, 8);
INSERT INTO orderProd (amount, pId, ordId) VALUES (9, 85, 281);
INSERT INTO orderProd (amount, pId, ordId) VALUES (3, 134, 50);
INSERT INTO orderProd (amount, pId, ordId) VALUES (1, 172, 233);
INSERT INTO orderProd (amount, pId, ordId) VALUES (4, 207, 265);
INSERT INTO orderProd (amount, pId, ordId) VALUES (4, 308, 67);
INSERT INTO orderProd (amount, pId, ordId) VALUES (6, 278, 130);
INSERT INTO orderProd (amount, pId, ordId) VALUES (10, 279, 315);
INSERT INTO orderProd (amount, pId, ordId) VALUES (8, 386, 339);
INSERT INTO orderProd (amount, pId, ordId) VALUES (10, 327, 168);
INSERT INTO orderProd (amount, pId, ordId) VALUES (5, 75, 221);
INSERT INTO orderProd (amount, pId, ordId) VALUES (7, 339, 339);
INSERT INTO orderProd (amount, pId, ordId) VALUES (7, 131, 71);
INSERT INTO orderProd (amount, pId, ordId) VALUES (8, 267, 395);
INSERT INTO orderProd (amount, pId, ordId) VALUES (5, 188, 263);
INSERT INTO orderProd (amount, pId, ordId) VALUES (8, 46, 304);
INSERT INTO orderProd (amount, pId, ordId) VALUES (9, 39, 115);
INSERT INTO orderProd (amount, pId, ordId) VALUES (6, 357, 283);
INSERT INTO orderProd (amount, pId, ordId) VALUES (10, 122, 275);
INSERT INTO orderProd (amount, pId, ordId) VALUES (9, 400, 76);
INSERT INTO orderProd (amount, pId, ordId) VALUES (2, 71, 122);
INSERT INTO orderProd (amount, pId, ordId) VALUES (3, 191, 305);
INSERT INTO orderProd (amount, pId, ordId) VALUES (6, 288, 382);
INSERT INTO orderProd (amount, pId, ordId) VALUES (5, 316, 274);
INSERT INTO orderProd (amount, pId, ordId) VALUES (2, 104, 111);
INSERT INTO orderProd (amount, pId, ordId) VALUES (4, 95, 180);
INSERT INTO orderProd (amount, pId, ordId) VALUES (4, 18, 200);
INSERT INTO orderProd (amount, pId, ordId) VALUES (2, 331, 150);
INSERT INTO orderProd (amount, pId, ordId) VALUES (5, 115, 400);
INSERT INTO orderProd (amount, pId, ordId) VALUES (3, 12, 383);
INSERT INTO orderProd (amount, pId, ordId) VALUES (7, 198, 54);
INSERT INTO orderProd (amount, pId, ordId) VALUES (2, 171, 296);
INSERT INTO orderProd (amount, pId, ordId) VALUES (4, 180, 383);
INSERT INTO orderProd (amount, pId, ordId) VALUES (9, 272, 215);
INSERT INTO orderProd (amount, pId, ordId) VALUES (4, 168, 53);
INSERT INTO orderProd (amount, pId, ordId) VALUES (5, 80, 24);
INSERT INTO orderProd (amount, pId, ordId) VALUES (8, 379, 133);
INSERT INTO orderProd (amount, pId, ordId) VALUES (3, 297, 319);
INSERT INTO orderProd (amount, pId, ordId) VALUES (1, 300, 183);
INSERT INTO orderProd (amount, pId, ordId) VALUES (3, 281, 140);
INSERT INTO orderProd (amount, pId, ordId) VALUES (9, 53, 256);
INSERT INTO orderProd (amount, pId, ordId) VALUES (10, 388, 1);
INSERT INTO orderProd (amount, pId, ordId) VALUES (5, 205, 110);
INSERT INTO orderProd (amount, pId, ordId) VALUES (6, 286, 252);
INSERT INTO orderProd (amount, pId, ordId) VALUES (7, 235, 393);
INSERT INTO orderProd (amount, pId, ordId) VALUES (2, 25, 261);
INSERT INTO orderProd (amount, pId, ordId) VALUES (2, 177, 287);
INSERT INTO orderProd (amount, pId, ordId) VALUES (6, 78, 87);
INSERT INTO orderProd (amount, pId, ordId) VALUES (5, 399, 62);
INSERT INTO orderProd (amount, pId, ordId) VALUES (1, 91, 153);
INSERT INTO orderProd (amount, pId, ordId) VALUES (3, 346, 251);
INSERT INTO orderProd (amount, pId, ordId) VALUES (7, 213, 97);
INSERT INTO orderProd (amount, pId, ordId) VALUES (4, 371, 89);
INSERT INTO orderProd (amount, pId, ordId) VALUES (6, 178, 291);
INSERT INTO orderProd (amount, pId, ordId) VALUES (6, 59, 246);
INSERT INTO orderProd (amount, pId, ordId) VALUES (4, 106, 34);
INSERT INTO orderProd (amount, pId, ordId) VALUES (10, 216, 149);
INSERT INTO orderProd (amount, pId, ordId) VALUES (2, 81, 320);
INSERT INTO orderProd (amount, pId, ordId) VALUES (8, 19, 321);
INSERT INTO orderProd (amount, pId, ordId) VALUES (10, 147, 232);
INSERT INTO orderProd (amount, pId, ordId) VALUES (1, 162, 61);
INSERT INTO orderProd (amount, pId, ordId) VALUES (9, 230, 255);
INSERT INTO orderProd (amount, pId, ordId) VALUES (2, 143, 207);
INSERT INTO orderProd (amount, pId, ordId) VALUES (6, 325, 72);
INSERT INTO orderProd (amount, pId, ordId) VALUES (3, 100, 249);
INSERT INTO orderProd (amount, pId, ordId) VALUES (3, 81, 150);
INSERT INTO orderProd (amount, pId, ordId) VALUES (7, 364, 400);
INSERT INTO orderProd (amount, pId, ordId) VALUES (3, 292, 18);
INSERT INTO orderProd (amount, pId, ordId) VALUES (2, 380, 4);
INSERT INTO orderProd (amount, pId, ordId) VALUES (10, 345, 279);
INSERT INTO orderProd (amount, pId, ordId) VALUES (6, 232, 185);
INSERT INTO orderProd (amount, pId, ordId) VALUES (5, 137, 225);
INSERT INTO orderProd (amount, pId, ordId) VALUES (9, 330, 333);
INSERT INTO orderProd (amount, pId, ordId) VALUES (8, 9, 395);
INSERT INTO orderProd (amount, pId, ordId) VALUES (3, 36, 43);
INSERT INTO orderProd (amount, pId, ordId) VALUES (10, 345, 177);
INSERT INTO orderProd (amount, pId, ordId) VALUES (9, 49, 35);
INSERT INTO orderProd (amount, pId, ordId) VALUES (9, 398, 73);
INSERT INTO orderProd (amount, pId, ordId) VALUES (3, 259, 281);
INSERT INTO orderProd (amount, pId, ordId) VALUES (9, 351, 270);
INSERT INTO orderProd (amount, pId, ordId) VALUES (5, 188, 237);
INSERT INTO orderProd (amount, pId, ordId) VALUES (4, 239, 82);
INSERT INTO orderProd (amount, pId, ordId) VALUES (10, 284, 33);
INSERT INTO orderProd (amount, pId, ordId) VALUES (2, 372, 38);
INSERT INTO orderProd (amount, pId, ordId) VALUES (4, 347, 144);
INSERT INTO orderProd (amount, pId, ordId) VALUES (6, 110, 165);
INSERT INTO orderProd (amount, pId, ordId) VALUES (9, 214, 188);
INSERT INTO orderProd (amount, pId, ordId) VALUES (6, 251, 372);
INSERT INTO orderProd (amount, pId, ordId) VALUES (7, 29, 222);
INSERT INTO orderProd (amount, pId, ordId) VALUES (1, 1, 269);
INSERT INTO orderProd (amount, pId, ordId) VALUES (2, 184, 196);
INSERT INTO orderProd (amount, pId, ordId) VALUES (8, 281, 287);
INSERT INTO orderProd (amount, pId, ordId) VALUES (8, 328, 96);
INSERT INTO orderProd (amount, pId, ordId) VALUES (2, 251, 65);
INSERT INTO orderProd (amount, pId, ordId) VALUES (9, 312, 165);
INSERT INTO orderProd (amount, pId, ordId) VALUES (7, 229, 263);
INSERT INTO orderProd (amount, pId, ordId) VALUES (1, 290, 106);
INSERT INTO orderProd (amount, pId, ordId) VALUES (7, 306, 95);
INSERT INTO orderProd (amount, pId, ordId) VALUES (8, 366, 396);
INSERT INTO orderProd (amount, pId, ordId) VALUES (7, 327, 47);
INSERT INTO orderProd (amount, pId, ordId) VALUES (4, 259, 336);
INSERT INTO orderProd (amount, pId, ordId) VALUES (1, 120, 266);
INSERT INTO orderProd (amount, pId, ordId) VALUES (9, 279, 133);
INSERT INTO orderProd (amount, pId, ordId) VALUES (10, 161, 122);
INSERT INTO orderProd (amount, pId, ordId) VALUES (5, 150, 169);
INSERT INTO orderProd (amount, pId, ordId) VALUES (3, 72, 78);
INSERT INTO orderProd (amount, pId, ordId) VALUES (1, 84, 114);
INSERT INTO orderProd (amount, pId, ordId) VALUES (6, 240, 10);
INSERT INTO orderProd (amount, pId, ordId) VALUES (2, 299, 50);
INSERT INTO orderProd (amount, pId, ordId) VALUES (8, 84, 347);
INSERT INTO orderProd (amount, pId, ordId) VALUES (1, 90, 100);
INSERT INTO orderProd (amount, pId, ordId) VALUES (7, 162, 162);
INSERT INTO orderProd (amount, pId, ordId) VALUES (10, 317, 202);
INSERT INTO orderProd (amount, pId, ordId) VALUES (6, 229, 390);
INSERT INTO orderProd (amount, pId, ordId) VALUES (5, 275, 358);
INSERT INTO orderProd (amount, pId, ordId) VALUES (7, 265, 197);
INSERT INTO orderProd (amount, pId, ordId) VALUES (6, 52, 244);
INSERT INTO orderProd (amount, pId, ordId) VALUES (4, 14, 76);
INSERT INTO orderProd (amount, pId, ordId) VALUES (3, 151, 39);
INSERT INTO orderProd (amount, pId, ordId) VALUES (2, 42, 124);
INSERT INTO orderProd (amount, pId, ordId) VALUES (10, 372, 269);
INSERT INTO orderProd (amount, pId, ordId) VALUES (9, 165, 264);
INSERT INTO orderProd (amount, pId, ordId) VALUES (1, 16, 285);
INSERT INTO orderProd (amount, pId, ordId) VALUES (9, 292, 128);
INSERT INTO orderProd (amount, pId, ordId) VALUES (4, 142, 340);
INSERT INTO orderProd (amount, pId, ordId) VALUES (4, 390, 320);
INSERT INTO orderProd (amount, pId, ordId) VALUES (9, 373, 330);
INSERT INTO orderProd (amount, pId, ordId) VALUES (6, 169, 136);
INSERT INTO orderProd (amount, pId, ordId) VALUES (9, 287, 388);
INSERT INTO orderProd (amount, pId, ordId) VALUES (5, 344, 91);
INSERT INTO orderProd (amount, pId, ordId) VALUES (3, 305, 332);
INSERT INTO orderProd (amount, pId, ordId) VALUES (6, 8, 157);
INSERT INTO orderProd (amount, pId, ordId) VALUES (5, 356, 250);
INSERT INTO orderProd (amount, pId, ordId) VALUES (9, 282, 225);
INSERT INTO orderProd (amount, pId, ordId) VALUES (4, 86, 382);
INSERT INTO orderProd (amount, pId, ordId) VALUES (8, 29, 173);
INSERT INTO orderProd (amount, pId, ordId) VALUES (5, 260, 333);
INSERT INTO orderProd (amount, pId, ordId) VALUES (8, 127, 361);
INSERT INTO orderProd (amount, pId, ordId) VALUES (6, 397, 86);
INSERT INTO orderProd (amount, pId, ordId) VALUES (6, 53, 271);
INSERT INTO orderProd (amount, pId, ordId) VALUES (4, 56, 193);
INSERT INTO orderProd (amount, pId, ordId) VALUES (6, 104, 255);
INSERT INTO orderProd (amount, pId, ordId) VALUES (4, 357, 390);
INSERT INTO orderProd (amount, pId, ordId) VALUES (5, 287, 304);
INSERT INTO orderProd (amount, pId, ordId) VALUES (10, 355, 218);
INSERT INTO orderProd (amount, pId, ordId) VALUES (4, 50, 37);
INSERT INTO orderProd (amount, pId, ordId) VALUES (4, 268, 383);
INSERT INTO orderProd (amount, pId, ordId) VALUES (9, 18, 206);
INSERT INTO orderProd (amount, pId, ordId) VALUES (10, 95, 339);
INSERT INTO orderProd (amount, pId, ordId) VALUES (9, 139, 129);
INSERT INTO orderProd (amount, pId, ordId) VALUES (6, 387, 135);
INSERT INTO orderProd (amount, pId, ordId) VALUES (9, 380, 327);
INSERT INTO orderProd (amount, pId, ordId) VALUES (3, 134, 126);
INSERT INTO orderProd (amount, pId, ordId) VALUES (7, 51, 311);
INSERT INTO orderProd (amount, pId, ordId) VALUES (10, 239, 218);
INSERT INTO orderProd (amount, pId, ordId) VALUES (4, 123, 130);
INSERT INTO orderProd (amount, pId, ordId) VALUES (4, 123, 82);
INSERT INTO orderProd (amount, pId, ordId) VALUES (2, 248, 369);
INSERT INTO orderProd (amount, pId, ordId) VALUES (4, 56, 134);
INSERT INTO orderProd (amount, pId, ordId) VALUES (9, 274, 173);
INSERT INTO orderProd (amount, pId, ordId) VALUES (1, 331, 59);
INSERT INTO orderProd (amount, pId, ordId) VALUES (8, 335, 304);
INSERT INTO orderProd (amount, pId, ordId) VALUES (6, 110, 194);
INSERT INTO orderProd (amount, pId, ordId) VALUES (1, 216, 67);
INSERT INTO orderProd (amount, pId, ordId) VALUES (4, 330, 150);
INSERT INTO orderProd (amount, pId, ordId) VALUES (2, 138, 32);
INSERT INTO orderProd (amount, pId, ordId) VALUES (2, 148, 66);
INSERT INTO orderProd (amount, pId, ordId) VALUES (5, 32, 315);
INSERT INTO orderProd (amount, pId, ordId) VALUES (9, 143, 250);
INSERT INTO orderProd (amount, pId, ordId) VALUES (4, 239, 366);
INSERT INTO orderProd (amount, pId, ordId) VALUES (1, 260, 85);
INSERT INTO orderProd (amount, pId, ordId) VALUES (4, 358, 184);
INSERT INTO orderProd (amount, pId, ordId) VALUES (6, 143, 47);
INSERT INTO orderProd (amount, pId, ordId) VALUES (2, 106, 43);
INSERT INTO orderProd (amount, pId, ordId) VALUES (2, 380, 342);
INSERT INTO orderProd (amount, pId, ordId) VALUES (10, 214, 230);
INSERT INTO orderProd (amount, pId, ordId) VALUES (6, 201, 244);
INSERT INTO orderProd (amount, pId, ordId) VALUES (4, 343, 71);
INSERT INTO orderProd (amount, pId, ordId) VALUES (6, 204, 230);
INSERT INTO orderProd (amount, pId, ordId) VALUES (10, 73, 338);
INSERT INTO orderProd (amount, pId, ordId) VALUES (5, 185, 49);
INSERT INTO orderProd (amount, pId, ordId) VALUES (4, 232, 177);
INSERT INTO orderProd (amount, pId, ordId) VALUES (8, 229, 14);
INSERT INTO orderProd (amount, pId, ordId) VALUES (2, 106, 73);
INSERT INTO orderProd (amount, pId, ordId) VALUES (4, 254, 132);
INSERT INTO orderProd (amount, pId, ordId) VALUES (3, 175, 269);
INSERT INTO orderProd (amount, pId, ordId) VALUES (3, 189, 146);
INSERT INTO orderProd (amount, pId, ordId) VALUES (8, 374, 80);
INSERT INTO orderProd (amount, pId, ordId) VALUES (8, 83, 355);
INSERT INTO orderProd (amount, pId, ordId) VALUES (1, 247, 14);
INSERT INTO orderProd (amount, pId, ordId) VALUES (1, 342, 304);
INSERT INTO orderProd (amount, pId, ordId) VALUES (8, 6, 261);
INSERT INTO orderProd (amount, pId, ordId) VALUES (6, 92, 68);
INSERT INTO orderProd (amount, pId, ordId) VALUES (7, 34, 385);
INSERT INTO orderProd (amount, pId, ordId) VALUES (8, 115, 58);
INSERT INTO orderProd (amount, pId, ordId) VALUES (5, 392, 293);
INSERT INTO orderProd (amount, pId, ordId) VALUES (7, 122, 335);
INSERT INTO orderProd (amount, pId, ordId) VALUES (5, 395, 282);
INSERT INTO orderProd (amount, pId, ordId) VALUES (2, 247, 241);
INSERT INTO orderProd (amount, pId, ordId) VALUES (8, 193, 166);
INSERT INTO orderProd (amount, pId, ordId) VALUES (10, 87, 229);
INSERT INTO orderProd (amount, pId, ordId) VALUES (10, 316, 23);
INSERT INTO orderProd (amount, pId, ordId) VALUES (5, 234, 14);
INSERT INTO orderProd (amount, pId, ordId) VALUES (10, 180, 166);
INSERT INTO orderProd (amount, pId, ordId) VALUES (10, 272, 358);
INSERT INTO orderProd (amount, pId, ordId) VALUES (7, 171, 282);
INSERT INTO orderProd (amount, pId, ordId) VALUES (6, 190, 60);
INSERT INTO orderProd (amount, pId, ordId) VALUES (7, 315, 14);
INSERT INTO orderProd (amount, pId, ordId) VALUES (10, 29, 314);
INSERT INTO orderProd (amount, pId, ordId) VALUES (6, 251, 311);
INSERT INTO orderProd (amount, pId, ordId) VALUES (1, 75, 10);
INSERT INTO orderProd (amount, pId, ordId) VALUES (7, 291, 377);
INSERT INTO orderProd (amount, pId, ordId) VALUES (1, 334, 127);
INSERT INTO orderProd (amount, pId, ordId) VALUES (10, 312, 346);
INSERT INTO orderProd (amount, pId, ordId) VALUES (7, 326, 375);
INSERT INTO orderProd (amount, pId, ordId) VALUES (8, 238, 199);
INSERT INTO orderProd (amount, pId, ordId) VALUES (2, 232, 235);
INSERT INTO orderProd (amount, pId, ordId) VALUES (8, 18, 68);
INSERT INTO orderProd (amount, pId, ordId) VALUES (4, 50, 80);
INSERT INTO orderProd (amount, pId, ordId) VALUES (7, 202, 93);
INSERT INTO orderProd (amount, pId, ordId) VALUES (6, 253, 387);
INSERT INTO orderProd (amount, pId, ordId) VALUES (2, 160, 331);
INSERT INTO orderProd (amount, pId, ordId) VALUES (6, 388, 89);
INSERT INTO orderProd (amount, pId, ordId) VALUES (9, 202, 349);
INSERT INTO orderProd (amount, pId, ordId) VALUES (1, 144, 345);
INSERT INTO orderProd (amount, pId, ordId) VALUES (9, 189, 169);
INSERT INTO orderProd (amount, pId, ordId) VALUES (4, 369, 350);
INSERT INTO orderProd (amount, pId, ordId) VALUES (3, 313, 220);
INSERT INTO orderProd (amount, pId, ordId) VALUES (6, 91, 260);
INSERT INTO orderProd (amount, pId, ordId) VALUES (10, 191, 61);
INSERT INTO orderProd (amount, pId, ordId) VALUES (2, 359, 187);
INSERT INTO orderProd (amount, pId, ordId) VALUES (9, 213, 58);
INSERT INTO orderProd (amount, pId, ordId) VALUES (6, 197, 268);
INSERT INTO orderProd (amount, pId, ordId) VALUES (3, 391, 350);
INSERT INTO orderProd (amount, pId, ordId) VALUES (8, 53, 231);
INSERT INTO orderProd (amount, pId, ordId) VALUES (1, 23, 43);
INSERT INTO orderProd (amount, pId, ordId) VALUES (8, 58, 95);
INSERT INTO orderProd (amount, pId, ordId) VALUES (1, 238, 200);
INSERT INTO orderProd (amount, pId, ordId) VALUES (8, 361, 300);
INSERT INTO orderProd (amount, pId, ordId) VALUES (2, 209, 299);
INSERT INTO orderProd (amount, pId, ordId) VALUES (8, 232, 97);
INSERT INTO orderProd (amount, pId, ordId) VALUES (4, 13, 303);
INSERT INTO orderProd (amount, pId, ordId) VALUES (9, 58, 246);
INSERT INTO orderProd (amount, pId, ordId) VALUES (3, 200, 265);
INSERT INTO orderProd (amount, pId, ordId) VALUES (4, 64, 223);
INSERT INTO orderProd (amount, pId, ordId) VALUES (3, 215, 63);
INSERT INTO orderProd (amount, pId, ordId) VALUES (1, 179, 278);
INSERT INTO orderProd (amount, pId, ordId) VALUES (5, 82, 338);
INSERT INTO orderProd (amount, pId, ordId) VALUES (4, 228, 325);
INSERT INTO orderProd (amount, pId, ordId) VALUES (2, 232, 232);
INSERT INTO orderProd (amount, pId, ordId) VALUES (1, 170, 128);
INSERT INTO orderProd (amount, pId, ordId) VALUES (1, 36, 1);
INSERT INTO orderProd (amount, pId, ordId) VALUES (6, 313, 166);
INSERT INTO orderProd (amount, pId, ordId) VALUES (9, 212, 54);
INSERT INTO orderProd (amount, pId, ordId) VALUES (7, 219, 80);
INSERT INTO orderProd (amount, pId, ordId) VALUES (4, 217, 265);
INSERT INTO orderProd (amount, pId, ordId) VALUES (10, 49, 199);
INSERT INTO orderProd (amount, pId, ordId) VALUES (4, 19, 263);
INSERT INTO orderProd (amount, pId, ordId) VALUES (4, 241, 297);
INSERT INTO orderProd (amount, pId, ordId) VALUES (5, 139, 58);
INSERT INTO orderProd (amount, pId, ordId) VALUES (6, 213, 349);
INSERT INTO orderProd (amount, pId, ordId) VALUES (8, 383, 167);
INSERT INTO orderProd (amount, pId, ordId) VALUES (3, 197, 205);
INSERT INTO orderProd (amount, pId, ordId) VALUES (5, 394, 133);
INSERT INTO orderProd (amount, pId, ordId) VALUES (7, 341, 288);
INSERT INTO orderProd (amount, pId, ordId) VALUES (1, 362, 346);
INSERT INTO orderProd (amount, pId, ordId) VALUES (9, 102, 323);
INSERT INTO orderProd (amount, pId, ordId) VALUES (6, 137, 75);
INSERT INTO orderProd (amount, pId, ordId) VALUES (4, 54, 310);
INSERT INTO orderProd (amount, pId, ordId) VALUES (9, 398, 207);
INSERT INTO orderProd (amount, pId, ordId) VALUES (4, 353, 103);
INSERT INTO orderProd (amount, pId, ordId) VALUES (5, 159, 28);
INSERT INTO orderProd (amount, pId, ordId) VALUES (2, 385, 235);
INSERT INTO orderProd (amount, pId, ordId) VALUES (5, 31, 119);
INSERT INTO orderProd (amount, pId, ordId) VALUES (7, 327, 336);
INSERT INTO orderProd (amount, pId, ordId) VALUES (6, 295, 190);
INSERT INTO orderProd (amount, pId, ordId) VALUES (6, 146, 58);
INSERT INTO orderProd (amount, pId, ordId) VALUES (6, 4, 5);
INSERT INTO orderProd (amount, pId, ordId) VALUES (2, 70, 290);
INSERT INTO orderProd (amount, pId, ordId) VALUES (7, 18, 292);
INSERT INTO orderProd (amount, pId, ordId) VALUES (7, 378, 270);
INSERT INTO orderProd (amount, pId, ordId) VALUES (3, 224, 203);
INSERT INTO orderProd (amount, pId, ordId) VALUES (5, 88, 295);
INSERT INTO orderProd (amount, pId, ordId) VALUES (6, 173, 56);
INSERT INTO orderProd (amount, pId, ordId) VALUES (10, 336, 140);
INSERT INTO orderProd (amount, pId, ordId) VALUES (5, 225, 2);
INSERT INTO orderProd (amount, pId, ordId) VALUES (8, 230, 269);
INSERT INTO orderProd (amount, pId, ordId) VALUES (10, 374, 227);
INSERT INTO orderProd (amount, pId, ordId) VALUES (5, 174, 250);
INSERT INTO orderProd (amount, pId, ordId) VALUES (5, 43, 375);
INSERT INTO orderProd (amount, pId, ordId) VALUES (10, 269, 298);
INSERT INTO orderProd (amount, pId, ordId) VALUES (3, 42, 194);
INSERT INTO orderProd (amount, pId, ordId) VALUES (10, 219, 143);
INSERT INTO orderProd (amount, pId, ordId) VALUES (6, 331, 338);
INSERT INTO orderProd (amount, pId, ordId) VALUES (7, 366, 355);
INSERT INTO orderProd (amount, pId, ordId) VALUES (8, 331, 307);
INSERT INTO orderProd (amount, pId, ordId) VALUES (9, 301, 367);
INSERT INTO orderProd (amount, pId, ordId) VALUES (6, 388, 66);
INSERT INTO orderProd (amount, pId, ordId) VALUES (6, 377, 279);
INSERT INTO orderProd (amount, pId, ordId) VALUES (2, 358, 50);
INSERT INTO orderProd (amount, pId, ordId) VALUES (7, 94, 132);
INSERT INTO orderProd (amount, pId, ordId) VALUES (3, 35, 247);
INSERT INTO orderProd (amount, pId, ordId) VALUES (3, 19, 171);
INSERT INTO orderProd (amount, pId, ordId) VALUES (6, 172, 161);
INSERT INTO orderProd (amount, pId, ordId) VALUES (1, 118, 139);
INSERT INTO orderProd (amount, pId, ordId) VALUES (3, 161, 310);
INSERT INTO orderProd (amount, pId, ordId) VALUES (1, 264, 88);
INSERT INTO orderProd (amount, pId, ordId) VALUES (6, 342, 200);
INSERT INTO orderProd (amount, pId, ordId) VALUES (3, 257, 32);
INSERT INTO orderProd (amount, pId, ordId) VALUES (8, 224, 227);
INSERT INTO orderProd (amount, pId, ordId) VALUES (7, 92, 329);
INSERT INTO orderProd (amount, pId, ordId) VALUES (5, 154, 172);
INSERT INTO orderProd (amount, pId, ordId) VALUES (6, 344, 316);
INSERT INTO orderProd (amount, pId, ordId) VALUES (9, 255, 252);
INSERT INTO orderProd (amount, pId, ordId) VALUES (4, 388, 382);
INSERT INTO orderProd (amount, pId, ordId) VALUES (6, 69, 179);
INSERT INTO orderProd (amount, pId, ordId) VALUES (2, 130, 393);
INSERT INTO orderProd (amount, pId, ordId) VALUES (3, 33, 38);
INSERT INTO orderProd (amount, pId, ordId) VALUES (10, 234, 185);
INSERT INTO orderProd (amount, pId, ordId) VALUES (3, 191, 151);
INSERT INTO orderProd (amount, pId, ordId) VALUES (8, 11, 243);
INSERT INTO orderProd (amount, pId, ordId) VALUES (1, 359, 97);
INSERT INTO orderProd (amount, pId, ordId) VALUES (6, 198, 372);
INSERT INTO orderProd (amount, pId, ordId) VALUES (9, 355, 360);
INSERT INTO orderProd (amount, pId, ordId) VALUES (1, 240, 308);
INSERT INTO orderProd (amount, pId, ordId) VALUES (7, 224, 263);
INSERT INTO orderProd (amount, pId, ordId) VALUES (7, 314, 8);
INSERT INTO orderProd (amount, pId, ordId) VALUES (7, 67, 347);
INSERT INTO orderProd (amount, pId, ordId) VALUES (9, 290, 324);
INSERT INTO orderProd (amount, pId, ordId) VALUES (1, 218, 21);
INSERT INTO orderProd (amount, pId, ordId) VALUES (2, 184, 120);
INSERT INTO orderProd (amount, pId, ordId) VALUES (8, 348, 388);
INSERT INTO orderProd (amount, pId, ordId) VALUES (6, 367, 331);
INSERT INTO orderProd (amount, pId, ordId) VALUES (2, 290, 32);
INSERT INTO orderProd (amount, pId, ordId) VALUES (10, 216, 294);
INSERT INTO orderProd (amount, pId, ordId) VALUES (2, 4, 261);
INSERT INTO orderProd (amount, pId, ordId) VALUES (5, 99, 144);
INSERT INTO orderProd (amount, pId, ordId) VALUES (9, 33, 248);
INSERT INTO orderProd (amount, pId, ordId) VALUES (4, 342, 226);
INSERT INTO orderProd (amount, pId, ordId) VALUES (5, 349, 233);
INSERT INTO orderProd (amount, pId, ordId) VALUES (9, 269, 71);
INSERT INTO orderProd (amount, pId, ordId) VALUES (10, 225, 29);
INSERT INTO orderProd (amount, pId, ordId) VALUES (10, 177, 304);
INSERT INTO orderProd (amount, pId, ordId) VALUES (1, 197, 81);
INSERT INTO orderProd (amount, pId, ordId) VALUES (1, 178, 206);
INSERT INTO orderProd (amount, pId, ordId) VALUES (9, 350, 399);
INSERT INTO orderProd (amount, pId, ordId) VALUES (2, 128, 237);
INSERT INTO orderProd (amount, pId, ordId) VALUES (3, 45, 118);
INSERT INTO orderProd (amount, pId, ordId) VALUES (3, 100, 284);
INSERT INTO orderProd (amount, pId, ordId) VALUES (4, 374, 142);
INSERT INTO orderProd (amount, pId, ordId) VALUES (8, 299, 336);
INSERT INTO orderProd (amount, pId, ordId) VALUES (6, 46, 389);
INSERT INTO orderProd (amount, pId, ordId) VALUES (1, 272, 297);
INSERT INTO orderProd (amount, pId, ordId) VALUES (1, 239, 90);
INSERT INTO orderProd (amount, pId, ordId) VALUES (9, 26, 378);
INSERT INTO orderProd (amount, pId, ordId) VALUES (8, 358, 224);
INSERT INTO orderProd (amount, pId, ordId) VALUES (1, 41, 197);
INSERT INTO orderProd (amount, pId, ordId) VALUES (4, 335, 17);
INSERT INTO orderProd (amount, pId, ordId) VALUES (2, 23, 81);
INSERT INTO orderProd (amount, pId, ordId) VALUES (5, 78, 161);
INSERT INTO orderProd (amount, pId, ordId) VALUES (8, 34, 146);
INSERT INTO orderProd (amount, pId, ordId) VALUES (4, 380, 223);
INSERT INTO orderProd (amount, pId, ordId) VALUES (1, 283, 115);
INSERT INTO orderProd (amount, pId, ordId) VALUES (3, 159, 259);
INSERT INTO orderProd (amount, pId, ordId) VALUES (6, 151, 329);
INSERT INTO orderProd (amount, pId, ordId) VALUES (1, 104, 273);
INSERT INTO orderProd (amount, pId, ordId) VALUES (8, 83, 361);
INSERT INTO orderProd (amount, pId, ordId) VALUES (10, 93, 51);
INSERT INTO orderProd (amount, pId, ordId) VALUES (7, 251, 67);
INSERT INTO orderProd (amount, pId, ordId) VALUES (6, 335, 150);
INSERT INTO orderProd (amount, pId, ordId) VALUES (6, 284, 156);
INSERT INTO orderProd (amount, pId, ordId) VALUES (8, 259, 213);
INSERT INTO orderProd (amount, pId, ordId) VALUES (5, 208, 224);
INSERT INTO orderProd (amount, pId, ordId) VALUES (3, 323, 31);
INSERT INTO orderProd (amount, pId, ordId) VALUES (8, 184, 13);
INSERT INTO orderProd (amount, pId, ordId) VALUES (2, 137, 50);
INSERT INTO orderProd (amount, pId, ordId) VALUES (2, 161, 380);
INSERT INTO orderProd (amount, pId, ordId) VALUES (6, 218, 98);
INSERT INTO orderProd (amount, pId, ordId) VALUES (4, 123, 160);
INSERT INTO orderProd (amount, pId, ordId) VALUES (6, 358, 121);
INSERT INTO orderProd (amount, pId, ordId) VALUES (1, 106, 329);
INSERT INTO orderProd (amount, pId, ordId) VALUES (9, 398, 34);
INSERT INTO orderProd (amount, pId, ordId) VALUES (9, 234, 313);
INSERT INTO orderProd (amount, pId, ordId) VALUES (1, 358, 93);
INSERT INTO orderProd (amount, pId, ordId) VALUES (7, 186, 249);
INSERT INTO orderProd (amount, pId, ordId) VALUES (4, 96, 95);
INSERT INTO orderProd (amount, pId, ordId) VALUES (7, 170, 269);
INSERT INTO orderProd (amount, pId, ordId) VALUES (7, 264, 223);
INSERT INTO orderProd (amount, pId, ordId) VALUES (8, 344, 395);
INSERT INTO orderProd (amount, pId, ordId) VALUES (3, 129, 92);
INSERT INTO orderProd (amount, pId, ordId) VALUES (2, 317, 145);
INSERT INTO orderProd (amount, pId, ordId) VALUES (4, 239, 19);
INSERT INTO orderProd (amount, pId, ordId) VALUES (5, 378, 218);
INSERT INTO orderProd (amount, pId, ordId) VALUES (2, 231, 280);
INSERT INTO orderProd (amount, pId, ordId) VALUES (8, 81, 192);
INSERT INTO orderProd (amount, pId, ordId) VALUES (10, 383, 355);
INSERT INTO orderProd (amount, pId, ordId) VALUES (10, 292, 255);
INSERT INTO orderProd (amount, pId, ordId) VALUES (5, 326, 219);
INSERT INTO orderProd (amount, pId, ordId) VALUES (6, 10, 14);
INSERT INTO orderProd (amount, pId, ordId) VALUES (9, 21, 61);
INSERT INTO orderProd (amount, pId, ordId) VALUES (4, 155, 291);
INSERT INTO orderProd (amount, pId, ordId) VALUES (2, 242, 327);
INSERT INTO orderProd (amount, pId, ordId) VALUES (6, 68, 3);
INSERT INTO orderProd (amount, pId, ordId) VALUES (7, 391, 249);
INSERT INTO orderProd (amount, pId, ordId) VALUES (9, 106, 307);
INSERT INTO orderProd (amount, pId, ordId) VALUES (4, 6, 365);
INSERT INTO orderProd (amount, pId, ordId) VALUES (6, 94, 223);
INSERT INTO orderProd (amount, pId, ordId) VALUES (6, 249, 319);
INSERT INTO orderProd (amount, pId, ordId) VALUES (2, 249, 361);
INSERT INTO orderProd (amount, pId, ordId) VALUES (1, 71, 173);
INSERT INTO orderProd (amount, pId, ordId) VALUES (9, 392, 357);
INSERT INTO orderProd (amount, pId, ordId) VALUES (9, 101, 38);
INSERT INTO orderProd (amount, pId, ordId) VALUES (9, 146, 197);
INSERT INTO orderProd (amount, pId, ordId) VALUES (9, 205, 230);
INSERT INTO orderProd (amount, pId, ordId) VALUES (7, 278, 71);
INSERT INTO orderProd (amount, pId, ordId) VALUES (7, 316, 260);
INSERT INTO orderProd (amount, pId, ordId) VALUES (7, 279, 46);
INSERT INTO orderProd (amount, pId, ordId) VALUES (9, 68, 159);
INSERT INTO orderProd (amount, pId, ordId) VALUES (1, 362, 20);
INSERT INTO orderProd (amount, pId, ordId) VALUES (3, 78, 185);
INSERT INTO orderProd (amount, pId, ordId) VALUES (9, 104, 253);
INSERT INTO orderProd (amount, pId, ordId) VALUES (6, 148, 260);
INSERT INTO orderProd (amount, pId, ordId) VALUES (1, 358, 236);
INSERT INTO orderProd (amount, pId, ordId) VALUES (9, 59, 37);
INSERT INTO orderProd (amount, pId, ordId) VALUES (7, 341, 326);
INSERT INTO orderProd (amount, pId, ordId) VALUES (3, 376, 331);
INSERT INTO orderProd (amount, pId, ordId) VALUES (1, 51, 37);
INSERT INTO orderProd (amount, pId, ordId) VALUES (2, 184, 321);
INSERT INTO orderProd (amount, pId, ordId) VALUES (2, 394, 57);
INSERT INTO orderProd (amount, pId, ordId) VALUES (1, 293, 79);
INSERT INTO orderProd (amount, pId, ordId) VALUES (9, 189, 148);
INSERT INTO orderProd (amount, pId, ordId) VALUES (9, 353, 344);
INSERT INTO orderProd (amount, pId, ordId) VALUES (3, 287, 127);
INSERT INTO orderProd (amount, pId, ordId) VALUES (5, 128, 48);
INSERT INTO orderProd (amount, pId, ordId) VALUES (10, 178, 163);
INSERT INTO orderProd (amount, pId, ordId) VALUES (9, 180, 364);
INSERT INTO orderProd (amount, pId, ordId) VALUES (3, 237, 26);
INSERT INTO orderProd (amount, pId, ordId) VALUES (6, 166, 359);
INSERT INTO orderProd (amount, pId, ordId) VALUES (3, 111, 177);
INSERT INTO orderProd (amount, pId, ordId) VALUES (10, 104, 21);
INSERT INTO orderProd (amount, pId, ordId) VALUES (10, 229, 207);
INSERT INTO orderProd (amount, pId, ordId) VALUES (6, 60, 184);
INSERT INTO orderProd (amount, pId, ordId) VALUES (2, 201, 146);
INSERT INTO orderProd (amount, pId, ordId) VALUES (3, 295, 291);
INSERT INTO orderProd (amount, pId, ordId) VALUES (1, 208, 275);
INSERT INTO orderProd (amount, pId, ordId) VALUES (9, 184, 398);
INSERT INTO orderProd (amount, pId, ordId) VALUES (8, 286, 205);
INSERT INTO orderProd (amount, pId, ordId) VALUES (1, 15, 313);
INSERT INTO orderProd (amount, pId, ordId) VALUES (3, 263, 65);
INSERT INTO orderProd (amount, pId, ordId) VALUES (10, 162, 377);
INSERT INTO orderProd (amount, pId, ordId) VALUES (4, 399, 5);
INSERT INTO orderProd (amount, pId, ordId) VALUES (9, 364, 296);
INSERT INTO orderProd (amount, pId, ordId) VALUES (3, 26, 48);
INSERT INTO orderProd (amount, pId, ordId) VALUES (10, 344, 134);
INSERT INTO orderProd (amount, pId, ordId) VALUES (1, 87, 3);
INSERT INTO orderProd (amount, pId, ordId) VALUES (7, 33, 263);
INSERT INTO orderProd (amount, pId, ordId) VALUES (9, 374, 173);
INSERT INTO orderProd (amount, pId, ordId) VALUES (8, 69, 205);
INSERT INTO orderProd (amount, pId, ordId) VALUES (1, 322, 76);
INSERT INTO orderProd (amount, pId, ordId) VALUES (2, 3, 92);
INSERT INTO orderProd (amount, pId, ordId) VALUES (2, 16, 42);
INSERT INTO orderProd (amount, pId, ordId) VALUES (1, 121, 79);
INSERT INTO orderProd (amount, pId, ordId) VALUES (3, 159, 296);
INSERT INTO orderProd (amount, pId, ordId) VALUES (6, 239, 170);
INSERT INTO orderProd (amount, pId, ordId) VALUES (1, 86, 142);
INSERT INTO orderProd (amount, pId, ordId) VALUES (6, 184, 349);
INSERT INTO orderProd (amount, pId, ordId) VALUES (10, 243, 224);
INSERT INTO orderProd (amount, pId, ordId) VALUES (8, 366, 220);
INSERT INTO orderProd (amount, pId, ordId) VALUES (2, 132, 32);
INSERT INTO orderProd (amount, pId, ordId) VALUES (1, 306, 35);
INSERT INTO orderProd (amount, pId, ordId) VALUES (6, 110, 60);
INSERT INTO orderProd (amount, pId, ordId) VALUES (3, 224, 129);
INSERT INTO orderProd (amount, pId, ordId) VALUES (5, 294, 38);
INSERT INTO orderProd (amount, pId, ordId) VALUES (6, 142, 339);
INSERT INTO orderProd (amount, pId, ordId) VALUES (3, 215, 166);
INSERT INTO orderProd (amount, pId, ordId) VALUES (6, 155, 211);
INSERT INTO orderProd (amount, pId, ordId) VALUES (10, 315, 282);
INSERT INTO orderProd (amount, pId, ordId) VALUES (5, 248, 244);
INSERT INTO orderProd (amount, pId, ordId) VALUES (4, 275, 210);
INSERT INTO orderProd (amount, pId, ordId) VALUES (2, 90, 64);
INSERT INTO orderProd (amount, pId, ordId) VALUES (8, 347, 84);
INSERT INTO orderProd (amount, pId, ordId) VALUES (5, 13, 212);
INSERT INTO orderProd (amount, pId, ordId) VALUES (6, 169, 241);
INSERT INTO orderProd (amount, pId, ordId) VALUES (8, 125, 302);
INSERT INTO orderProd (amount, pId, ordId) VALUES (7, 159, 77);
INSERT INTO orderProd (amount, pId, ordId) VALUES (6, 258, 189);
INSERT INTO orderProd (amount, pId, ordId) VALUES (8, 26, 80);
INSERT INTO orderProd (amount, pId, ordId) VALUES (7, 305, 396);
INSERT INTO orderProd (amount, pId, ordId) VALUES (10, 344, 194);
INSERT INTO orderProd (amount, pId, ordId) VALUES (1, 84, 77);
INSERT INTO orderProd (amount, pId, ordId) VALUES (4, 270, 152);
INSERT INTO orderProd (amount, pId, ordId) VALUES (8, 255, 55);
INSERT INTO orderProd (amount, pId, ordId) VALUES (3, 86, 226);
INSERT INTO orderProd (amount, pId, ordId) VALUES (6, 190, 304);
INSERT INTO orderProd (amount, pId, ordId) VALUES (10, 89, 348);
INSERT INTO orderProd (amount, pId, ordId) VALUES (3, 55, 111);
INSERT INTO orderProd (amount, pId, ordId) VALUES (5, 207, 228);
INSERT INTO orderProd (amount, pId, ordId) VALUES (4, 398, 52);
INSERT INTO orderProd (amount, pId, ordId) VALUES (4, 367, 217);
INSERT INTO orderProd (amount, pId, ordId) VALUES (10, 91, 228);
INSERT INTO orderProd (amount, pId, ordId) VALUES (8, 7, 314);
INSERT INTO orderProd (amount, pId, ordId) VALUES (6, 367, 251);
INSERT INTO orderProd (amount, pId, ordId) VALUES (3, 201, 124);
INSERT INTO orderProd (amount, pId, ordId) VALUES (3, 349, 68);
INSERT INTO orderProd (amount, pId, ordId) VALUES (9, 78, 93);
INSERT INTO orderProd (amount, pId, ordId) VALUES (8, 143, 61);
INSERT INTO orderProd (amount, pId, ordId) VALUES (5, 220, 196);
INSERT INTO orderProd (amount, pId, ordId) VALUES (10, 60, 360);
INSERT INTO orderProd (amount, pId, ordId) VALUES (3, 314, 281);
INSERT INTO orderProd (amount, pId, ordId) VALUES (4, 178, 347);
INSERT INTO orderProd (amount, pId, ordId) VALUES (7, 123, 351);
INSERT INTO orderProd (amount, pId, ordId) VALUES (9, 256, 44);
INSERT INTO orderProd (amount, pId, ordId) VALUES (10, 21, 23);
INSERT INTO orderProd (amount, pId, ordId) VALUES (7, 46, 286);
INSERT INTO orderProd (amount, pId, ordId) VALUES (7, 247, 362);
INSERT INTO orderProd (amount, pId, ordId) VALUES (5, 159, 97);
INSERT INTO orderProd (amount, pId, ordId) VALUES (2, 166, 332);
INSERT INTO orderProd (amount, pId, ordId) VALUES (8, 204, 152);
INSERT INTO orderProd (amount, pId, ordId) VALUES (6, 5, 166);
INSERT INTO orderProd (amount, pId, ordId) VALUES (6, 79, 255);
INSERT INTO orderProd (amount, pId, ordId) VALUES (5, 244, 51);
INSERT INTO orderProd (amount, pId, ordId) VALUES (4, 238, 173);
INSERT INTO orderProd (amount, pId, ordId) VALUES (4, 324, 183);
INSERT INTO orderProd (amount, pId, ordId) VALUES (1, 268, 208);
INSERT INTO orderProd (amount, pId, ordId) VALUES (3, 36, 128);
INSERT INTO orderProd (amount, pId, ordId) VALUES (7, 28, 221);
INSERT INTO orderProd (amount, pId, ordId) VALUES (8, 251, 98);
INSERT INTO orderProd (amount, pId, ordId) VALUES (7, 90, 203);
INSERT INTO orderProd (amount, pId, ordId) VALUES (10, 396, 246);
INSERT INTO orderProd (amount, pId, ordId) VALUES (5, 247, 124);
INSERT INTO orderProd (amount, pId, ordId) VALUES (9, 308, 115);
INSERT INTO orderProd (amount, pId, ordId) VALUES (2, 378, 285);
INSERT INTO orderProd (amount, pId, ordId) VALUES (10, 369, 185);
INSERT INTO orderProd (amount, pId, ordId) VALUES (3, 226, 399);
INSERT INTO orderProd (amount, pId, ordId) VALUES (9, 77, 381);
INSERT INTO orderProd (amount, pId, ordId) VALUES (4, 308, 134);
INSERT INTO orderProd (amount, pId, ordId) VALUES (1, 251, 152);
INSERT INTO orderProd (amount, pId, ordId) VALUES (4, 30, 11);
INSERT INTO orderProd (amount, pId, ordId) VALUES (1, 234, 55);
INSERT INTO orderProd (amount, pId, ordId) VALUES (2, 30, 142);
INSERT INTO orderProd (amount, pId, ordId) VALUES (5, 31, 314);
INSERT INTO orderProd (amount, pId, ordId) VALUES (5, 361, 119);
INSERT INTO orderProd (amount, pId, ordId) VALUES (6, 72, 91);
INSERT INTO orderProd (amount, pId, ordId) VALUES (9, 238, 153);
INSERT INTO orderProd (amount, pId, ordId) VALUES (3, 169, 356);
INSERT INTO orderProd (amount, pId, ordId) VALUES (10, 357, 298);
INSERT INTO orderProd (amount, pId, ordId) VALUES (6, 61, 243);
INSERT INTO orderProd (amount, pId, ordId) VALUES (2, 38, 378);
INSERT INTO orderProd (amount, pId, ordId) VALUES (9, 138, 145);
INSERT INTO orderProd (amount, pId, ordId) VALUES (7, 352, 264);
INSERT INTO orderProd (amount, pId, ordId) VALUES (1, 180, 117);
INSERT INTO orderProd (amount, pId, ordId) VALUES (7, 272, 170);
INSERT INTO orderProd (amount, pId, ordId) VALUES (9, 374, 171);
INSERT INTO orderProd (amount, pId, ordId) VALUES (8, 344, 173);
INSERT INTO orderProd (amount, pId, ordId) VALUES (5, 384, 333);
INSERT INTO orderProd (amount, pId, ordId) VALUES (1, 205, 330);
INSERT INTO orderProd (amount, pId, ordId) VALUES (3, 109, 139);
INSERT INTO orderProd (amount, pId, ordId) VALUES (4, 169, 320);
INSERT INTO orderProd (amount, pId, ordId) VALUES (9, 101, 160);
INSERT INTO orderProd (amount, pId, ordId) VALUES (7, 119, 241);
INSERT INTO orderProd (amount, pId, ordId) VALUES (7, 241, 216);
INSERT INTO orderProd (amount, pId, ordId) VALUES (1, 290, 16);
INSERT INTO orderProd (amount, pId, ordId) VALUES (5, 118, 9);
INSERT INTO orderProd (amount, pId, ordId) VALUES (8, 364, 11);
INSERT INTO orderProd (amount, pId, ordId) VALUES (2, 292, 337);
INSERT INTO orderProd (amount, pId, ordId) VALUES (7, 366, 349);
INSERT INTO orderProd (amount, pId, ordId) VALUES (10, 169, 32);
INSERT INTO orderProd (amount, pId, ordId) VALUES (4, 177, 182);
INSERT INTO orderProd (amount, pId, ordId) VALUES (3, 70, 359);
INSERT INTO orderProd (amount, pId, ordId) VALUES (8, 178, 185);

-- Insert into department
INSERT INTO department (depId, depName, aisleNum, pId, eId) VALUES (1, 'Bakery', 4, 259, 63);
INSERT INTO department (depId, depName, aisleNum, pId, eId) VALUES (2, 'Grocery', 16, 298, 349);
INSERT INTO department (depId, depName, aisleNum, pId, eId) VALUES (3, 'Beverages', 15, 90, 280);
INSERT INTO department (depId, depName, aisleNum, pId, eId) VALUES (4, 'Frozen', 7, 93, 201);
INSERT INTO department (depId, depName, aisleNum, pId, eId) VALUES (5, 'Vegetables', 8, 3, 89);
INSERT INTO department (depId, depName, aisleNum, pId, eId) VALUES (6, 'Bakery', 14, 356, 376);
INSERT INTO department (depId, depName, aisleNum, pId, eId) VALUES (7, 'Meat', 3, 277, 81);
INSERT INTO department (depId, depName, aisleNum, pId, eId) VALUES (8, 'Beverages', 14, 223, 299);
INSERT INTO department (depId, depName, aisleNum, pId, eId) VALUES (9, 'Frozen', 17, 319, 259);
INSERT INTO department (depId, depName, aisleNum, pId, eId) VALUES (10, 'Dairy', 18, 372, 356);
INSERT INTO department (depId, depName, aisleNum, pId, eId) VALUES (11, 'Frozen', 10, 176, 358);
INSERT INTO department (depId, depName, aisleNum, pId, eId) VALUES (12, 'Dairy', 9, 335, 239);
INSERT INTO department (depId, depName, aisleNum, pId, eId) VALUES (13, 'Beverages', 17, 108, 364);
INSERT INTO department (depId, depName, aisleNum, pId, eId) VALUES (14, 'Meat', 3, 369, 121);
INSERT INTO department (depId, depName, aisleNum, pId, eId) VALUES (15, 'Meat', 19, 2, 147);
INSERT INTO department (depId, depName, aisleNum, pId, eId) VALUES (16, 'Beverages', 4, 257, 50);
INSERT INTO department (depId, depName, aisleNum, pId, eId) VALUES (17, 'Bakery', 5, 25, 136);
INSERT INTO department (depId, depName, aisleNum, pId, eId) VALUES (18, 'Vegetables', 5, 154, 160);
INSERT INTO department (depId, depName, aisleNum, pId, eId) VALUES (19, 'Vegetables', 13, 33, 338);
INSERT INTO department (depId, depName, aisleNum, pId, eId) VALUES (20, 'Meat', 14, 264, 2);
INSERT INTO department (depId, depName, aisleNum, pId, eId) VALUES (21, 'Grocery', 18, 321, 4);
INSERT INTO department (depId, depName, aisleNum, pId, eId) VALUES (22, 'Meat', 8, 298, 255);
INSERT INTO department (depId, depName, aisleNum, pId, eId) VALUES (23, 'Meat', 19, 306, 371);
INSERT INTO department (depId, depName, aisleNum, pId, eId) VALUES (24, 'Vegetables', 13, 1, 173);
INSERT INTO department (depId, depName, aisleNum, pId, eId) VALUES (25, 'Frozen', 2, 171, 166);
INSERT INTO department (depId, depName, aisleNum, pId, eId) VALUES (26, 'Frozen', 11, 150, 286);
INSERT INTO department (depId, depName, aisleNum, pId, eId) VALUES (27, 'Grocery', 11, 117, 13);
INSERT INTO department (depId, depName, aisleNum, pId, eId) VALUES (28, 'Frozen', 4, 74, 256);
INSERT INTO department (depId, depName, aisleNum, pId, eId) VALUES (29, 'Bakery', 17, 121, 306);
INSERT INTO department (depId, depName, aisleNum, pId, eId) VALUES (30, 'Bakery', 19, 341, 89);
INSERT INTO department (depId, depName, aisleNum, pId, eId) VALUES (31, 'Beverages', 12, 213, 230);
INSERT INTO department (depId, depName, aisleNum, pId, eId) VALUES (32, 'Frozen', 18, 290, 37);
INSERT INTO department (depId, depName, aisleNum, pId, eId) VALUES (33, 'Meat', 1, 105, 361);
INSERT INTO department (depId, depName, aisleNum, pId, eId) VALUES (34, 'Frozen', 20, 163, 146);
INSERT INTO department (depId, depName, aisleNum, pId, eId) VALUES (35, 'Frozen', 6, 315, 134);
INSERT INTO department (depId, depName, aisleNum, pId, eId) VALUES (36, 'Frozen', 7, 56, 237);
INSERT INTO department (depId, depName, aisleNum, pId, eId) VALUES (37, 'Meat', 1, 79, 145);
INSERT INTO department (depId, depName, aisleNum, pId, eId) VALUES (38, 'Frozen', 10, 294, 100);
INSERT INTO department (depId, depName, aisleNum, pId, eId) VALUES (39, 'Frozen', 15, 373, 261);
INSERT INTO department (depId, depName, aisleNum, pId, eId) VALUES (40, 'Beverages', 19, 47, 231);
INSERT INTO department (depId, depName, aisleNum, pId, eId) VALUES (41, 'Dairy', 7, 310, 84);
INSERT INTO department (depId, depName, aisleNum, pId, eId) VALUES (42, 'Meat', 4, 33, 78);
INSERT INTO department (depId, depName, aisleNum, pId, eId) VALUES (43, 'Grocery', 13, 267, 253);
INSERT INTO department (depId, depName, aisleNum, pId, eId) VALUES (44, 'Meat', 17, 39, 192);
INSERT INTO department (depId, depName, aisleNum, pId, eId) VALUES (45, 'Grocery', 4, 269, 233);
INSERT INTO department (depId, depName, aisleNum, pId, eId) VALUES (46, 'Beverages', 11, 271, 211);
INSERT INTO department (depId, depName, aisleNum, pId, eId) VALUES (47, 'Frozen', 9, 273, 106);
INSERT INTO department (depId, depName, aisleNum, pId, eId) VALUES (48, 'Dairy', 6, 76, 354);
INSERT INTO department (depId, depName, aisleNum, pId, eId) VALUES (49, 'Grocery', 6, 95, 40);
INSERT INTO department (depId, depName, aisleNum, pId, eId) VALUES (50, 'Vegetables', 4, 94, 172);
INSERT INTO department (depId, depName, aisleNum, pId, eId) VALUES (51, 'Beverages', 8, 375, 387);
INSERT INTO department (depId, depName, aisleNum, pId, eId) VALUES (52, 'Dairy', 3, 371, 339);
INSERT INTO department (depId, depName, aisleNum, pId, eId) VALUES (53, 'Meat', 14, 269, 63);
INSERT INTO department (depId, depName, aisleNum, pId, eId) VALUES (54, 'Frozen', 10, 196, 397);
INSERT INTO department (depId, depName, aisleNum, pId, eId) VALUES (55, 'Meat', 18, 353, 221);
INSERT INTO department (depId, depName, aisleNum, pId, eId) VALUES (56, 'Vegetables', 15, 335, 188);
INSERT INTO department (depId, depName, aisleNum, pId, eId) VALUES (57, 'Grocery', 3, 378, 121);
INSERT INTO department (depId, depName, aisleNum, pId, eId) VALUES (58, 'Grocery', 13, 244, 388);
INSERT INTO department (depId, depName, aisleNum, pId, eId) VALUES (59, 'Dairy', 20, 396, 17);
INSERT INTO department (depId, depName, aisleNum, pId, eId) VALUES (60, 'Dairy', 4, 135, 335);
INSERT INTO department (depId, depName, aisleNum, pId, eId) VALUES (61, 'Frozen', 1, 186, 225);
INSERT INTO department (depId, depName, aisleNum, pId, eId) VALUES (62, 'Grocery', 2, 388, 34);
INSERT INTO department (depId, depName, aisleNum, pId, eId) VALUES (63, 'Dairy', 19, 373, 373);
INSERT INTO department (depId, depName, aisleNum, pId, eId) VALUES (64, 'Grocery', 17, 180, 389);
INSERT INTO department (depId, depName, aisleNum, pId, eId) VALUES (65, 'Frozen', 7, 163, 380);
INSERT INTO department (depId, depName, aisleNum, pId, eId) VALUES (66, 'Grocery', 16, 179, 269);
INSERT INTO department (depId, depName, aisleNum, pId, eId) VALUES (67, 'Vegetables', 6, 103, 64);
INSERT INTO department (depId, depName, aisleNum, pId, eId) VALUES (68, 'Beverages', 9, 295, 121);
INSERT INTO department (depId, depName, aisleNum, pId, eId) VALUES (69, 'Bakery', 14, 36, 157);
INSERT INTO department (depId, depName, aisleNum, pId, eId) VALUES (70, 'Bakery', 1, 126, 346);
INSERT INTO department (depId, depName, aisleNum, pId, eId) VALUES (71, 'Grocery', 11, 336, 8);
INSERT INTO department (depId, depName, aisleNum, pId, eId) VALUES (72, 'Vegetables', 5, 189, 281);
INSERT INTO department (depId, depName, aisleNum, pId, eId) VALUES (73, 'Beverages', 13, 357, 175);
INSERT INTO department (depId, depName, aisleNum, pId, eId) VALUES (74, 'Meat', 6, 86, 84);
INSERT INTO department (depId, depName, aisleNum, pId, eId) VALUES (75, 'Bakery', 2, 222, 262);
INSERT INTO department (depId, depName, aisleNum, pId, eId) VALUES (76, 'Grocery', 18, 44, 340);
INSERT INTO department (depId, depName, aisleNum, pId, eId) VALUES (77, 'Frozen', 15, 305, 283);
INSERT INTO department (depId, depName, aisleNum, pId, eId) VALUES (78, 'Bakery', 4, 369, 153);
INSERT INTO department (depId, depName, aisleNum, pId, eId) VALUES (79, 'Frozen', 7, 189, 215);
INSERT INTO department (depId, depName, aisleNum, pId, eId) VALUES (80, 'Dairy', 3, 76, 367);
INSERT INTO department (depId, depName, aisleNum, pId, eId) VALUES (81, 'Grocery', 2, 365, 239);
INSERT INTO department (depId, depName, aisleNum, pId, eId) VALUES (82, 'Bakery', 8, 179, 289);
INSERT INTO department (depId, depName, aisleNum, pId, eId) VALUES (83, 'Grocery', 6, 293, 3);
INSERT INTO department (depId, depName, aisleNum, pId, eId) VALUES (84, 'Dairy', 15, 73, 101);
INSERT INTO department (depId, depName, aisleNum, pId, eId) VALUES (85, 'Meat', 15, 243, 273);
INSERT INTO department (depId, depName, aisleNum, pId, eId) VALUES (86, 'Beverages', 8, 393, 294);
INSERT INTO department (depId, depName, aisleNum, pId, eId) VALUES (87, 'Vegetables', 3, 272, 375);
INSERT INTO department (depId, depName, aisleNum, pId, eId) VALUES (88, 'Beverages', 9, 260, 346);
INSERT INTO department (depId, depName, aisleNum, pId, eId) VALUES (89, 'Meat', 6, 303, 154);
INSERT INTO department (depId, depName, aisleNum, pId, eId) VALUES (90, 'Beverages', 20, 110, 321);
INSERT INTO department (depId, depName, aisleNum, pId, eId) VALUES (91, 'Bakery', 14, 353, 358);
INSERT INTO department (depId, depName, aisleNum, pId, eId) VALUES (92, 'Vegetables', 3, 310, 62);
INSERT INTO department (depId, depName, aisleNum, pId, eId) VALUES (93, 'Beverages', 20, 353, 274);
INSERT INTO department (depId, depName, aisleNum, pId, eId) VALUES (94, 'Bakery', 18, 179, 393);
INSERT INTO department (depId, depName, aisleNum, pId, eId) VALUES (95, 'Bakery', 20, 135, 269);
INSERT INTO department (depId, depName, aisleNum, pId, eId) VALUES (96, 'Meat', 17, 305, 66);
INSERT INTO department (depId, depName, aisleNum, pId, eId) VALUES (97, 'Vegetables', 13, 257, 273);
INSERT INTO department (depId, depName, aisleNum, pId, eId) VALUES (98, 'Grocery', 12, 142, 271);
INSERT INTO department (depId, depName, aisleNum, pId, eId) VALUES (99, 'Frozen', 13, 85, 319);
INSERT INTO department (depId, depName, aisleNum, pId, eId) VALUES (100, 'Beverages', 16, 92, 343);
INSERT INTO department (depId, depName, aisleNum, pId, eId) VALUES (101, 'Vegetables', 19, 348, 316);
INSERT INTO department (depId, depName, aisleNum, pId, eId) VALUES (102, 'Vegetables', 14, 321, 203);
INSERT INTO department (depId, depName, aisleNum, pId, eId) VALUES (103, 'Frozen', 12, 39, 166);
INSERT INTO department (depId, depName, aisleNum, pId, eId) VALUES (104, 'Meat', 2, 106, 21);
INSERT INTO department (depId, depName, aisleNum, pId, eId) VALUES (105, 'Vegetables', 17, 323, 250);
INSERT INTO department (depId, depName, aisleNum, pId, eId) VALUES (106, 'Beverages', 9, 38, 346);
INSERT INTO department (depId, depName, aisleNum, pId, eId) VALUES (107, 'Frozen', 4, 136, 45);
INSERT INTO department (depId, depName, aisleNum, pId, eId) VALUES (108, 'Vegetables', 5, 22, 50);
INSERT INTO department (depId, depName, aisleNum, pId, eId) VALUES (109, 'Vegetables', 5, 318, 298);
INSERT INTO department (depId, depName, aisleNum, pId, eId) VALUES (110, 'Dairy', 17, 172, 131);
INSERT INTO department (depId, depName, aisleNum, pId, eId) VALUES (111, 'Bakery', 13, 157, 309);
INSERT INTO department (depId, depName, aisleNum, pId, eId) VALUES (112, 'Vegetables', 3, 72, 55);
INSERT INTO department (depId, depName, aisleNum, pId, eId) VALUES (113, 'Meat', 19, 390, 368);
INSERT INTO department (depId, depName, aisleNum, pId, eId) VALUES (114, 'Dairy', 2, 117, 60);
INSERT INTO department (depId, depName, aisleNum, pId, eId) VALUES (115, 'Bakery', 6, 64, 299);
INSERT INTO department (depId, depName, aisleNum, pId, eId) VALUES (116, 'Beverages', 13, 382, 373);
INSERT INTO department (depId, depName, aisleNum, pId, eId) VALUES (117, 'Grocery', 15, 290, 315);
INSERT INTO department (depId, depName, aisleNum, pId, eId) VALUES (118, 'Meat', 4, 195, 84);
INSERT INTO department (depId, depName, aisleNum, pId, eId) VALUES (119, 'Vegetables', 5, 207, 17);
INSERT INTO department (depId, depName, aisleNum, pId, eId) VALUES (120, 'Meat', 19, 185, 132);
INSERT INTO department (depId, depName, aisleNum, pId, eId) VALUES (121, 'Meat', 5, 122, 116);
INSERT INTO department (depId, depName, aisleNum, pId, eId) VALUES (122, 'Meat', 14, 357, 29);
INSERT INTO department (depId, depName, aisleNum, pId, eId) VALUES (123, 'Grocery', 19, 299, 391);
INSERT INTO department (depId, depName, aisleNum, pId, eId) VALUES (124, 'Dairy', 19, 125, 369);
INSERT INTO department (depId, depName, aisleNum, pId, eId) VALUES (125, 'Frozen', 15, 109, 75);
INSERT INTO department (depId, depName, aisleNum, pId, eId) VALUES (126, 'Beverages', 2, 264, 37);
INSERT INTO department (depId, depName, aisleNum, pId, eId) VALUES (127, 'Dairy', 2, 272, 108);
INSERT INTO department (depId, depName, aisleNum, pId, eId) VALUES (128, 'Beverages', 7, 80, 83);
INSERT INTO department (depId, depName, aisleNum, pId, eId) VALUES (129, 'Beverages', 16, 288, 105);
INSERT INTO department (depId, depName, aisleNum, pId, eId) VALUES (130, 'Frozen', 14, 319, 71);
INSERT INTO department (depId, depName, aisleNum, pId, eId) VALUES (131, 'Beverages', 16, 240, 309);
INSERT INTO department (depId, depName, aisleNum, pId, eId) VALUES (132, 'Dairy', 9, 273, 94);
INSERT INTO department (depId, depName, aisleNum, pId, eId) VALUES (133, 'Beverages', 16, 97, 55);
INSERT INTO department (depId, depName, aisleNum, pId, eId) VALUES (134, 'Dairy', 9, 93, 288);
INSERT INTO department (depId, depName, aisleNum, pId, eId) VALUES (135, 'Vegetables', 5, 248, 202);
INSERT INTO department (depId, depName, aisleNum, pId, eId) VALUES (136, 'Grocery', 13, 234, 88);
INSERT INTO department (depId, depName, aisleNum, pId, eId) VALUES (137, 'Vegetables', 16, 167, 240);
INSERT INTO department (depId, depName, aisleNum, pId, eId) VALUES (138, 'Grocery', 6, 144, 311);
INSERT INTO department (depId, depName, aisleNum, pId, eId) VALUES (139, 'Grocery', 18, 360, 131);
INSERT INTO department (depId, depName, aisleNum, pId, eId) VALUES (140, 'Beverages', 3, 284, 262);
INSERT INTO department (depId, depName, aisleNum, pId, eId) VALUES (141, 'Bakery', 14, 68, 90);
INSERT INTO department (depId, depName, aisleNum, pId, eId) VALUES (142, 'Frozen', 14, 314, 106);
INSERT INTO department (depId, depName, aisleNum, pId, eId) VALUES (143, 'Frozen', 5, 333, 9);
INSERT INTO department (depId, depName, aisleNum, pId, eId) VALUES (144, 'Bakery', 4, 361, 257);
INSERT INTO department (depId, depName, aisleNum, pId, eId) VALUES (145, 'Vegetables', 13, 239, 85);
INSERT INTO department (depId, depName, aisleNum, pId, eId) VALUES (146, 'Grocery', 17, 391, 166);
INSERT INTO department (depId, depName, aisleNum, pId, eId) VALUES (147, 'Grocery', 18, 146, 380);
INSERT INTO department (depId, depName, aisleNum, pId, eId) VALUES (148, 'Dairy', 18, 220, 56);
INSERT INTO department (depId, depName, aisleNum, pId, eId) VALUES (149, 'Beverages', 11, 33, 295);
INSERT INTO department (depId, depName, aisleNum, pId, eId) VALUES (150, 'Dairy', 16, 379, 202);
INSERT INTO department (depId, depName, aisleNum, pId, eId) VALUES (151, 'Meat', 11, 18, 322);
INSERT INTO department (depId, depName, aisleNum, pId, eId) VALUES (152, 'Vegetables', 19, 219, 297);
INSERT INTO department (depId, depName, aisleNum, pId, eId) VALUES (153, 'Meat', 16, 93, 116);
INSERT INTO department (depId, depName, aisleNum, pId, eId) VALUES (154, 'Frozen', 19, 383, 287);
INSERT INTO department (depId, depName, aisleNum, pId, eId) VALUES (155, 'Bakery', 14, 325, 39);
INSERT INTO department (depId, depName, aisleNum, pId, eId) VALUES (156, 'Grocery', 14, 68, 110);
INSERT INTO department (depId, depName, aisleNum, pId, eId) VALUES (157, 'Grocery', 3, 215, 21);
INSERT INTO department (depId, depName, aisleNum, pId, eId) VALUES (158, 'Dairy', 20, 221, 66);
INSERT INTO department (depId, depName, aisleNum, pId, eId) VALUES (159, 'Vegetables', 15, 18, 262);
INSERT INTO department (depId, depName, aisleNum, pId, eId) VALUES (160, 'Bakery', 17, 372, 344);
INSERT INTO department (depId, depName, aisleNum, pId, eId) VALUES (161, 'Vegetables', 2, 323, 300);
INSERT INTO department (depId, depName, aisleNum, pId, eId) VALUES (162, 'Frozen', 12, 187, 317);
INSERT INTO department (depId, depName, aisleNum, pId, eId) VALUES (163, 'Meat', 12, 290, 339);
INSERT INTO department (depId, depName, aisleNum, pId, eId) VALUES (164, 'Beverages', 18, 6, 20);
INSERT INTO department (depId, depName, aisleNum, pId, eId) VALUES (165, 'Beverages', 1, 6, 235);
INSERT INTO department (depId, depName, aisleNum, pId, eId) VALUES (166, 'Vegetables', 3, 277, 213);
INSERT INTO department (depId, depName, aisleNum, pId, eId) VALUES (167, 'Dairy', 20, 302, 19);
INSERT INTO department (depId, depName, aisleNum, pId, eId) VALUES (168, 'Frozen', 7, 166, 365);
INSERT INTO department (depId, depName, aisleNum, pId, eId) VALUES (169, 'Beverages', 3, 47, 118);
INSERT INTO department (depId, depName, aisleNum, pId, eId) VALUES (170, 'Dairy', 15, 330, 308);
INSERT INTO department (depId, depName, aisleNum, pId, eId) VALUES (171, 'Meat', 7, 41, 214);
INSERT INTO department (depId, depName, aisleNum, pId, eId) VALUES (172, 'Bakery', 2, 62, 386);
INSERT INTO department (depId, depName, aisleNum, pId, eId) VALUES (173, 'Vegetables', 1, 128, 54);
INSERT INTO department (depId, depName, aisleNum, pId, eId) VALUES (174, 'Beverages', 1, 177, 115);
INSERT INTO department (depId, depName, aisleNum, pId, eId) VALUES (175, 'Vegetables', 4, 111, 392);
INSERT INTO department (depId, depName, aisleNum, pId, eId) VALUES (176, 'Meat', 13, 281, 31);
INSERT INTO department (depId, depName, aisleNum, pId, eId) VALUES (177, 'Meat', 16, 302, 337);
INSERT INTO department (depId, depName, aisleNum, pId, eId) VALUES (178, 'Meat', 19, 89, 309);
INSERT INTO department (depId, depName, aisleNum, pId, eId) VALUES (179, 'Frozen', 4, 158, 373);
INSERT INTO department (depId, depName, aisleNum, pId, eId) VALUES (180, 'Grocery', 8, 342, 371);
INSERT INTO department (depId, depName, aisleNum, pId, eId) VALUES (181, 'Bakery', 6, 84, 163);
INSERT INTO department (depId, depName, aisleNum, pId, eId) VALUES (182, 'Dairy', 13, 353, 107);
INSERT INTO department (depId, depName, aisleNum, pId, eId) VALUES (183, 'Bakery', 10, 258, 194);
INSERT INTO department (depId, depName, aisleNum, pId, eId) VALUES (184, 'Meat', 2, 85, 69);
INSERT INTO department (depId, depName, aisleNum, pId, eId) VALUES (185, 'Beverages', 16, 224, 137);
INSERT INTO department (depId, depName, aisleNum, pId, eId) VALUES (186, 'Vegetables', 18, 341, 36);
INSERT INTO department (depId, depName, aisleNum, pId, eId) VALUES (187, 'Frozen', 14, 157, 377);
INSERT INTO department (depId, depName, aisleNum, pId, eId) VALUES (188, 'Beverages', 6, 267, 1);
INSERT INTO department (depId, depName, aisleNum, pId, eId) VALUES (189, 'Grocery', 18, 169, 71);
INSERT INTO department (depId, depName, aisleNum, pId, eId) VALUES (190, 'Beverages', 18, 326, 364);
INSERT INTO department (depId, depName, aisleNum, pId, eId) VALUES (191, 'Frozen', 3, 130, 16);
INSERT INTO department (depId, depName, aisleNum, pId, eId) VALUES (192, 'Grocery', 1, 360, 136);
INSERT INTO department (depId, depName, aisleNum, pId, eId) VALUES (193, 'Frozen', 13, 310, 285);
INSERT INTO department (depId, depName, aisleNum, pId, eId) VALUES (194, 'Meat', 9, 378, 176);
INSERT INTO department (depId, depName, aisleNum, pId, eId) VALUES (195, 'Meat', 16, 371, 200);
INSERT INTO department (depId, depName, aisleNum, pId, eId) VALUES (196, 'Bakery', 8, 394, 190);
INSERT INTO department (depId, depName, aisleNum, pId, eId) VALUES (197, 'Meat', 20, 207, 154);
INSERT INTO department (depId, depName, aisleNum, pId, eId) VALUES (198, 'Grocery', 15, 91, 252);
INSERT INTO department (depId, depName, aisleNum, pId, eId) VALUES (199, 'Meat', 10, 374, 216);
INSERT INTO department (depId, depName, aisleNum, pId, eId) VALUES (200, 'Dairy', 19, 233, 163);
INSERT INTO department (depId, depName, aisleNum, pId, eId) VALUES (201, 'Frozen', 20, 212, 132);
INSERT INTO department (depId, depName, aisleNum, pId, eId) VALUES (202, 'Frozen', 4, 347, 88);
INSERT INTO department (depId, depName, aisleNum, pId, eId) VALUES (203, 'Beverages', 18, 82, 262);
INSERT INTO department (depId, depName, aisleNum, pId, eId) VALUES (204, 'Grocery', 4, 164, 290);
INSERT INTO department (depId, depName, aisleNum, pId, eId) VALUES (205, 'Grocery', 9, 266, 164);
INSERT INTO department (depId, depName, aisleNum, pId, eId) VALUES (206, 'Beverages', 8, 206, 287);
INSERT INTO department (depId, depName, aisleNum, pId, eId) VALUES (207, 'Meat', 5, 253, 208);
INSERT INTO department (depId, depName, aisleNum, pId, eId) VALUES (208, 'Beverages', 4, 94, 119);
INSERT INTO department (depId, depName, aisleNum, pId, eId) VALUES (209, 'Dairy', 5, 28, 309);
INSERT INTO department (depId, depName, aisleNum, pId, eId) VALUES (210, 'Dairy', 10, 320, 228);
INSERT INTO department (depId, depName, aisleNum, pId, eId) VALUES (211, 'Dairy', 4, 204, 354);
INSERT INTO department (depId, depName, aisleNum, pId, eId) VALUES (212, 'Bakery', 20, 335, 369);
INSERT INTO department (depId, depName, aisleNum, pId, eId) VALUES (213, 'Frozen', 17, 23, 159);
INSERT INTO department (depId, depName, aisleNum, pId, eId) VALUES (214, 'Grocery', 6, 138, 241);
INSERT INTO department (depId, depName, aisleNum, pId, eId) VALUES (215, 'Frozen', 20, 21, 261);
INSERT INTO department (depId, depName, aisleNum, pId, eId) VALUES (216, 'Dairy', 14, 215, 16);
INSERT INTO department (depId, depName, aisleNum, pId, eId) VALUES (217, 'Meat', 20, 362, 232);
INSERT INTO department (depId, depName, aisleNum, pId, eId) VALUES (218, 'Grocery', 2, 42, 150);
INSERT INTO department (depId, depName, aisleNum, pId, eId) VALUES (219, 'Grocery', 16, 324, 254);
INSERT INTO department (depId, depName, aisleNum, pId, eId) VALUES (220, 'Meat', 4, 97, 204);
INSERT INTO department (depId, depName, aisleNum, pId, eId) VALUES (221, 'Grocery', 15, 190, 217);
INSERT INTO department (depId, depName, aisleNum, pId, eId) VALUES (222, 'Grocery', 7, 91, 68);
INSERT INTO department (depId, depName, aisleNum, pId, eId) VALUES (223, 'Bakery', 8, 88, 62);
INSERT INTO department (depId, depName, aisleNum, pId, eId) VALUES (224, 'Grocery', 17, 225, 255);
INSERT INTO department (depId, depName, aisleNum, pId, eId) VALUES (225, 'Bakery', 20, 357, 272);
INSERT INTO department (depId, depName, aisleNum, pId, eId) VALUES (226, 'Vegetables', 9, 19, 111);
INSERT INTO department (depId, depName, aisleNum, pId, eId) VALUES (227, 'Vegetables', 9, 144, 149);
INSERT INTO department (depId, depName, aisleNum, pId, eId) VALUES (228, 'Grocery', 6, 391, 188);
INSERT INTO department (depId, depName, aisleNum, pId, eId) VALUES (229, 'Meat', 8, 343, 224);
INSERT INTO department (depId, depName, aisleNum, pId, eId) VALUES (230, 'Vegetables', 15, 351, 165);
INSERT INTO department (depId, depName, aisleNum, pId, eId) VALUES (231, 'Bakery', 18, 361, 6);
INSERT INTO department (depId, depName, aisleNum, pId, eId) VALUES (232, 'Meat', 11, 61, 76);
INSERT INTO department (depId, depName, aisleNum, pId, eId) VALUES (233, 'Dairy', 13, 313, 13);
INSERT INTO department (depId, depName, aisleNum, pId, eId) VALUES (234, 'Beverages', 19, 229, 205);
INSERT INTO department (depId, depName, aisleNum, pId, eId) VALUES (235, 'Bakery', 14, 158, 133);
INSERT INTO department (depId, depName, aisleNum, pId, eId) VALUES (236, 'Frozen', 1, 395, 90);
INSERT INTO department (depId, depName, aisleNum, pId, eId) VALUES (237, 'Frozen', 15, 326, 345);
INSERT INTO department (depId, depName, aisleNum, pId, eId) VALUES (238, 'Bakery', 3, 14, 310);
INSERT INTO department (depId, depName, aisleNum, pId, eId) VALUES (239, 'Beverages', 2, 86, 90);
INSERT INTO department (depId, depName, aisleNum, pId, eId) VALUES (240, 'Dairy', 1, 236, 211);
INSERT INTO department (depId, depName, aisleNum, pId, eId) VALUES (241, 'Frozen', 12, 348, 350);
INSERT INTO department (depId, depName, aisleNum, pId, eId) VALUES (242, 'Meat', 17, 249, 91);
INSERT INTO department (depId, depName, aisleNum, pId, eId) VALUES (243, 'Beverages', 5, 124, 175);
INSERT INTO department (depId, depName, aisleNum, pId, eId) VALUES (244, 'Grocery', 7, 321, 331);
INSERT INTO department (depId, depName, aisleNum, pId, eId) VALUES (245, 'Meat', 14, 163, 250);
INSERT INTO department (depId, depName, aisleNum, pId, eId) VALUES (246, 'Vegetables', 13, 62, 104);
INSERT INTO department (depId, depName, aisleNum, pId, eId) VALUES (247, 'Grocery', 20, 136, 353);
INSERT INTO department (depId, depName, aisleNum, pId, eId) VALUES (248, 'Meat', 15, 50, 165);
INSERT INTO department (depId, depName, aisleNum, pId, eId) VALUES (249, 'Beverages', 7, 279, 219);
INSERT INTO department (depId, depName, aisleNum, pId, eId) VALUES (250, 'Grocery', 20, 372, 131);
INSERT INTO department (depId, depName, aisleNum, pId, eId) VALUES (251, 'Frozen', 18, 47, 161);
INSERT INTO department (depId, depName, aisleNum, pId, eId) VALUES (252, 'Dairy', 3, 394, 336);
INSERT INTO department (depId, depName, aisleNum, pId, eId) VALUES (253, 'Vegetables', 3, 120, 257);
INSERT INTO department (depId, depName, aisleNum, pId, eId) VALUES (254, 'Frozen', 1, 362, 291);
INSERT INTO department (depId, depName, aisleNum, pId, eId) VALUES (255, 'Frozen', 11, 212, 139);
INSERT INTO department (depId, depName, aisleNum, pId, eId) VALUES (256, 'Bakery', 5, 137, 172);
INSERT INTO department (depId, depName, aisleNum, pId, eId) VALUES (257, 'Meat', 20, 364, 84);
INSERT INTO department (depId, depName, aisleNum, pId, eId) VALUES (258, 'Frozen', 5, 302, 397);
INSERT INTO department (depId, depName, aisleNum, pId, eId) VALUES (259, 'Dairy', 8, 184, 320);
INSERT INTO department (depId, depName, aisleNum, pId, eId) VALUES (260, 'Grocery', 11, 348, 321);
INSERT INTO department (depId, depName, aisleNum, pId, eId) VALUES (261, 'Grocery', 10, 50, 177);
INSERT INTO department (depId, depName, aisleNum, pId, eId) VALUES (262, 'Meat', 5, 393, 276);
INSERT INTO department (depId, depName, aisleNum, pId, eId) VALUES (263, 'Dairy', 5, 276, 31);
INSERT INTO department (depId, depName, aisleNum, pId, eId) VALUES (264, 'Vegetables', 17, 180, 289);
INSERT INTO department (depId, depName, aisleNum, pId, eId) VALUES (265, 'Meat', 5, 32, 276);
INSERT INTO department (depId, depName, aisleNum, pId, eId) VALUES (266, 'Dairy', 9, 6, 362);
INSERT INTO department (depId, depName, aisleNum, pId, eId) VALUES (267, 'Vegetables', 1, 61, 224);
INSERT INTO department (depId, depName, aisleNum, pId, eId) VALUES (268, 'Grocery', 1, 362, 266);
INSERT INTO department (depId, depName, aisleNum, pId, eId) VALUES (269, 'Grocery', 16, 260, 114);
INSERT INTO department (depId, depName, aisleNum, pId, eId) VALUES (270, 'Grocery', 14, 205, 331);
INSERT INTO department (depId, depName, aisleNum, pId, eId) VALUES (271, 'Meat', 10, 114, 302);
INSERT INTO department (depId, depName, aisleNum, pId, eId) VALUES (272, 'Bakery', 14, 385, 17);
INSERT INTO department (depId, depName, aisleNum, pId, eId) VALUES (273, 'Bakery', 5, 154, 323);
INSERT INTO department (depId, depName, aisleNum, pId, eId) VALUES (274, 'Vegetables', 13, 53, 105);
INSERT INTO department (depId, depName, aisleNum, pId, eId) VALUES (275, 'Beverages', 13, 93, 209);
INSERT INTO department (depId, depName, aisleNum, pId, eId) VALUES (276, 'Vegetables', 14, 278, 240);
INSERT INTO department (depId, depName, aisleNum, pId, eId) VALUES (277, 'Grocery', 6, 288, 276);
INSERT INTO department (depId, depName, aisleNum, pId, eId) VALUES (278, 'Beverages', 19, 95, 281);
INSERT INTO department (depId, depName, aisleNum, pId, eId) VALUES (279, 'Bakery', 18, 13, 129);
INSERT INTO department (depId, depName, aisleNum, pId, eId) VALUES (280, 'Frozen', 13, 286, 105);
INSERT INTO department (depId, depName, aisleNum, pId, eId) VALUES (281, 'Vegetables', 10, 107, 84);
INSERT INTO department (depId, depName, aisleNum, pId, eId) VALUES (282, 'Grocery', 15, 73, 234);
INSERT INTO department (depId, depName, aisleNum, pId, eId) VALUES (283, 'Dairy', 7, 2, 71);
INSERT INTO department (depId, depName, aisleNum, pId, eId) VALUES (284, 'Grocery', 15, 97, 102);
INSERT INTO department (depId, depName, aisleNum, pId, eId) VALUES (285, 'Meat', 6, 83, 14);
INSERT INTO department (depId, depName, aisleNum, pId, eId) VALUES (286, 'Grocery', 15, 241, 190);
INSERT INTO department (depId, depName, aisleNum, pId, eId) VALUES (287, 'Vegetables', 10, 387, 148);
INSERT INTO department (depId, depName, aisleNum, pId, eId) VALUES (288, 'Vegetables', 12, 90, 327);
INSERT INTO department (depId, depName, aisleNum, pId, eId) VALUES (289, 'Beverages', 2, 67, 282);
INSERT INTO department (depId, depName, aisleNum, pId, eId) VALUES (290, 'Beverages', 8, 205, 353);
INSERT INTO department (depId, depName, aisleNum, pId, eId) VALUES (291, 'Grocery', 6, 142, 176);
INSERT INTO department (depId, depName, aisleNum, pId, eId) VALUES (292, 'Bakery', 13, 225, 12);
INSERT INTO department (depId, depName, aisleNum, pId, eId) VALUES (293, 'Vegetables', 6, 285, 120);
INSERT INTO department (depId, depName, aisleNum, pId, eId) VALUES (294, 'Frozen', 14, 56, 145);
INSERT INTO department (depId, depName, aisleNum, pId, eId) VALUES (295, 'Dairy', 6, 221, 332);
INSERT INTO department (depId, depName, aisleNum, pId, eId) VALUES (296, 'Dairy', 13, 316, 178);
INSERT INTO department (depId, depName, aisleNum, pId, eId) VALUES (297, 'Grocery', 5, 18, 300);
INSERT INTO department (depId, depName, aisleNum, pId, eId) VALUES (298, 'Vegetables', 6, 249, 275);
INSERT INTO department (depId, depName, aisleNum, pId, eId) VALUES (299, 'Beverages', 7, 15, 299);
INSERT INTO department (depId, depName, aisleNum, pId, eId) VALUES (300, 'Grocery', 3, 112, 60);
INSERT INTO department (depId, depName, aisleNum, pId, eId) VALUES (301, 'Frozen', 14, 27, 87);
INSERT INTO department (depId, depName, aisleNum, pId, eId) VALUES (302, 'Vegetables', 4, 16, 87);
INSERT INTO department (depId, depName, aisleNum, pId, eId) VALUES (303, 'Dairy', 12, 153, 353);
INSERT INTO department (depId, depName, aisleNum, pId, eId) VALUES (304, 'Grocery', 4, 87, 202);
INSERT INTO department (depId, depName, aisleNum, pId, eId) VALUES (305, 'Bakery', 10, 214, 260);
INSERT INTO department (depId, depName, aisleNum, pId, eId) VALUES (306, 'Grocery', 9, 161, 37);
INSERT INTO department (depId, depName, aisleNum, pId, eId) VALUES (307, 'Beverages', 12, 188, 320);
INSERT INTO department (depId, depName, aisleNum, pId, eId) VALUES (308, 'Dairy', 10, 312, 209);
INSERT INTO department (depId, depName, aisleNum, pId, eId) VALUES (309, 'Meat', 15, 31, 236);
INSERT INTO department (depId, depName, aisleNum, pId, eId) VALUES (310, 'Bakery', 3, 253, 1);
INSERT INTO department (depId, depName, aisleNum, pId, eId) VALUES (311, 'Meat', 2, 46, 382);
INSERT INTO department (depId, depName, aisleNum, pId, eId) VALUES (312, 'Vegetables', 6, 359, 229);
INSERT INTO department (depId, depName, aisleNum, pId, eId) VALUES (313, 'Bakery', 9, 90, 228);
INSERT INTO department (depId, depName, aisleNum, pId, eId) VALUES (314, 'Dairy', 3, 388, 303);
INSERT INTO department (depId, depName, aisleNum, pId, eId) VALUES (315, 'Meat', 10, 112, 381);
INSERT INTO department (depId, depName, aisleNum, pId, eId) VALUES (316, 'Dairy', 10, 319, 106);
INSERT INTO department (depId, depName, aisleNum, pId, eId) VALUES (317, 'Dairy', 1, 285, 376);
INSERT INTO department (depId, depName, aisleNum, pId, eId) VALUES (318, 'Vegetables', 7, 56, 255);
INSERT INTO department (depId, depName, aisleNum, pId, eId) VALUES (319, 'Vegetables', 18, 284, 114);
INSERT INTO department (depId, depName, aisleNum, pId, eId) VALUES (320, 'Bakery', 19, 312, 255);
INSERT INTO department (depId, depName, aisleNum, pId, eId) VALUES (321, 'Frozen', 20, 150, 298);
INSERT INTO department (depId, depName, aisleNum, pId, eId) VALUES (322, 'Vegetables', 11, 156, 217);
INSERT INTO department (depId, depName, aisleNum, pId, eId) VALUES (323, 'Beverages', 4, 59, 128);
INSERT INTO department (depId, depName, aisleNum, pId, eId) VALUES (324, 'Grocery', 12, 27, 387);
INSERT INTO department (depId, depName, aisleNum, pId, eId) VALUES (325, 'Beverages', 17, 153, 131);
INSERT INTO department (depId, depName, aisleNum, pId, eId) VALUES (326, 'Meat', 11, 387, 145);
INSERT INTO department (depId, depName, aisleNum, pId, eId) VALUES (327, 'Vegetables', 5, 115, 275);
INSERT INTO department (depId, depName, aisleNum, pId, eId) VALUES (328, 'Meat', 6, 299, 4);
INSERT INTO department (depId, depName, aisleNum, pId, eId) VALUES (329, 'Frozen', 7, 8, 20);
INSERT INTO department (depId, depName, aisleNum, pId, eId) VALUES (330, 'Frozen', 6, 398, 162);
INSERT INTO department (depId, depName, aisleNum, pId, eId) VALUES (331, 'Frozen', 9, 328, 175);
INSERT INTO department (depId, depName, aisleNum, pId, eId) VALUES (332, 'Bakery', 6, 307, 275);
INSERT INTO department (depId, depName, aisleNum, pId, eId) VALUES (333, 'Dairy', 12, 334, 17);
INSERT INTO department (depId, depName, aisleNum, pId, eId) VALUES (334, 'Bakery', 5, 119, 377);
INSERT INTO department (depId, depName, aisleNum, pId, eId) VALUES (335, 'Vegetables', 2, 281, 95);
INSERT INTO department (depId, depName, aisleNum, pId, eId) VALUES (336, 'Meat', 4, 393, 91);
INSERT INTO department (depId, depName, aisleNum, pId, eId) VALUES (337, 'Meat', 14, 330, 162);
INSERT INTO department (depId, depName, aisleNum, pId, eId) VALUES (338, 'Meat', 15, 28, 387);
INSERT INTO department (depId, depName, aisleNum, pId, eId) VALUES (339, 'Bakery', 10, 197, 152);
INSERT INTO department (depId, depName, aisleNum, pId, eId) VALUES (340, 'Meat', 2, 378, 276);
INSERT INTO department (depId, depName, aisleNum, pId, eId) VALUES (341, 'Meat', 19, 6, 95);
INSERT INTO department (depId, depName, aisleNum, pId, eId) VALUES (342, 'Meat', 2, 8, 125);
INSERT INTO department (depId, depName, aisleNum, pId, eId) VALUES (343, 'Grocery', 5, 302, 185);
INSERT INTO department (depId, depName, aisleNum, pId, eId) VALUES (344, 'Frozen', 16, 339, 198);
INSERT INTO department (depId, depName, aisleNum, pId, eId) VALUES (345, 'Vegetables', 18, 68, 297);
INSERT INTO department (depId, depName, aisleNum, pId, eId) VALUES (346, 'Beverages', 10, 277, 250);
INSERT INTO department (depId, depName, aisleNum, pId, eId) VALUES (347, 'Meat', 19, 202, 26);
INSERT INTO department (depId, depName, aisleNum, pId, eId) VALUES (348, 'Dairy', 1, 83, 116);
INSERT INTO department (depId, depName, aisleNum, pId, eId) VALUES (349, 'Vegetables', 8, 256, 14);
INSERT INTO department (depId, depName, aisleNum, pId, eId) VALUES (350, 'Vegetables', 11, 89, 6);
INSERT INTO department (depId, depName, aisleNum, pId, eId) VALUES (351, 'Frozen', 18, 334, 301);
INSERT INTO department (depId, depName, aisleNum, pId, eId) VALUES (352, 'Frozen', 9, 285, 39);
INSERT INTO department (depId, depName, aisleNum, pId, eId) VALUES (353, 'Grocery', 20, 208, 196);
INSERT INTO department (depId, depName, aisleNum, pId, eId) VALUES (354, 'Grocery', 10, 243, 107);
INSERT INTO department (depId, depName, aisleNum, pId, eId) VALUES (355, 'Vegetables', 12, 304, 65);
INSERT INTO department (depId, depName, aisleNum, pId, eId) VALUES (356, 'Grocery', 4, 324, 370);
INSERT INTO department (depId, depName, aisleNum, pId, eId) VALUES (357, 'Vegetables', 12, 120, 212);
INSERT INTO department (depId, depName, aisleNum, pId, eId) VALUES (358, 'Beverages', 13, 157, 58);
INSERT INTO department (depId, depName, aisleNum, pId, eId) VALUES (359, 'Frozen', 10, 153, 244);
INSERT INTO department (depId, depName, aisleNum, pId, eId) VALUES (360, 'Dairy', 7, 247, 232);
INSERT INTO department (depId, depName, aisleNum, pId, eId) VALUES (361, 'Grocery', 5, 3, 32);
INSERT INTO department (depId, depName, aisleNum, pId, eId) VALUES (362, 'Meat', 10, 335, 51);
INSERT INTO department (depId, depName, aisleNum, pId, eId) VALUES (363, 'Vegetables', 20, 259, 183);
INSERT INTO department (depId, depName, aisleNum, pId, eId) VALUES (364, 'Bakery', 14, 132, 315);
INSERT INTO department (depId, depName, aisleNum, pId, eId) VALUES (365, 'Grocery', 9, 306, 218);
INSERT INTO department (depId, depName, aisleNum, pId, eId) VALUES (366, 'Bakery', 13, 220, 199);
INSERT INTO department (depId, depName, aisleNum, pId, eId) VALUES (367, 'Dairy', 7, 21, 265);
INSERT INTO department (depId, depName, aisleNum, pId, eId) VALUES (368, 'Dairy', 2, 59, 170);
INSERT INTO department (depId, depName, aisleNum, pId, eId) VALUES (369, 'Vegetables', 4, 135, 73);
INSERT INTO department (depId, depName, aisleNum, pId, eId) VALUES (370, 'Frozen', 20, 133, 65);
INSERT INTO department (depId, depName, aisleNum, pId, eId) VALUES (371, 'Vegetables', 15, 391, 61);
INSERT INTO department (depId, depName, aisleNum, pId, eId) VALUES (372, 'Dairy', 7, 24, 244);
INSERT INTO department (depId, depName, aisleNum, pId, eId) VALUES (373, 'Dairy', 15, 171, 22);
INSERT INTO department (depId, depName, aisleNum, pId, eId) VALUES (374, 'Meat', 12, 353, 121);
INSERT INTO department (depId, depName, aisleNum, pId, eId) VALUES (375, 'Beverages', 15, 272, 221);
INSERT INTO department (depId, depName, aisleNum, pId, eId) VALUES (376, 'Bakery', 13, 267, 84);
INSERT INTO department (depId, depName, aisleNum, pId, eId) VALUES (377, 'Bakery', 10, 199, 179);
INSERT INTO department (depId, depName, aisleNum, pId, eId) VALUES (378, 'Dairy', 6, 361, 282);
INSERT INTO department (depId, depName, aisleNum, pId, eId) VALUES (379, 'Vegetables', 10, 29, 392);
INSERT INTO department (depId, depName, aisleNum, pId, eId) VALUES (380, 'Beverages', 12, 287, 397);
INSERT INTO department (depId, depName, aisleNum, pId, eId) VALUES (381, 'Beverages', 1, 156, 47);
INSERT INTO department (depId, depName, aisleNum, pId, eId) VALUES (382, 'Grocery', 8, 90, 137);
INSERT INTO department (depId, depName, aisleNum, pId, eId) VALUES (383, 'Beverages', 3, 278, 344);
INSERT INTO department (depId, depName, aisleNum, pId, eId) VALUES (384, 'Beverages', 15, 224, 151);
INSERT INTO department (depId, depName, aisleNum, pId, eId) VALUES (385, 'Beverages', 1, 264, 391);
INSERT INTO department (depId, depName, aisleNum, pId, eId) VALUES (386, 'Meat', 20, 181, 214);
INSERT INTO department (depId, depName, aisleNum, pId, eId) VALUES (387, 'Grocery', 13, 200, 139);
INSERT INTO department (depId, depName, aisleNum, pId, eId) VALUES (388, 'Meat', 19, 43, 259);
INSERT INTO department (depId, depName, aisleNum, pId, eId) VALUES (389, 'Dairy', 17, 179, 295);
INSERT INTO department (depId, depName, aisleNum, pId, eId) VALUES (390, 'Dairy', 9, 12, 319);
INSERT INTO department (depId, depName, aisleNum, pId, eId) VALUES (391, 'Bakery', 5, 32, 379);
INSERT INTO department (depId, depName, aisleNum, pId, eId) VALUES (392, 'Bakery', 17, 211, 380);
INSERT INTO department (depId, depName, aisleNum, pId, eId) VALUES (393, 'Frozen', 10, 256, 118);
INSERT INTO department (depId, depName, aisleNum, pId, eId) VALUES (394, 'Grocery', 5, 391, 135);
INSERT INTO department (depId, depName, aisleNum, pId, eId) VALUES (395, 'Bakery', 14, 128, 170);
INSERT INTO department (depId, depName, aisleNum, pId, eId) VALUES (396, 'Meat', 1, 329, 150);
INSERT INTO department (depId, depName, aisleNum, pId, eId) VALUES (397, 'Vegetables', 4, 115, 215);
INSERT INTO department (depId, depName, aisleNum, pId, eId) VALUES (398, 'Bakery', 16, 38, 258);
INSERT INTO department (depId, depName, aisleNum, pId, eId) VALUES (399, 'Dairy', 17, 186, 37);
INSERT INTO department (depId, depName, aisleNum, pId, eId) VALUES (400, 'Dairy', 17, 249, 118);
