--
-- PostgreSQL database dump
--

-- Dumped from database version 17.4 (Debian 17.4-1.pgdg120+2)
-- Dumped by pg_dump version 17.4

-- Started on 2025-06-09 12:03:14 UTC

SET statement_timeout = 0;
SET lock_timeout = 0;
SET idle_in_transaction_session_timeout = 0;
SET transaction_timeout = 0;
SET client_encoding = 'UTF8';
SET standard_conforming_strings = on;
SELECT pg_catalog.set_config('search_path', '', false);
SET check_function_bodies = false;
SET xmloption = content;
SET client_min_messages = warning;
SET row_security = off;

SET SESSION AUTHORIZATION 'cotehila';

DROP DATABASE IF EXISTS "mydatabase";
--
-- TOC entry 3483 (class 1262 OID 16384)
-- Name: mydatabase; Type: DATABASE; Schema: -; Owner: cotehila
--

CREATE DATABASE "mydatabase" WITH TEMPLATE = template0 ENCODING = 'UTF8' LOCALE_PROVIDER = libc LOCALE = 'en_US.utf8';


\connect "mydatabase"

SET statement_timeout = 0;
SET lock_timeout = 0;
SET idle_in_transaction_session_timeout = 0;
SET transaction_timeout = 0;
SET client_encoding = 'UTF8';
SET standard_conforming_strings = on;
SELECT pg_catalog.set_config('search_path', '', false);
SET check_function_bodies = false;
SET xmloption = content;
SET client_min_messages = warning;
SET row_security = off;

SET SESSION AUTHORIZATION 'pg_database_owner';

--
-- TOC entry 4 (class 2615 OID 2200)
-- Name: public; Type: SCHEMA; Schema: -; Owner: pg_database_owner
--

CREATE SCHEMA "public";


--
-- TOC entry 3484 (class 0 OID 0)
-- Dependencies: 4
-- Name: SCHEMA "public"; Type: COMMENT; Schema: -; Owner: pg_database_owner
--

COMMENT ON SCHEMA "public" IS 'standard public schema';


SET SESSION AUTHORIZATION 'cotehila';

--
-- TOC entry 231 (class 1255 OID 57372)
-- Name: assign_employee_to_purchases(); Type: PROCEDURE; Schema: public; Owner: cotehila
--

CREATE PROCEDURE "public"."assign_employee_to_purchases"()
    LANGUAGE "plpgsql"
    AS '
BEGIN
    UPDATE purchase
    SET eid = 1
    WHERE eid IS NULL;

    RAISE NOTICE ''All purchases without employee were assigned to eid=1'';
EXCEPTION
    WHEN OTHERS THEN
        RAISE NOTICE ''An error occurred while assigning employee: %'', SQLERRM;
END;
';


--
-- TOC entry 244 (class 1255 OID 57370)
-- Name: check_product_availability(integer); Type: FUNCTION; Schema: public; Owner: cotehila
--

CREATE FUNCTION "public"."check_product_availability"("p_pid" integer) RETURNS TABLE("sname" character varying, "sid" integer, "total_amount" bigint)
    LANGUAGE "plpgsql"
    AS '
BEGIN
    RETURN QUERY
    SELECT s.sname, s.sid, SUM(pp.amount)
    FROM supplier s
    JOIN "order" o ON s.sid = o.sid
    JOIN ordprod op ON o.ordid = op.ordid
    JOIN product p ON op.pid = p.pid
    JOIN purprod pp ON pp.pid = p.pid
    WHERE p.pid = p_pid
    GROUP BY s.sname, s.sid;
END;
';


--
-- TOC entry 247 (class 1255 OID 57377)
-- Name: count_products(); Type: FUNCTION; Schema: public; Owner: cotehila
--

CREATE FUNCTION "public"."count_products"() RETURNS "void"
    LANGUAGE "plpgsql"
    AS '  -- הפונקציה לא מחזירה ערך
DECLARE
    x INT;  -- משתנה מקומי שיאחסן את מספר המוצרים
BEGIN
    -- ביצוע שאילתה שמחזירה את מספר הרשומות בטבלת product ושמירת התוצאה במשתנה x
    -- כאן נוצר קורסור מרומז מאחורי הקלעים
    SELECT COUNT(*) INTO x FROM product;

    -- הדפסת המספר שנמצא כ"הודעה" במסך השרת
    RAISE NOTICE ''Total products: %'', x;
END;
';


--
-- TOC entry 249 (class 1255 OID 65539)
-- Name: find_similar_products(numeric); Type: FUNCTION; Schema: public; Owner: cotehila
--

CREATE FUNCTION "public"."find_similar_products"("p_pid" numeric) RETURNS TABLE("pid" numeric, "pname" "text", "price" numeric)
    LANGUAGE "plpgsql"
    AS '
DECLARE
    original_price NUMERIC;
    original_depid INT;
BEGIN
    -- שלב 1: חילוץ פרטי המוצר המקורי
    SELECT p.price, p.depid INTO original_price, original_depid
    FROM product p
    WHERE p.pid = p_pid;

    -- שלב 2: החזרת מוצרים דומים באותה מחלקה ובטווח מחיר דומה
    RETURN QUERY
    SELECT p.pid, p.pname, p.price
    FROM product p
    WHERE p.pid <> p_pid
      AND p.depid = original_depid
      AND p.price BETWEEN original_price * 0.8 AND original_price * 1.2;
END;
';


--
-- TOC entry 250 (class 1255 OID 65540)
-- Name: get_customer_summary(integer); Type: FUNCTION; Schema: public; Owner: cotehila
--

CREATE FUNCTION "public"."get_customer_summary"("p_cid" integer) RETURNS "text"
    LANGUAGE "plpgsql"
    AS '
DECLARE
    total_orders INT;
    total_items INT;
    avg_cost NUMERIC;
    total_cost INT;
BEGIN
    -- מספר רכישות
    SELECT COUNT(*) INTO total_orders
    FROM purchase
    WHERE cid = p_cid;

    -- מספר מוצרים
    SELECT COALESCE(SUM(pp.amount), 0) INTO total_items
    FROM purchase pu
    JOIN purprod pp ON pu.purid = pp.purid
    WHERE pu.cid = p_cid;

    -- ממוצע עלות ורכישות
    SELECT COALESCE(AVG(purcost), 0), COALESCE(SUM(purcost), 0)
    INTO avg_cost, total_cost
    FROM purchase
    WHERE cid = p_cid;

    RETURN format(
        ''לקוח %s ביצע %s רכישות, רכש %s מוצרים, ממוצע עלות רכישה: %s, לקוח %s'',
        p_cid,
        total_orders,
        total_items,
        ROUND(avg_cost, 2),
        CASE WHEN total_orders > 5 AND total_cost > 1000 THEN ''חשוב'' ELSE ''רגיל'' END
    );
END;
';


--
-- TOC entry 246 (class 1255 OID 57371)
-- Name: mark_cancelled_purchases(); Type: PROCEDURE; Schema: public; Owner: cotehila
--

CREATE PROCEDURE "public"."mark_cancelled_purchases"()
    LANGUAGE "plpgsql"
    AS '
BEGIN
    UPDATE purchase
    SET purstatus = ''cancelled''
    WHERE purstatus = ''ordered''
      AND purdate < CURRENT_DATE - INTERVAL ''30 days'';
END;
';


--
-- TOC entry 248 (class 1255 OID 57378)
-- Name: print_product_info(integer); Type: FUNCTION; Schema: public; Owner: cotehila
--

CREATE FUNCTION "public"."print_product_info"("p_pid" integer) RETURNS "void"
    LANGUAGE "plpgsql"
    AS '
DECLARE
    v_name VARCHAR;
    v_quantity INT;
BEGIN
    -- שליפת שם המוצר והכמות למשתנים מקומיים (קורסור מרומז)
    SELECT pname, quantity
    INTO v_name, v_quantity
    FROM product
    WHERE pid = p_pid;

    -- הדפסת המידע על המוצר
    RAISE NOTICE ''Product: %, Quantity: %'', v_name, v_quantity;
END;
';


--
-- TOC entry 251 (class 1255 OID 65538)
-- Name: reassign_if_employee_unsuitable(integer); Type: FUNCTION; Schema: public; Owner: cotehila
--

CREATE FUNCTION "public"."reassign_if_employee_unsuitable"("p_purid" integer) RETURNS "text"
    LANGUAGE "plpgsql"
    AS '
DECLARE
    current_role TEXT;
    current_eid INT;
    new_eid INT;
BEGIN
    -- שלב 1: שליפת העובד והתפקיד הנוכחי ברכישה
    SELECT e.eid, r.alias INTO current_eid, current_role
    FROM purchase pu
    JOIN employee e ON pu.eid = e.eid
    JOIN role r ON e.rid = r.rid
    WHERE pu.purid = p_purid;

    -- שלב 2: בדיקה אם התפקיד לא מתאים
    IF current_role NOT IN (''קופאי'', ''משלוחן'', ''Customer Service'') THEN
        -- שלב 3: חיפוש עובד אחר שכן מתאים
        SELECT e2.eid INTO new_eid
        FROM employee e2
        JOIN role r2 ON e2.rid = r2.rid
        WHERE r2.alias IN (''קופאי'', ''משלוחן'', ''Customer Service'')
        LIMIT 1;

        -- שלב 4: אם נמצא – עדכון הרכישה
        IF FOUND THEN
            UPDATE purchase
            SET eid = new_eid
            WHERE purid = p_purid;

            RETURN format(''העובד הלא מתאים הוחלף לעובד %s'', new_eid);
        ELSE
            RETURN ''לא נמצא עובד מתאים להחלפה'';
        END IF;
    ELSE
        RETURN ''העובד הנוכחי כבר בתפקיד מתאים – אין צורך בהחלפה'';
    END IF;

EXCEPTION
    WHEN NO_DATA_FOUND THEN
        RETURN ''לא נמצאה רכישה או שאין לה עובד משויך'';
END;
';


--
-- TOC entry 232 (class 1255 OID 57373)
-- Name: trg_check_stock(); Type: FUNCTION; Schema: public; Owner: cotehila
--

CREATE FUNCTION "public"."trg_check_stock"() RETURNS "trigger"
    LANGUAGE "plpgsql"
    AS '
DECLARE
    available INT;
BEGIN
    SELECT quantity INTO available
    FROM product
    WHERE pid = NEW.pid;

    IF available < NEW.amount THEN
        RAISE EXCEPTION ''Not enough stock for product %'', NEW.pid;
    END IF;

    RETURN NEW;
END;
';


--
-- TOC entry 233 (class 1255 OID 57375)
-- Name: trg_decrease_stock(); Type: FUNCTION; Schema: public; Owner: cotehila
--

CREATE FUNCTION "public"."trg_decrease_stock"() RETURNS "trigger"
    LANGUAGE "plpgsql"
    AS '
BEGIN
    UPDATE product
    SET quantity = quantity - NEW.amount
    WHERE pid = NEW.pid;

    RETURN NEW;
END;
';


SET default_tablespace = '';

SET default_table_access_method = "heap";

--
-- TOC entry 217 (class 1259 OID 24988)
-- Name: customer; Type: TABLE; Schema: public; Owner: cotehila
--

CREATE TABLE "public"."customer" (
    "cid" numeric(5,0) NOT NULL,
    "cname" character varying(15) NOT NULL,
    "cphone" numeric(12,0),
    CONSTRAINT "customer_cphone_check" CHECK ((("cphone" >= ('100000000000'::bigint)::numeric) AND ("cphone" <= ('999999999999'::bigint)::numeric)))
);


--
-- TOC entry 218 (class 1259 OID 24992)
-- Name: department; Type: TABLE; Schema: public; Owner: cotehila
--

CREATE TABLE "public"."department" (
    "depid" numeric(5,0) NOT NULL,
    "depname" character varying(30) NOT NULL,
    "aislenum" integer NOT NULL,
    CONSTRAINT "department_aislenum_check" CHECK (("aislenum" > 0))
);


--
-- TOC entry 219 (class 1259 OID 24996)
-- Name: employee; Type: TABLE; Schema: public; Owner: cotehila
--

CREATE TABLE "public"."employee" (
    "eid" numeric(5,0) NOT NULL,
    "ename" character varying(15) NOT NULL,
    "ephone" numeric(12,0),
    "depid" numeric(5,0) NOT NULL,
    "rid" numeric(5,0) NOT NULL,
    "hiredate" "date" DEFAULT '2020-01-01'::"date"
);


--
-- TOC entry 227 (class 1259 OID 41379)
-- Name: order; Type: TABLE; Schema: public; Owner: cotehila
--

CREATE TABLE "public"."order" (
    "ordid" integer NOT NULL,
    "orddate" "date" NOT NULL,
    "paymentterms" character varying(100),
    "sid" integer NOT NULL
);


--
-- TOC entry 226 (class 1259 OID 41378)
-- Name: order_ordid_seq; Type: SEQUENCE; Schema: public; Owner: cotehila
--

CREATE SEQUENCE "public"."order_ordid_seq"
    AS integer
    START WITH 1
    INCREMENT BY 1
    NO MINVALUE
    NO MAXVALUE
    CACHE 1;


--
-- TOC entry 3485 (class 0 OID 0)
-- Dependencies: 226
-- Name: order_ordid_seq; Type: SEQUENCE OWNED BY; Schema: public; Owner: cotehila
--

ALTER SEQUENCE "public"."order_ordid_seq" OWNED BY "public"."order"."ordid";


--
-- TOC entry 228 (class 1259 OID 41390)
-- Name: ordprod; Type: TABLE; Schema: public; Owner: cotehila
--

CREATE TABLE "public"."ordprod" (
    "ordid" integer NOT NULL,
    "pid" integer NOT NULL,
    "amount" integer NOT NULL,
    "supplierprice" numeric(10,2) NOT NULL
);


--
-- TOC entry 222 (class 1259 OID 25010)
-- Name: product; Type: TABLE; Schema: public; Owner: cotehila
--

CREATE TABLE "public"."product" (
    "pid" numeric(5,0) NOT NULL,
    "pname" character varying(30) NOT NULL,
    "stock" integer DEFAULT 0,
    "price" double precision NOT NULL,
    "validity" "date",
    "depid" numeric(5,0) NOT NULL,
    "brand" character varying DEFAULT 'GLORY'::character varying,
    CONSTRAINT "product_price_check" CHECK (("price" >= (0)::double precision)),
    CONSTRAINT "product_stock_check" CHECK (("stock" >= 0))
);


--
-- TOC entry 221 (class 1259 OID 25004)
-- Name: purchase; Type: TABLE; Schema: public; Owner: cotehila
--

CREATE TABLE "public"."purchase" (
    "purid" numeric(5,0) NOT NULL,
    "purdate" "date" DEFAULT CURRENT_DATE,
    "purstatus" character varying(10) NOT NULL,
    "purcost" integer NOT NULL,
    "cid" numeric(5,0) NOT NULL,
    "purmethod" character varying(10) DEFAULT 'cash'::character varying,
    "eid" integer,
    CONSTRAINT "orders_ordcost_check" CHECK (("purcost" >= 0)),
    CONSTRAINT "orders_ordstatus_check" CHECK ((("purstatus")::"text" = ANY ((ARRAY['ordered'::character varying, 'shipped'::character varying, 'delivered'::character varying, 'cancelled'::character varying, 'מזומן'::character varying, 'ביט'::character varying, 'אשראי'::character varying])::"text"[]))),
    CONSTRAINT "purchase_purmethod_check" CHECK ((("purmethod")::"text" = ANY ((ARRAY['cash'::character varying, 'credit'::character varying])::"text"[])))
);


--
-- TOC entry 220 (class 1259 OID 25000)
-- Name: purprod; Type: TABLE; Schema: public; Owner: cotehila
--

CREATE TABLE "public"."purprod" (
    "amount" integer NOT NULL,
    "pid" numeric(5,0) NOT NULL,
    "purid" numeric(5,0) NOT NULL,
    CONSTRAINT "orderprod_amount_check" CHECK (("amount" > 0))
);


--
-- TOC entry 223 (class 1259 OID 25017)
-- Name: role; Type: TABLE; Schema: public; Owner: cotehila
--

CREATE TABLE "public"."role" (
    "rid" numeric(5,0) NOT NULL,
    "alias" character varying(30) NOT NULL,
    "rstatus" character varying(10) DEFAULT 'active'::character varying,
    "hourlywage" numeric DEFAULT 50,
    CONSTRAINT "role_rstatus_check" CHECK ((("rstatus")::"text" = ANY (ARRAY[('active'::character varying)::"text", ('inactive'::character varying)::"text", ('suspended'::character varying)::"text"])))
);


--
-- TOC entry 225 (class 1259 OID 41372)
-- Name: supplier; Type: TABLE; Schema: public; Owner: cotehila
--

CREATE TABLE "public"."supplier" (
    "sid" integer NOT NULL,
    "sname" character varying(50) NOT NULL,
    "phone" character varying(20)
);


--
-- TOC entry 224 (class 1259 OID 41371)
-- Name: supplier_sid_seq; Type: SEQUENCE; Schema: public; Owner: cotehila
--

CREATE SEQUENCE "public"."supplier_sid_seq"
    AS integer
    START WITH 1
    INCREMENT BY 1
    NO MINVALUE
    NO MAXVALUE
    CACHE 1;


--
-- TOC entry 3486 (class 0 OID 0)
-- Dependencies: 224
-- Name: supplier_sid_seq; Type: SEQUENCE OWNED BY; Schema: public; Owner: cotehila
--

ALTER SEQUENCE "public"."supplier_sid_seq" OWNED BY "public"."supplier"."sid";


--
-- TOC entry 230 (class 1259 OID 42345)
-- Name: view_customer_purchases; Type: VIEW; Schema: public; Owner: cotehila
--

CREATE VIEW "public"."view_customer_purchases" AS
 SELECT "c"."cid",
    "c"."cname",
    "pu"."purid",
    "pu"."purdate",
    "pu"."purmethod",
    "p"."pname",
    "pp"."amount"
   FROM ((("public"."customer" "c"
     JOIN "public"."purchase" "pu" ON (("c"."cid" = "pu"."cid")))
     JOIN "public"."purprod" "pp" ON (("pu"."purid" = "pp"."purid")))
     JOIN "public"."product" "p" ON (("pp"."pid" = "p"."pid")));


--
-- TOC entry 229 (class 1259 OID 42338)
-- Name: view_supplier_orders; Type: VIEW; Schema: public; Owner: cotehila
--

CREATE VIEW "public"."view_supplier_orders" AS
 SELECT "s"."sid",
    "s"."sname",
    "o"."ordid",
    "o"."orddate",
    "o"."paymentterms",
    "p"."pname",
    "op"."amount"
   FROM ((("public"."supplier" "s"
     JOIN "public"."order" "o" ON (("s"."sid" = "o"."sid")))
     JOIN "public"."ordprod" "op" ON (("o"."ordid" = "op"."ordid")))
     JOIN "public"."product" "p" ON ((("op"."pid")::numeric = "p"."pid")));


--
-- TOC entry 3273 (class 2604 OID 41382)
-- Name: order ordid; Type: DEFAULT; Schema: public; Owner: cotehila
--

ALTER TABLE ONLY "public"."order" ALTER COLUMN "ordid" SET DEFAULT "nextval"('"public"."order_ordid_seq"'::"regclass");


--
-- TOC entry 3272 (class 2604 OID 41375)
-- Name: supplier sid; Type: DEFAULT; Schema: public; Owner: cotehila
--

ALTER TABLE ONLY "public"."supplier" ALTER COLUMN "sid" SET DEFAULT "nextval"('"public"."supplier_sid_seq"'::"regclass");


--
-- TOC entry 3466 (class 0 OID 24988)
-- Dependencies: 217
-- Data for Name: customer; Type: TABLE DATA; Schema: public; Owner: cotehila
--

INSERT INTO "public"."customer" ("cid", "cname", "cphone") VALUES (1, 'Customer1', 806715987455) ON CONFLICT DO NOTHING;
INSERT INTO "public"."customer" ("cid", "cname", "cphone") VALUES (2, 'Customer2', 860121600253) ON CONFLICT DO NOTHING;
INSERT INTO "public"."customer" ("cid", "cname", "cphone") VALUES (3, 'Customer3', 188597830061) ON CONFLICT DO NOTHING;
INSERT INTO "public"."customer" ("cid", "cname", "cphone") VALUES (4, 'Customer4', 134717068926) ON CONFLICT DO NOTHING;
INSERT INTO "public"."customer" ("cid", "cname", "cphone") VALUES (5, 'Customer5', 387696126771) ON CONFLICT DO NOTHING;
INSERT INTO "public"."customer" ("cid", "cname", "cphone") VALUES (7, 'Customer7', 710407155966) ON CONFLICT DO NOTHING;
INSERT INTO "public"."customer" ("cid", "cname", "cphone") VALUES (8, 'Customer8', 842696148500) ON CONFLICT DO NOTHING;
INSERT INTO "public"."customer" ("cid", "cname", "cphone") VALUES (9, 'Customer9', 390734286734) ON CONFLICT DO NOTHING;
INSERT INTO "public"."customer" ("cid", "cname", "cphone") VALUES (10, 'Customer10', 855340212494) ON CONFLICT DO NOTHING;
INSERT INTO "public"."customer" ("cid", "cname", "cphone") VALUES (11, 'Customer11', 130278793711) ON CONFLICT DO NOTHING;
INSERT INTO "public"."customer" ("cid", "cname", "cphone") VALUES (12, 'Customer12', 615500487331) ON CONFLICT DO NOTHING;
INSERT INTO "public"."customer" ("cid", "cname", "cphone") VALUES (13, 'Customer13', 750696948022) ON CONFLICT DO NOTHING;
INSERT INTO "public"."customer" ("cid", "cname", "cphone") VALUES (14, 'Customer14', 380009246089) ON CONFLICT DO NOTHING;
INSERT INTO "public"."customer" ("cid", "cname", "cphone") VALUES (15, 'Customer15', 717195166254) ON CONFLICT DO NOTHING;
INSERT INTO "public"."customer" ("cid", "cname", "cphone") VALUES (16, 'Customer16', 317864578364) ON CONFLICT DO NOTHING;
INSERT INTO "public"."customer" ("cid", "cname", "cphone") VALUES (17, 'Customer17', 759513782515) ON CONFLICT DO NOTHING;
INSERT INTO "public"."customer" ("cid", "cname", "cphone") VALUES (19, 'Customer19', 986164875203) ON CONFLICT DO NOTHING;
INSERT INTO "public"."customer" ("cid", "cname", "cphone") VALUES (20, 'Customer20', 370062237812) ON CONFLICT DO NOTHING;
INSERT INTO "public"."customer" ("cid", "cname", "cphone") VALUES (21, 'Customer21', 764136434115) ON CONFLICT DO NOTHING;
INSERT INTO "public"."customer" ("cid", "cname", "cphone") VALUES (23, 'Customer23', 238500925362) ON CONFLICT DO NOTHING;
INSERT INTO "public"."customer" ("cid", "cname", "cphone") VALUES (24, 'Customer24', 333257007042) ON CONFLICT DO NOTHING;
INSERT INTO "public"."customer" ("cid", "cname", "cphone") VALUES (25, 'Customer25', 939230283759) ON CONFLICT DO NOTHING;
INSERT INTO "public"."customer" ("cid", "cname", "cphone") VALUES (26, 'Customer26', 563254684909) ON CONFLICT DO NOTHING;
INSERT INTO "public"."customer" ("cid", "cname", "cphone") VALUES (27, 'Customer27', 595109002658) ON CONFLICT DO NOTHING;
INSERT INTO "public"."customer" ("cid", "cname", "cphone") VALUES (28, 'Customer28', 919660040356) ON CONFLICT DO NOTHING;
INSERT INTO "public"."customer" ("cid", "cname", "cphone") VALUES (29, 'Customer29', 390687175616) ON CONFLICT DO NOTHING;
INSERT INTO "public"."customer" ("cid", "cname", "cphone") VALUES (30, 'Customer30', 524899382237) ON CONFLICT DO NOTHING;
INSERT INTO "public"."customer" ("cid", "cname", "cphone") VALUES (31, 'Customer31', 611412344902) ON CONFLICT DO NOTHING;
INSERT INTO "public"."customer" ("cid", "cname", "cphone") VALUES (32, 'Customer32', 596623338419) ON CONFLICT DO NOTHING;
INSERT INTO "public"."customer" ("cid", "cname", "cphone") VALUES (33, 'Customer33', 577919251518) ON CONFLICT DO NOTHING;
INSERT INTO "public"."customer" ("cid", "cname", "cphone") VALUES (34, 'Customer34', 149631170435) ON CONFLICT DO NOTHING;
INSERT INTO "public"."customer" ("cid", "cname", "cphone") VALUES (35, 'Customer35', 811005174513) ON CONFLICT DO NOTHING;
INSERT INTO "public"."customer" ("cid", "cname", "cphone") VALUES (38, 'Customer38', 539227273660) ON CONFLICT DO NOTHING;
INSERT INTO "public"."customer" ("cid", "cname", "cphone") VALUES (39, 'Customer39', 252681571137) ON CONFLICT DO NOTHING;
INSERT INTO "public"."customer" ("cid", "cname", "cphone") VALUES (40, 'Customer40', 309690815956) ON CONFLICT DO NOTHING;
INSERT INTO "public"."customer" ("cid", "cname", "cphone") VALUES (41, 'Customer41', 252027385225) ON CONFLICT DO NOTHING;
INSERT INTO "public"."customer" ("cid", "cname", "cphone") VALUES (42, 'Customer42', 401954108807) ON CONFLICT DO NOTHING;
INSERT INTO "public"."customer" ("cid", "cname", "cphone") VALUES (45, 'Customer45', 171884161354) ON CONFLICT DO NOTHING;
INSERT INTO "public"."customer" ("cid", "cname", "cphone") VALUES (46, 'Customer46', 370387980208) ON CONFLICT DO NOTHING;
INSERT INTO "public"."customer" ("cid", "cname", "cphone") VALUES (47, 'Customer47', 155919979538) ON CONFLICT DO NOTHING;
INSERT INTO "public"."customer" ("cid", "cname", "cphone") VALUES (48, 'Customer48', 735516822337) ON CONFLICT DO NOTHING;
INSERT INTO "public"."customer" ("cid", "cname", "cphone") VALUES (49, 'Customer49', 244681251276) ON CONFLICT DO NOTHING;
INSERT INTO "public"."customer" ("cid", "cname", "cphone") VALUES (50, 'Customer50', 588140737596) ON CONFLICT DO NOTHING;
INSERT INTO "public"."customer" ("cid", "cname", "cphone") VALUES (51, 'Customer51', 747210520587) ON CONFLICT DO NOTHING;
INSERT INTO "public"."customer" ("cid", "cname", "cphone") VALUES (52, 'Customer52', 992322851713) ON CONFLICT DO NOTHING;
INSERT INTO "public"."customer" ("cid", "cname", "cphone") VALUES (56, 'Customer56', 589022456303) ON CONFLICT DO NOTHING;
INSERT INTO "public"."customer" ("cid", "cname", "cphone") VALUES (58, 'Customer58', 767129026583) ON CONFLICT DO NOTHING;
INSERT INTO "public"."customer" ("cid", "cname", "cphone") VALUES (60, 'Customer60', 459705316486) ON CONFLICT DO NOTHING;
INSERT INTO "public"."customer" ("cid", "cname", "cphone") VALUES (61, 'Customer61', 683826490301) ON CONFLICT DO NOTHING;
INSERT INTO "public"."customer" ("cid", "cname", "cphone") VALUES (62, 'Customer62', 481160267532) ON CONFLICT DO NOTHING;
INSERT INTO "public"."customer" ("cid", "cname", "cphone") VALUES (63, 'Customer63', 979373821777) ON CONFLICT DO NOTHING;
INSERT INTO "public"."customer" ("cid", "cname", "cphone") VALUES (64, 'Customer64', 715408207822) ON CONFLICT DO NOTHING;
INSERT INTO "public"."customer" ("cid", "cname", "cphone") VALUES (65, 'Customer65', 372764042471) ON CONFLICT DO NOTHING;
INSERT INTO "public"."customer" ("cid", "cname", "cphone") VALUES (66, 'Customer66', 396499220032) ON CONFLICT DO NOTHING;
INSERT INTO "public"."customer" ("cid", "cname", "cphone") VALUES (68, 'Customer68', 248402053451) ON CONFLICT DO NOTHING;
INSERT INTO "public"."customer" ("cid", "cname", "cphone") VALUES (69, 'Customer69', 912476247276) ON CONFLICT DO NOTHING;
INSERT INTO "public"."customer" ("cid", "cname", "cphone") VALUES (70, 'Customer70', 861454351651) ON CONFLICT DO NOTHING;
INSERT INTO "public"."customer" ("cid", "cname", "cphone") VALUES (72, 'Customer72', 309398100519) ON CONFLICT DO NOTHING;
INSERT INTO "public"."customer" ("cid", "cname", "cphone") VALUES (73, 'Customer73', 348422774026) ON CONFLICT DO NOTHING;
INSERT INTO "public"."customer" ("cid", "cname", "cphone") VALUES (75, 'Customer75', 650349356933) ON CONFLICT DO NOTHING;
INSERT INTO "public"."customer" ("cid", "cname", "cphone") VALUES (77, 'Customer77', 915502669485) ON CONFLICT DO NOTHING;
INSERT INTO "public"."customer" ("cid", "cname", "cphone") VALUES (79, 'Customer79', 769484953511) ON CONFLICT DO NOTHING;
INSERT INTO "public"."customer" ("cid", "cname", "cphone") VALUES (80, 'Customer80', 865295884922) ON CONFLICT DO NOTHING;
INSERT INTO "public"."customer" ("cid", "cname", "cphone") VALUES (81, 'Customer81', 901280845432) ON CONFLICT DO NOTHING;
INSERT INTO "public"."customer" ("cid", "cname", "cphone") VALUES (82, 'Customer82', 222224914144) ON CONFLICT DO NOTHING;
INSERT INTO "public"."customer" ("cid", "cname", "cphone") VALUES (83, 'Customer83', 578317484129) ON CONFLICT DO NOTHING;
INSERT INTO "public"."customer" ("cid", "cname", "cphone") VALUES (84, 'Customer84', 865376181014) ON CONFLICT DO NOTHING;
INSERT INTO "public"."customer" ("cid", "cname", "cphone") VALUES (87, 'Customer87', 379704111131) ON CONFLICT DO NOTHING;
INSERT INTO "public"."customer" ("cid", "cname", "cphone") VALUES (88, 'Customer88', 670575055632) ON CONFLICT DO NOTHING;
INSERT INTO "public"."customer" ("cid", "cname", "cphone") VALUES (91, 'Customer91', 949999355646) ON CONFLICT DO NOTHING;
INSERT INTO "public"."customer" ("cid", "cname", "cphone") VALUES (92, 'Customer92', 252485800210) ON CONFLICT DO NOTHING;
INSERT INTO "public"."customer" ("cid", "cname", "cphone") VALUES (95, 'Customer95', 484166733787) ON CONFLICT DO NOTHING;
INSERT INTO "public"."customer" ("cid", "cname", "cphone") VALUES (98, 'Customer98', 503912266375) ON CONFLICT DO NOTHING;
INSERT INTO "public"."customer" ("cid", "cname", "cphone") VALUES (99, 'Customer99', 930170815680) ON CONFLICT DO NOTHING;
INSERT INTO "public"."customer" ("cid", "cname", "cphone") VALUES (100, 'Customer100', 746828303834) ON CONFLICT DO NOTHING;
INSERT INTO "public"."customer" ("cid", "cname", "cphone") VALUES (101, 'Customer101', 129124862838) ON CONFLICT DO NOTHING;
INSERT INTO "public"."customer" ("cid", "cname", "cphone") VALUES (102, 'Customer102', 711361384318) ON CONFLICT DO NOTHING;
INSERT INTO "public"."customer" ("cid", "cname", "cphone") VALUES (103, 'Customer103', 400145632352) ON CONFLICT DO NOTHING;
INSERT INTO "public"."customer" ("cid", "cname", "cphone") VALUES (105, 'Customer105', 935007362148) ON CONFLICT DO NOTHING;
INSERT INTO "public"."customer" ("cid", "cname", "cphone") VALUES (106, 'Customer106', 693697845218) ON CONFLICT DO NOTHING;
INSERT INTO "public"."customer" ("cid", "cname", "cphone") VALUES (107, 'Customer107', 136083554430) ON CONFLICT DO NOTHING;
INSERT INTO "public"."customer" ("cid", "cname", "cphone") VALUES (108, 'Customer108', 585516780790) ON CONFLICT DO NOTHING;
INSERT INTO "public"."customer" ("cid", "cname", "cphone") VALUES (109, 'Customer109', 879382211224) ON CONFLICT DO NOTHING;
INSERT INTO "public"."customer" ("cid", "cname", "cphone") VALUES (112, 'Customer112', 364000598627) ON CONFLICT DO NOTHING;
INSERT INTO "public"."customer" ("cid", "cname", "cphone") VALUES (117, 'Customer117', 167470974179) ON CONFLICT DO NOTHING;
INSERT INTO "public"."customer" ("cid", "cname", "cphone") VALUES (119, 'Customer119', 381280647477) ON CONFLICT DO NOTHING;
INSERT INTO "public"."customer" ("cid", "cname", "cphone") VALUES (120, 'Customer120', 524222125298) ON CONFLICT DO NOTHING;
INSERT INTO "public"."customer" ("cid", "cname", "cphone") VALUES (122, 'Customer122', 278184384833) ON CONFLICT DO NOTHING;
INSERT INTO "public"."customer" ("cid", "cname", "cphone") VALUES (123, 'Customer123', 634713136972) ON CONFLICT DO NOTHING;
INSERT INTO "public"."customer" ("cid", "cname", "cphone") VALUES (124, 'Customer124', 280563917683) ON CONFLICT DO NOTHING;
INSERT INTO "public"."customer" ("cid", "cname", "cphone") VALUES (125, 'Customer125', 397489029127) ON CONFLICT DO NOTHING;
INSERT INTO "public"."customer" ("cid", "cname", "cphone") VALUES (127, 'Customer127', 139215619827) ON CONFLICT DO NOTHING;
INSERT INTO "public"."customer" ("cid", "cname", "cphone") VALUES (128, 'Customer128', 276745366515) ON CONFLICT DO NOTHING;
INSERT INTO "public"."customer" ("cid", "cname", "cphone") VALUES (129, 'Customer129', 561939673819) ON CONFLICT DO NOTHING;
INSERT INTO "public"."customer" ("cid", "cname", "cphone") VALUES (130, 'Customer130', 959754521228) ON CONFLICT DO NOTHING;
INSERT INTO "public"."customer" ("cid", "cname", "cphone") VALUES (134, 'Customer134', 578432494868) ON CONFLICT DO NOTHING;
INSERT INTO "public"."customer" ("cid", "cname", "cphone") VALUES (135, 'Customer135', 742519079481) ON CONFLICT DO NOTHING;
INSERT INTO "public"."customer" ("cid", "cname", "cphone") VALUES (138, 'Customer138', 381087020480) ON CONFLICT DO NOTHING;
INSERT INTO "public"."customer" ("cid", "cname", "cphone") VALUES (139, 'Customer139', 871825803587) ON CONFLICT DO NOTHING;
INSERT INTO "public"."customer" ("cid", "cname", "cphone") VALUES (141, 'Customer141', 932382710883) ON CONFLICT DO NOTHING;
INSERT INTO "public"."customer" ("cid", "cname", "cphone") VALUES (142, 'Customer142', 433528951757) ON CONFLICT DO NOTHING;
INSERT INTO "public"."customer" ("cid", "cname", "cphone") VALUES (143, 'Customer143', 695683746585) ON CONFLICT DO NOTHING;
INSERT INTO "public"."customer" ("cid", "cname", "cphone") VALUES (144, 'Customer144', 765266587388) ON CONFLICT DO NOTHING;
INSERT INTO "public"."customer" ("cid", "cname", "cphone") VALUES (146, 'Customer146', 118839466256) ON CONFLICT DO NOTHING;
INSERT INTO "public"."customer" ("cid", "cname", "cphone") VALUES (148, 'Customer148', 237256532344) ON CONFLICT DO NOTHING;
INSERT INTO "public"."customer" ("cid", "cname", "cphone") VALUES (149, 'Customer149', 422999235560) ON CONFLICT DO NOTHING;
INSERT INTO "public"."customer" ("cid", "cname", "cphone") VALUES (150, 'Customer150', 646191035446) ON CONFLICT DO NOTHING;
INSERT INTO "public"."customer" ("cid", "cname", "cphone") VALUES (151, 'Customer151', 219367358029) ON CONFLICT DO NOTHING;
INSERT INTO "public"."customer" ("cid", "cname", "cphone") VALUES (156, 'Customer156', 874696338491) ON CONFLICT DO NOTHING;
INSERT INTO "public"."customer" ("cid", "cname", "cphone") VALUES (157, 'Customer157', 309868484726) ON CONFLICT DO NOTHING;
INSERT INTO "public"."customer" ("cid", "cname", "cphone") VALUES (158, 'Customer158', 449863871660) ON CONFLICT DO NOTHING;
INSERT INTO "public"."customer" ("cid", "cname", "cphone") VALUES (159, 'Customer159', 972597348711) ON CONFLICT DO NOTHING;
INSERT INTO "public"."customer" ("cid", "cname", "cphone") VALUES (160, 'Customer160', 201408039908) ON CONFLICT DO NOTHING;
INSERT INTO "public"."customer" ("cid", "cname", "cphone") VALUES (161, 'Customer161', 620761721297) ON CONFLICT DO NOTHING;
INSERT INTO "public"."customer" ("cid", "cname", "cphone") VALUES (162, 'Customer162', 313429413256) ON CONFLICT DO NOTHING;
INSERT INTO "public"."customer" ("cid", "cname", "cphone") VALUES (164, 'Customer164', 135042661718) ON CONFLICT DO NOTHING;
INSERT INTO "public"."customer" ("cid", "cname", "cphone") VALUES (166, 'Customer166', 300309168740) ON CONFLICT DO NOTHING;
INSERT INTO "public"."customer" ("cid", "cname", "cphone") VALUES (167, 'Customer167', 906714683188) ON CONFLICT DO NOTHING;
INSERT INTO "public"."customer" ("cid", "cname", "cphone") VALUES (168, 'Customer168', 698149452664) ON CONFLICT DO NOTHING;
INSERT INTO "public"."customer" ("cid", "cname", "cphone") VALUES (170, 'Customer170', 298086378722) ON CONFLICT DO NOTHING;
INSERT INTO "public"."customer" ("cid", "cname", "cphone") VALUES (171, 'Customer171', 171389435413) ON CONFLICT DO NOTHING;
INSERT INTO "public"."customer" ("cid", "cname", "cphone") VALUES (172, 'Customer172', 176989912867) ON CONFLICT DO NOTHING;
INSERT INTO "public"."customer" ("cid", "cname", "cphone") VALUES (174, 'Customer174', 512376421380) ON CONFLICT DO NOTHING;
INSERT INTO "public"."customer" ("cid", "cname", "cphone") VALUES (175, 'Customer175', 996834539160) ON CONFLICT DO NOTHING;
INSERT INTO "public"."customer" ("cid", "cname", "cphone") VALUES (176, 'Customer176', 516150335880) ON CONFLICT DO NOTHING;
INSERT INTO "public"."customer" ("cid", "cname", "cphone") VALUES (177, 'Customer177', 310563141373) ON CONFLICT DO NOTHING;
INSERT INTO "public"."customer" ("cid", "cname", "cphone") VALUES (178, 'Customer178', 687760752417) ON CONFLICT DO NOTHING;
INSERT INTO "public"."customer" ("cid", "cname", "cphone") VALUES (179, 'Customer179', 683302506109) ON CONFLICT DO NOTHING;
INSERT INTO "public"."customer" ("cid", "cname", "cphone") VALUES (180, 'Customer180', 276849081059) ON CONFLICT DO NOTHING;
INSERT INTO "public"."customer" ("cid", "cname", "cphone") VALUES (184, 'Customer184', 355573303636) ON CONFLICT DO NOTHING;
INSERT INTO "public"."customer" ("cid", "cname", "cphone") VALUES (186, 'Customer186', 636261301284) ON CONFLICT DO NOTHING;
INSERT INTO "public"."customer" ("cid", "cname", "cphone") VALUES (187, 'Customer187', 602758589619) ON CONFLICT DO NOTHING;
INSERT INTO "public"."customer" ("cid", "cname", "cphone") VALUES (188, 'Customer188', 636917325743) ON CONFLICT DO NOTHING;
INSERT INTO "public"."customer" ("cid", "cname", "cphone") VALUES (190, 'Customer190', 443626107959) ON CONFLICT DO NOTHING;
INSERT INTO "public"."customer" ("cid", "cname", "cphone") VALUES (191, 'Customer191', 720275329615) ON CONFLICT DO NOTHING;
INSERT INTO "public"."customer" ("cid", "cname", "cphone") VALUES (193, 'Customer193', 167470267602) ON CONFLICT DO NOTHING;
INSERT INTO "public"."customer" ("cid", "cname", "cphone") VALUES (194, 'Customer194', 880788553495) ON CONFLICT DO NOTHING;
INSERT INTO "public"."customer" ("cid", "cname", "cphone") VALUES (196, 'Customer196', 728589982570) ON CONFLICT DO NOTHING;
INSERT INTO "public"."customer" ("cid", "cname", "cphone") VALUES (197, 'Customer197', 388595850088) ON CONFLICT DO NOTHING;
INSERT INTO "public"."customer" ("cid", "cname", "cphone") VALUES (198, 'Customer198', 514605845196) ON CONFLICT DO NOTHING;
INSERT INTO "public"."customer" ("cid", "cname", "cphone") VALUES (202, 'Customer202', 210284928264) ON CONFLICT DO NOTHING;
INSERT INTO "public"."customer" ("cid", "cname", "cphone") VALUES (203, 'Customer203', 204224287503) ON CONFLICT DO NOTHING;
INSERT INTO "public"."customer" ("cid", "cname", "cphone") VALUES (204, 'Customer204', 626881786755) ON CONFLICT DO NOTHING;
INSERT INTO "public"."customer" ("cid", "cname", "cphone") VALUES (206, 'Customer206', 673411126555) ON CONFLICT DO NOTHING;
INSERT INTO "public"."customer" ("cid", "cname", "cphone") VALUES (207, 'Customer207', 570028109569) ON CONFLICT DO NOTHING;
INSERT INTO "public"."customer" ("cid", "cname", "cphone") VALUES (208, 'Customer208', 363750336739) ON CONFLICT DO NOTHING;
INSERT INTO "public"."customer" ("cid", "cname", "cphone") VALUES (209, 'Customer209', 601629335942) ON CONFLICT DO NOTHING;
INSERT INTO "public"."customer" ("cid", "cname", "cphone") VALUES (210, 'Customer210', 665103344801) ON CONFLICT DO NOTHING;
INSERT INTO "public"."customer" ("cid", "cname", "cphone") VALUES (211, 'Customer211', 420542853500) ON CONFLICT DO NOTHING;
INSERT INTO "public"."customer" ("cid", "cname", "cphone") VALUES (213, 'Customer213', 436635538908) ON CONFLICT DO NOTHING;
INSERT INTO "public"."customer" ("cid", "cname", "cphone") VALUES (215, 'Customer215', 833789200922) ON CONFLICT DO NOTHING;
INSERT INTO "public"."customer" ("cid", "cname", "cphone") VALUES (216, 'Customer216', 900896838000) ON CONFLICT DO NOTHING;
INSERT INTO "public"."customer" ("cid", "cname", "cphone") VALUES (218, 'Customer218', 274667641150) ON CONFLICT DO NOTHING;
INSERT INTO "public"."customer" ("cid", "cname", "cphone") VALUES (219, 'Customer219', 615303131549) ON CONFLICT DO NOTHING;
INSERT INTO "public"."customer" ("cid", "cname", "cphone") VALUES (222, 'Customer222', 914476783870) ON CONFLICT DO NOTHING;
INSERT INTO "public"."customer" ("cid", "cname", "cphone") VALUES (225, 'Customer225', 531143197297) ON CONFLICT DO NOTHING;
INSERT INTO "public"."customer" ("cid", "cname", "cphone") VALUES (226, 'Customer226', 134461489935) ON CONFLICT DO NOTHING;
INSERT INTO "public"."customer" ("cid", "cname", "cphone") VALUES (228, 'Customer228', 190095427217) ON CONFLICT DO NOTHING;
INSERT INTO "public"."customer" ("cid", "cname", "cphone") VALUES (230, 'Customer230', 305149593977) ON CONFLICT DO NOTHING;
INSERT INTO "public"."customer" ("cid", "cname", "cphone") VALUES (232, 'Customer232', 652444971483) ON CONFLICT DO NOTHING;
INSERT INTO "public"."customer" ("cid", "cname", "cphone") VALUES (233, 'Customer233', 715063076420) ON CONFLICT DO NOTHING;
INSERT INTO "public"."customer" ("cid", "cname", "cphone") VALUES (236, 'Customer236', 746267869124) ON CONFLICT DO NOTHING;
INSERT INTO "public"."customer" ("cid", "cname", "cphone") VALUES (238, 'Customer238', 998094385765) ON CONFLICT DO NOTHING;
INSERT INTO "public"."customer" ("cid", "cname", "cphone") VALUES (240, 'Customer240', 545014514231) ON CONFLICT DO NOTHING;
INSERT INTO "public"."customer" ("cid", "cname", "cphone") VALUES (241, 'Customer241', 552242832631) ON CONFLICT DO NOTHING;
INSERT INTO "public"."customer" ("cid", "cname", "cphone") VALUES (243, 'Customer243', 518990460309) ON CONFLICT DO NOTHING;
INSERT INTO "public"."customer" ("cid", "cname", "cphone") VALUES (244, 'Customer244', 529071560041) ON CONFLICT DO NOTHING;
INSERT INTO "public"."customer" ("cid", "cname", "cphone") VALUES (246, 'Customer246', 248221848134) ON CONFLICT DO NOTHING;
INSERT INTO "public"."customer" ("cid", "cname", "cphone") VALUES (248, 'Customer248', 645292537701) ON CONFLICT DO NOTHING;
INSERT INTO "public"."customer" ("cid", "cname", "cphone") VALUES (250, 'Customer250', 544154761423) ON CONFLICT DO NOTHING;
INSERT INTO "public"."customer" ("cid", "cname", "cphone") VALUES (251, 'Customer251', 835286006227) ON CONFLICT DO NOTHING;
INSERT INTO "public"."customer" ("cid", "cname", "cphone") VALUES (252, 'Customer252', 568980408391) ON CONFLICT DO NOTHING;
INSERT INTO "public"."customer" ("cid", "cname", "cphone") VALUES (253, 'Customer253', 841274357495) ON CONFLICT DO NOTHING;
INSERT INTO "public"."customer" ("cid", "cname", "cphone") VALUES (254, 'Customer254', 930503610135) ON CONFLICT DO NOTHING;
INSERT INTO "public"."customer" ("cid", "cname", "cphone") VALUES (255, 'Customer255', 484366493523) ON CONFLICT DO NOTHING;
INSERT INTO "public"."customer" ("cid", "cname", "cphone") VALUES (256, 'Customer256', 370516127174) ON CONFLICT DO NOTHING;
INSERT INTO "public"."customer" ("cid", "cname", "cphone") VALUES (257, 'Customer257', 850529067624) ON CONFLICT DO NOTHING;
INSERT INTO "public"."customer" ("cid", "cname", "cphone") VALUES (258, 'Customer258', 605091431106) ON CONFLICT DO NOTHING;
INSERT INTO "public"."customer" ("cid", "cname", "cphone") VALUES (259, 'Customer259', 369707493905) ON CONFLICT DO NOTHING;
INSERT INTO "public"."customer" ("cid", "cname", "cphone") VALUES (262, 'Customer262', 676142144771) ON CONFLICT DO NOTHING;
INSERT INTO "public"."customer" ("cid", "cname", "cphone") VALUES (263, 'Customer263', 291959681494) ON CONFLICT DO NOTHING;
INSERT INTO "public"."customer" ("cid", "cname", "cphone") VALUES (264, 'Customer264', 719292798776) ON CONFLICT DO NOTHING;
INSERT INTO "public"."customer" ("cid", "cname", "cphone") VALUES (266, 'Customer266', 936558508686) ON CONFLICT DO NOTHING;
INSERT INTO "public"."customer" ("cid", "cname", "cphone") VALUES (267, 'Customer267', 305669629139) ON CONFLICT DO NOTHING;
INSERT INTO "public"."customer" ("cid", "cname", "cphone") VALUES (268, 'Customer268', 220189760917) ON CONFLICT DO NOTHING;
INSERT INTO "public"."customer" ("cid", "cname", "cphone") VALUES (269, 'Customer269', 139033863577) ON CONFLICT DO NOTHING;
INSERT INTO "public"."customer" ("cid", "cname", "cphone") VALUES (270, 'Customer270', 848921145872) ON CONFLICT DO NOTHING;
INSERT INTO "public"."customer" ("cid", "cname", "cphone") VALUES (271, 'Customer271', 926233122995) ON CONFLICT DO NOTHING;
INSERT INTO "public"."customer" ("cid", "cname", "cphone") VALUES (272, 'Customer272', 270834453826) ON CONFLICT DO NOTHING;
INSERT INTO "public"."customer" ("cid", "cname", "cphone") VALUES (274, 'Customer274', 812253372862) ON CONFLICT DO NOTHING;
INSERT INTO "public"."customer" ("cid", "cname", "cphone") VALUES (275, 'Customer275', 404580934025) ON CONFLICT DO NOTHING;
INSERT INTO "public"."customer" ("cid", "cname", "cphone") VALUES (276, 'Customer276', 693509432471) ON CONFLICT DO NOTHING;
INSERT INTO "public"."customer" ("cid", "cname", "cphone") VALUES (277, 'Customer277', 522823428964) ON CONFLICT DO NOTHING;
INSERT INTO "public"."customer" ("cid", "cname", "cphone") VALUES (279, 'Customer279', 399517486017) ON CONFLICT DO NOTHING;
INSERT INTO "public"."customer" ("cid", "cname", "cphone") VALUES (280, 'Customer280', 184481094012) ON CONFLICT DO NOTHING;
INSERT INTO "public"."customer" ("cid", "cname", "cphone") VALUES (281, 'Customer281', 901777775763) ON CONFLICT DO NOTHING;
INSERT INTO "public"."customer" ("cid", "cname", "cphone") VALUES (283, 'Customer283', 389244167449) ON CONFLICT DO NOTHING;
INSERT INTO "public"."customer" ("cid", "cname", "cphone") VALUES (284, 'Customer284', 279745624967) ON CONFLICT DO NOTHING;
INSERT INTO "public"."customer" ("cid", "cname", "cphone") VALUES (285, 'Customer285', 113643038348) ON CONFLICT DO NOTHING;
INSERT INTO "public"."customer" ("cid", "cname", "cphone") VALUES (286, 'Customer286', 537080437694) ON CONFLICT DO NOTHING;
INSERT INTO "public"."customer" ("cid", "cname", "cphone") VALUES (287, 'Customer287', 902795481109) ON CONFLICT DO NOTHING;
INSERT INTO "public"."customer" ("cid", "cname", "cphone") VALUES (288, 'Customer288', 892054777822) ON CONFLICT DO NOTHING;
INSERT INTO "public"."customer" ("cid", "cname", "cphone") VALUES (290, 'Customer290', 760296925190) ON CONFLICT DO NOTHING;
INSERT INTO "public"."customer" ("cid", "cname", "cphone") VALUES (291, 'Customer291', 562761679963) ON CONFLICT DO NOTHING;
INSERT INTO "public"."customer" ("cid", "cname", "cphone") VALUES (293, 'Customer293', 203844688990) ON CONFLICT DO NOTHING;
INSERT INTO "public"."customer" ("cid", "cname", "cphone") VALUES (294, 'Customer294', 144881166283) ON CONFLICT DO NOTHING;
INSERT INTO "public"."customer" ("cid", "cname", "cphone") VALUES (295, 'Customer295', 443816672105) ON CONFLICT DO NOTHING;
INSERT INTO "public"."customer" ("cid", "cname", "cphone") VALUES (296, 'Customer296', 736596722558) ON CONFLICT DO NOTHING;
INSERT INTO "public"."customer" ("cid", "cname", "cphone") VALUES (297, 'Customer297', 343926766669) ON CONFLICT DO NOTHING;
INSERT INTO "public"."customer" ("cid", "cname", "cphone") VALUES (298, 'Customer298', 539590743445) ON CONFLICT DO NOTHING;
INSERT INTO "public"."customer" ("cid", "cname", "cphone") VALUES (299, 'Customer299', 803482857684) ON CONFLICT DO NOTHING;
INSERT INTO "public"."customer" ("cid", "cname", "cphone") VALUES (300, 'Customer300', 233798394255) ON CONFLICT DO NOTHING;


--
-- TOC entry 3467 (class 0 OID 24992)
-- Dependencies: 218
-- Data for Name: department; Type: TABLE DATA; Schema: public; Owner: cotehila
--

INSERT INTO "public"."department" ("depid", "depname", "aislenum") VALUES (1, 'Electronics', 10) ON CONFLICT DO NOTHING;
INSERT INTO "public"."department" ("depid", "depname", "aislenum") VALUES (2, 'Clothing', 12) ON CONFLICT DO NOTHING;
INSERT INTO "public"."department" ("depid", "depname", "aislenum") VALUES (3, 'Food', 15) ON CONFLICT DO NOTHING;
INSERT INTO "public"."department" ("depid", "depname", "aislenum") VALUES (4, 'Furniture', 5) ON CONFLICT DO NOTHING;
INSERT INTO "public"."department" ("depid", "depname", "aislenum") VALUES (5, 'Toys', 20) ON CONFLICT DO NOTHING;
INSERT INTO "public"."department" ("depid", "depname", "aislenum") VALUES (6, 'Books', 8) ON CONFLICT DO NOTHING;
INSERT INTO "public"."department" ("depid", "depname", "aislenum") VALUES (7, 'Sport', 7) ON CONFLICT DO NOTHING;
INSERT INTO "public"."department" ("depid", "depname", "aislenum") VALUES (8, 'Beauty', 9) ON CONFLICT DO NOTHING;
INSERT INTO "public"."department" ("depid", "depname", "aislenum") VALUES (9, 'Gardening', 4) ON CONFLICT DO NOTHING;
INSERT INTO "public"."department" ("depid", "depname", "aislenum") VALUES (10, 'Music', 12) ON CONFLICT DO NOTHING;
INSERT INTO "public"."department" ("depid", "depname", "aislenum") VALUES (11, 'Jewelry', 6) ON CONFLICT DO NOTHING;
INSERT INTO "public"."department" ("depid", "depname", "aislenum") VALUES (12, 'Automotive', 13) ON CONFLICT DO NOTHING;
INSERT INTO "public"."department" ("depid", "depname", "aislenum") VALUES (13, 'Health', 10) ON CONFLICT DO NOTHING;
INSERT INTO "public"."department" ("depid", "depname", "aislenum") VALUES (14, 'Pet Supplies', 6) ON CONFLICT DO NOTHING;
INSERT INTO "public"."department" ("depid", "depname", "aislenum") VALUES (15, 'Stationery', 5) ON CONFLICT DO NOTHING;
INSERT INTO "public"."department" ("depid", "depname", "aislenum") VALUES (16, 'Meat', 6) ON CONFLICT DO NOTHING;
INSERT INTO "public"."department" ("depid", "depname", "aislenum") VALUES (17, 'Vegetables', 7) ON CONFLICT DO NOTHING;
INSERT INTO "public"."department" ("depid", "depname", "aislenum") VALUES (18, 'Bakery', 8) ON CONFLICT DO NOTHING;
INSERT INTO "public"."department" ("depid", "depname", "aislenum") VALUES (19, 'Fish', 9) ON CONFLICT DO NOTHING;
INSERT INTO "public"."department" ("depid", "depname", "aislenum") VALUES (20, 'Frozen Food', 10) ON CONFLICT DO NOTHING;
INSERT INTO "public"."department" ("depid", "depname", "aislenum") VALUES (2000, 'Gualterio', 444) ON CONFLICT DO NOTHING;
INSERT INTO "public"."department" ("depid", "depname", "aislenum") VALUES (2001, 'Shaun', 555) ON CONFLICT DO NOTHING;
INSERT INTO "public"."department" ("depid", "depname", "aislenum") VALUES (2003, 'Reiko', 666) ON CONFLICT DO NOTHING;
INSERT INTO "public"."department" ("depid", "depname", "aislenum") VALUES (21, 'Cole', 1) ON CONFLICT DO NOTHING;
INSERT INTO "public"."department" ("depid", "depname", "aislenum") VALUES (22, 'Delilah', 2) ON CONFLICT DO NOTHING;
INSERT INTO "public"."department" ("depid", "depname", "aislenum") VALUES (23, 'Lane', 3) ON CONFLICT DO NOTHING;
INSERT INTO "public"."department" ("depid", "depname", "aislenum") VALUES (24, 'Lenore', 4) ON CONFLICT DO NOTHING;
INSERT INTO "public"."department" ("depid", "depname", "aislenum") VALUES (25, 'Colleen', 5) ON CONFLICT DO NOTHING;
INSERT INTO "public"."department" ("depid", "depname", "aislenum") VALUES (26, 'Kibo', 6) ON CONFLICT DO NOTHING;
INSERT INTO "public"."department" ("depid", "depname", "aislenum") VALUES (27, 'Brennan', 7) ON CONFLICT DO NOTHING;
INSERT INTO "public"."department" ("depid", "depname", "aislenum") VALUES (28, 'Tamara', 8) ON CONFLICT DO NOTHING;
INSERT INTO "public"."department" ("depid", "depname", "aislenum") VALUES (29, 'Virginia', 9) ON CONFLICT DO NOTHING;
INSERT INTO "public"."department" ("depid", "depname", "aislenum") VALUES (30, 'Steven', 10) ON CONFLICT DO NOTHING;


--
-- TOC entry 3468 (class 0 OID 24996)
-- Dependencies: 219
-- Data for Name: employee; Type: TABLE DATA; Schema: public; Owner: cotehila
--

INSERT INTO "public"."employee" ("eid", "ename", "ephone", "depid", "rid", "hiredate") VALUES (1, 'Employee1', 233643715257, 3, 6, '2020-01-01') ON CONFLICT DO NOTHING;
INSERT INTO "public"."employee" ("eid", "ename", "ephone", "depid", "rid", "hiredate") VALUES (2, 'Employee2', 566215199523, 12, 5, '2020-01-01') ON CONFLICT DO NOTHING;
INSERT INTO "public"."employee" ("eid", "ename", "ephone", "depid", "rid", "hiredate") VALUES (3, 'Employee3', 497194325901, 18, 6, '2020-01-01') ON CONFLICT DO NOTHING;
INSERT INTO "public"."employee" ("eid", "ename", "ephone", "depid", "rid", "hiredate") VALUES (4, 'Employee4', 324594896756, 16, 3, '2020-01-01') ON CONFLICT DO NOTHING;
INSERT INTO "public"."employee" ("eid", "ename", "ephone", "depid", "rid", "hiredate") VALUES (5, 'Employee5', 835452799492, 18, 4, '2020-01-01') ON CONFLICT DO NOTHING;
INSERT INTO "public"."employee" ("eid", "ename", "ephone", "depid", "rid", "hiredate") VALUES (6, 'Employee6', 957818532404, 19, 5, '2020-01-01') ON CONFLICT DO NOTHING;
INSERT INTO "public"."employee" ("eid", "ename", "ephone", "depid", "rid", "hiredate") VALUES (7, 'Employee7', 649414632007, 19, 9, '2020-01-01') ON CONFLICT DO NOTHING;
INSERT INTO "public"."employee" ("eid", "ename", "ephone", "depid", "rid", "hiredate") VALUES (8, 'Employee8', 327820124447, 9, 1, '2020-01-01') ON CONFLICT DO NOTHING;
INSERT INTO "public"."employee" ("eid", "ename", "ephone", "depid", "rid", "hiredate") VALUES (9, 'Employee9', 132471733668, 18, 2, '2020-01-01') ON CONFLICT DO NOTHING;
INSERT INTO "public"."employee" ("eid", "ename", "ephone", "depid", "rid", "hiredate") VALUES (10, 'Employee10', 272528171115, 9, 2, '2020-01-01') ON CONFLICT DO NOTHING;
INSERT INTO "public"."employee" ("eid", "ename", "ephone", "depid", "rid", "hiredate") VALUES (11, 'Employee11', 857355230182, 1, 6, '2020-01-01') ON CONFLICT DO NOTHING;
INSERT INTO "public"."employee" ("eid", "ename", "ephone", "depid", "rid", "hiredate") VALUES (12, 'Employee12', 803113035649, 1, 10, '2020-01-01') ON CONFLICT DO NOTHING;
INSERT INTO "public"."employee" ("eid", "ename", "ephone", "depid", "rid", "hiredate") VALUES (13, 'Employee13', 306577490743, 10, 7, '2020-01-01') ON CONFLICT DO NOTHING;
INSERT INTO "public"."employee" ("eid", "ename", "ephone", "depid", "rid", "hiredate") VALUES (14, 'Employee14', 707517810076, 13, 10, '2020-01-01') ON CONFLICT DO NOTHING;
INSERT INTO "public"."employee" ("eid", "ename", "ephone", "depid", "rid", "hiredate") VALUES (15, 'Employee15', 286839109191, 8, 10, '2020-01-01') ON CONFLICT DO NOTHING;
INSERT INTO "public"."employee" ("eid", "ename", "ephone", "depid", "rid", "hiredate") VALUES (16, 'Employee16', 533049062856, 9, 5, '2020-01-01') ON CONFLICT DO NOTHING;
INSERT INTO "public"."employee" ("eid", "ename", "ephone", "depid", "rid", "hiredate") VALUES (17, 'Employee17', 420933658596, 6, 1, '2020-01-01') ON CONFLICT DO NOTHING;
INSERT INTO "public"."employee" ("eid", "ename", "ephone", "depid", "rid", "hiredate") VALUES (18, 'Employee18', 691708434273, 5, 2, '2020-01-01') ON CONFLICT DO NOTHING;
INSERT INTO "public"."employee" ("eid", "ename", "ephone", "depid", "rid", "hiredate") VALUES (19, 'Employee19', 790589915562, 7, 9, '2020-01-01') ON CONFLICT DO NOTHING;
INSERT INTO "public"."employee" ("eid", "ename", "ephone", "depid", "rid", "hiredate") VALUES (20, 'Employee20', 954703642200, 8, 6, '2020-01-01') ON CONFLICT DO NOTHING;
INSERT INTO "public"."employee" ("eid", "ename", "ephone", "depid", "rid", "hiredate") VALUES (21, 'Employee21', 941739168422, 20, 9, '2020-01-01') ON CONFLICT DO NOTHING;
INSERT INTO "public"."employee" ("eid", "ename", "ephone", "depid", "rid", "hiredate") VALUES (22, 'Employee22', 273490636187, 14, 2, '2020-01-01') ON CONFLICT DO NOTHING;
INSERT INTO "public"."employee" ("eid", "ename", "ephone", "depid", "rid", "hiredate") VALUES (23, 'Employee23', 360542944696, 4, 8, '2020-01-01') ON CONFLICT DO NOTHING;
INSERT INTO "public"."employee" ("eid", "ename", "ephone", "depid", "rid", "hiredate") VALUES (24, 'Employee24', 559066824346, 3, 10, '2020-01-01') ON CONFLICT DO NOTHING;
INSERT INTO "public"."employee" ("eid", "ename", "ephone", "depid", "rid", "hiredate") VALUES (25, 'Employee25', 533208497735, 11, 9, '2020-01-01') ON CONFLICT DO NOTHING;
INSERT INTO "public"."employee" ("eid", "ename", "ephone", "depid", "rid", "hiredate") VALUES (26, 'Employee26', 736303284016, 6, 6, '2020-01-01') ON CONFLICT DO NOTHING;
INSERT INTO "public"."employee" ("eid", "ename", "ephone", "depid", "rid", "hiredate") VALUES (27, 'Employee27', 757980901717, 3, 7, '2020-01-01') ON CONFLICT DO NOTHING;
INSERT INTO "public"."employee" ("eid", "ename", "ephone", "depid", "rid", "hiredate") VALUES (28, 'Employee28', 227776974850, 18, 8, '2020-01-01') ON CONFLICT DO NOTHING;
INSERT INTO "public"."employee" ("eid", "ename", "ephone", "depid", "rid", "hiredate") VALUES (29, 'Employee29', 682754106760, 19, 4, '2020-01-01') ON CONFLICT DO NOTHING;
INSERT INTO "public"."employee" ("eid", "ename", "ephone", "depid", "rid", "hiredate") VALUES (30, 'Employee30', 264013809352, 12, 5, '2020-01-01') ON CONFLICT DO NOTHING;
INSERT INTO "public"."employee" ("eid", "ename", "ephone", "depid", "rid", "hiredate") VALUES (31, 'Employee31', 208200855362, 7, 1, '2020-01-01') ON CONFLICT DO NOTHING;
INSERT INTO "public"."employee" ("eid", "ename", "ephone", "depid", "rid", "hiredate") VALUES (32, 'Employee32', 109761126682, 1, 4, '2020-01-01') ON CONFLICT DO NOTHING;
INSERT INTO "public"."employee" ("eid", "ename", "ephone", "depid", "rid", "hiredate") VALUES (33, 'Employee33', 523842993099, 18, 6, '2020-01-01') ON CONFLICT DO NOTHING;
INSERT INTO "public"."employee" ("eid", "ename", "ephone", "depid", "rid", "hiredate") VALUES (34, 'Employee34', 482090669002, 12, 5, '2020-01-01') ON CONFLICT DO NOTHING;
INSERT INTO "public"."employee" ("eid", "ename", "ephone", "depid", "rid", "hiredate") VALUES (35, 'Employee35', 535424528788, 9, 7, '2020-01-01') ON CONFLICT DO NOTHING;
INSERT INTO "public"."employee" ("eid", "ename", "ephone", "depid", "rid", "hiredate") VALUES (36, 'Employee36', 643539149475, 12, 9, '2020-01-01') ON CONFLICT DO NOTHING;
INSERT INTO "public"."employee" ("eid", "ename", "ephone", "depid", "rid", "hiredate") VALUES (37, 'Employee37', 922569362444, 11, 6, '2020-01-01') ON CONFLICT DO NOTHING;
INSERT INTO "public"."employee" ("eid", "ename", "ephone", "depid", "rid", "hiredate") VALUES (38, 'Employee38', 127378754796, 15, 4, '2020-01-01') ON CONFLICT DO NOTHING;
INSERT INTO "public"."employee" ("eid", "ename", "ephone", "depid", "rid", "hiredate") VALUES (39, 'Employee39', 607705195102, 4, 1, '2020-01-01') ON CONFLICT DO NOTHING;
INSERT INTO "public"."employee" ("eid", "ename", "ephone", "depid", "rid", "hiredate") VALUES (40, 'Employee40', 348427088761, 20, 1, '2020-01-01') ON CONFLICT DO NOTHING;
INSERT INTO "public"."employee" ("eid", "ename", "ephone", "depid", "rid", "hiredate") VALUES (41, 'Employee41', 385987098242, 11, 5, '2020-01-01') ON CONFLICT DO NOTHING;
INSERT INTO "public"."employee" ("eid", "ename", "ephone", "depid", "rid", "hiredate") VALUES (42, 'Employee42', 438573988109, 20, 3, '2020-01-01') ON CONFLICT DO NOTHING;
INSERT INTO "public"."employee" ("eid", "ename", "ephone", "depid", "rid", "hiredate") VALUES (43, 'Employee43', 122287767588, 12, 10, '2020-01-01') ON CONFLICT DO NOTHING;
INSERT INTO "public"."employee" ("eid", "ename", "ephone", "depid", "rid", "hiredate") VALUES (44, 'Employee44', 836027284938, 4, 5, '2020-01-01') ON CONFLICT DO NOTHING;
INSERT INTO "public"."employee" ("eid", "ename", "ephone", "depid", "rid", "hiredate") VALUES (45, 'Employee45', 490590536733, 20, 8, '2020-01-01') ON CONFLICT DO NOTHING;
INSERT INTO "public"."employee" ("eid", "ename", "ephone", "depid", "rid", "hiredate") VALUES (46, 'Employee46', 909236212431, 2, 4, '2020-01-01') ON CONFLICT DO NOTHING;
INSERT INTO "public"."employee" ("eid", "ename", "ephone", "depid", "rid", "hiredate") VALUES (47, 'Employee47', 571021897699, 7, 3, '2020-01-01') ON CONFLICT DO NOTHING;
INSERT INTO "public"."employee" ("eid", "ename", "ephone", "depid", "rid", "hiredate") VALUES (48, 'Employee48', 535231751052, 3, 6, '2020-01-01') ON CONFLICT DO NOTHING;
INSERT INTO "public"."employee" ("eid", "ename", "ephone", "depid", "rid", "hiredate") VALUES (49, 'Employee49', 296523503273, 1, 4, '2020-01-01') ON CONFLICT DO NOTHING;
INSERT INTO "public"."employee" ("eid", "ename", "ephone", "depid", "rid", "hiredate") VALUES (50, 'Employee50', 231915605639, 13, 1, '2020-01-01') ON CONFLICT DO NOTHING;
INSERT INTO "public"."employee" ("eid", "ename", "ephone", "depid", "rid", "hiredate") VALUES (51, 'Employee51', 406761278889, 11, 3, '2020-01-01') ON CONFLICT DO NOTHING;
INSERT INTO "public"."employee" ("eid", "ename", "ephone", "depid", "rid", "hiredate") VALUES (52, 'Employee52', 889124363208, 1, 8, '2020-01-01') ON CONFLICT DO NOTHING;
INSERT INTO "public"."employee" ("eid", "ename", "ephone", "depid", "rid", "hiredate") VALUES (53, 'Employee53', 924251403760, 7, 1, '2020-01-01') ON CONFLICT DO NOTHING;
INSERT INTO "public"."employee" ("eid", "ename", "ephone", "depid", "rid", "hiredate") VALUES (54, 'Employee54', 665204825633, 9, 1, '2020-01-01') ON CONFLICT DO NOTHING;
INSERT INTO "public"."employee" ("eid", "ename", "ephone", "depid", "rid", "hiredate") VALUES (55, 'Employee55', 223597894630, 17, 8, '2020-01-01') ON CONFLICT DO NOTHING;
INSERT INTO "public"."employee" ("eid", "ename", "ephone", "depid", "rid", "hiredate") VALUES (56, 'Employee56', 875434866287, 1, 10, '2020-01-01') ON CONFLICT DO NOTHING;
INSERT INTO "public"."employee" ("eid", "ename", "ephone", "depid", "rid", "hiredate") VALUES (57, 'Employee57', 650271793197, 1, 1, '2020-01-01') ON CONFLICT DO NOTHING;
INSERT INTO "public"."employee" ("eid", "ename", "ephone", "depid", "rid", "hiredate") VALUES (58, 'Employee58', 827950428661, 14, 2, '2020-01-01') ON CONFLICT DO NOTHING;
INSERT INTO "public"."employee" ("eid", "ename", "ephone", "depid", "rid", "hiredate") VALUES (59, 'Employee59', 578726422278, 1, 9, '2020-01-01') ON CONFLICT DO NOTHING;
INSERT INTO "public"."employee" ("eid", "ename", "ephone", "depid", "rid", "hiredate") VALUES (60, 'Employee60', 989156309929, 13, 6, '2020-01-01') ON CONFLICT DO NOTHING;
INSERT INTO "public"."employee" ("eid", "ename", "ephone", "depid", "rid", "hiredate") VALUES (61, 'Employee61', 163729042606, 17, 9, '2020-01-01') ON CONFLICT DO NOTHING;
INSERT INTO "public"."employee" ("eid", "ename", "ephone", "depid", "rid", "hiredate") VALUES (62, 'Employee62', 111989604755, 14, 1, '2020-01-01') ON CONFLICT DO NOTHING;
INSERT INTO "public"."employee" ("eid", "ename", "ephone", "depid", "rid", "hiredate") VALUES (63, 'Employee63', 650747875397, 18, 4, '2020-01-01') ON CONFLICT DO NOTHING;
INSERT INTO "public"."employee" ("eid", "ename", "ephone", "depid", "rid", "hiredate") VALUES (64, 'Employee64', 698996100451, 2, 9, '2020-01-01') ON CONFLICT DO NOTHING;
INSERT INTO "public"."employee" ("eid", "ename", "ephone", "depid", "rid", "hiredate") VALUES (65, 'Employee65', 570151896405, 16, 6, '2020-01-01') ON CONFLICT DO NOTHING;
INSERT INTO "public"."employee" ("eid", "ename", "ephone", "depid", "rid", "hiredate") VALUES (66, 'Employee66', 317518548517, 1, 7, '2020-01-01') ON CONFLICT DO NOTHING;
INSERT INTO "public"."employee" ("eid", "ename", "ephone", "depid", "rid", "hiredate") VALUES (67, 'Employee67', 151759764239, 12, 10, '2020-01-01') ON CONFLICT DO NOTHING;
INSERT INTO "public"."employee" ("eid", "ename", "ephone", "depid", "rid", "hiredate") VALUES (68, 'Employee68', 763692023310, 11, 1, '2020-01-01') ON CONFLICT DO NOTHING;
INSERT INTO "public"."employee" ("eid", "ename", "ephone", "depid", "rid", "hiredate") VALUES (69, 'Employee69', 359627825786, 1, 4, '2020-01-01') ON CONFLICT DO NOTHING;
INSERT INTO "public"."employee" ("eid", "ename", "ephone", "depid", "rid", "hiredate") VALUES (70, 'Employee70', 113338362270, 16, 1, '2020-01-01') ON CONFLICT DO NOTHING;
INSERT INTO "public"."employee" ("eid", "ename", "ephone", "depid", "rid", "hiredate") VALUES (71, 'Employee71', 711889121572, 20, 4, '2020-01-01') ON CONFLICT DO NOTHING;
INSERT INTO "public"."employee" ("eid", "ename", "ephone", "depid", "rid", "hiredate") VALUES (72, 'Employee72', 534001890538, 20, 6, '2020-01-01') ON CONFLICT DO NOTHING;
INSERT INTO "public"."employee" ("eid", "ename", "ephone", "depid", "rid", "hiredate") VALUES (73, 'Employee73', 731591960709, 10, 5, '2020-01-01') ON CONFLICT DO NOTHING;
INSERT INTO "public"."employee" ("eid", "ename", "ephone", "depid", "rid", "hiredate") VALUES (74, 'Employee74', 206085170343, 8, 2, '2020-01-01') ON CONFLICT DO NOTHING;
INSERT INTO "public"."employee" ("eid", "ename", "ephone", "depid", "rid", "hiredate") VALUES (75, 'Employee75', 420354172061, 16, 7, '2020-01-01') ON CONFLICT DO NOTHING;
INSERT INTO "public"."employee" ("eid", "ename", "ephone", "depid", "rid", "hiredate") VALUES (76, 'Employee76', 142253975708, 14, 8, '2020-01-01') ON CONFLICT DO NOTHING;
INSERT INTO "public"."employee" ("eid", "ename", "ephone", "depid", "rid", "hiredate") VALUES (78, 'Employee78', 539322721507, 16, 4, '2020-01-01') ON CONFLICT DO NOTHING;
INSERT INTO "public"."employee" ("eid", "ename", "ephone", "depid", "rid", "hiredate") VALUES (79, 'Employee79', 907386184518, 10, 7, '2020-01-01') ON CONFLICT DO NOTHING;
INSERT INTO "public"."employee" ("eid", "ename", "ephone", "depid", "rid", "hiredate") VALUES (80, 'Employee80', 879912465259, 5, 1, '2020-01-01') ON CONFLICT DO NOTHING;
INSERT INTO "public"."employee" ("eid", "ename", "ephone", "depid", "rid", "hiredate") VALUES (81, 'Employee81', 353995744468, 3, 5, '2020-01-01') ON CONFLICT DO NOTHING;
INSERT INTO "public"."employee" ("eid", "ename", "ephone", "depid", "rid", "hiredate") VALUES (82, 'Employee82', 445757737526, 19, 10, '2020-01-01') ON CONFLICT DO NOTHING;
INSERT INTO "public"."employee" ("eid", "ename", "ephone", "depid", "rid", "hiredate") VALUES (83, 'Employee83', 441106963090, 9, 10, '2020-01-01') ON CONFLICT DO NOTHING;
INSERT INTO "public"."employee" ("eid", "ename", "ephone", "depid", "rid", "hiredate") VALUES (84, 'Employee84', 212638908312, 7, 7, '2020-01-01') ON CONFLICT DO NOTHING;
INSERT INTO "public"."employee" ("eid", "ename", "ephone", "depid", "rid", "hiredate") VALUES (85, 'Employee85', 201730056412, 5, 8, '2020-01-01') ON CONFLICT DO NOTHING;
INSERT INTO "public"."employee" ("eid", "ename", "ephone", "depid", "rid", "hiredate") VALUES (86, 'Employee86', 842386385780, 8, 3, '2020-01-01') ON CONFLICT DO NOTHING;
INSERT INTO "public"."employee" ("eid", "ename", "ephone", "depid", "rid", "hiredate") VALUES (87, 'Employee87', 635204870206, 17, 3, '2020-01-01') ON CONFLICT DO NOTHING;
INSERT INTO "public"."employee" ("eid", "ename", "ephone", "depid", "rid", "hiredate") VALUES (88, 'Employee88', 499626200385, 4, 8, '2020-01-01') ON CONFLICT DO NOTHING;
INSERT INTO "public"."employee" ("eid", "ename", "ephone", "depid", "rid", "hiredate") VALUES (89, 'Employee89', 773707167105, 3, 9, '2020-01-01') ON CONFLICT DO NOTHING;
INSERT INTO "public"."employee" ("eid", "ename", "ephone", "depid", "rid", "hiredate") VALUES (90, 'Employee90', 696875748921, 10, 2, '2020-01-01') ON CONFLICT DO NOTHING;
INSERT INTO "public"."employee" ("eid", "ename", "ephone", "depid", "rid", "hiredate") VALUES (91, 'Employee91', 183740233476, 12, 3, '2020-01-01') ON CONFLICT DO NOTHING;
INSERT INTO "public"."employee" ("eid", "ename", "ephone", "depid", "rid", "hiredate") VALUES (92, 'Employee92', 928783004859, 13, 10, '2020-01-01') ON CONFLICT DO NOTHING;
INSERT INTO "public"."employee" ("eid", "ename", "ephone", "depid", "rid", "hiredate") VALUES (93, 'Employee93', 422637541421, 2, 8, '2020-01-01') ON CONFLICT DO NOTHING;
INSERT INTO "public"."employee" ("eid", "ename", "ephone", "depid", "rid", "hiredate") VALUES (94, 'Employee94', 196111431143, 20, 2, '2020-01-01') ON CONFLICT DO NOTHING;
INSERT INTO "public"."employee" ("eid", "ename", "ephone", "depid", "rid", "hiredate") VALUES (95, 'Employee95', 624302248873, 20, 6, '2020-01-01') ON CONFLICT DO NOTHING;
INSERT INTO "public"."employee" ("eid", "ename", "ephone", "depid", "rid", "hiredate") VALUES (96, 'Employee96', 354672851216, 20, 4, '2020-01-01') ON CONFLICT DO NOTHING;
INSERT INTO "public"."employee" ("eid", "ename", "ephone", "depid", "rid", "hiredate") VALUES (97, 'Employee97', 100584332655, 7, 5, '2020-01-01') ON CONFLICT DO NOTHING;
INSERT INTO "public"."employee" ("eid", "ename", "ephone", "depid", "rid", "hiredate") VALUES (98, 'Employee98', 387237456542, 4, 8, '2020-01-01') ON CONFLICT DO NOTHING;
INSERT INTO "public"."employee" ("eid", "ename", "ephone", "depid", "rid", "hiredate") VALUES (99, 'Employee99', 180505028269, 3, 10, '2020-01-01') ON CONFLICT DO NOTHING;
INSERT INTO "public"."employee" ("eid", "ename", "ephone", "depid", "rid", "hiredate") VALUES (100, 'Employee100', 511109770019, 14, 9, '2020-01-01') ON CONFLICT DO NOTHING;
INSERT INTO "public"."employee" ("eid", "ename", "ephone", "depid", "rid", "hiredate") VALUES (111, 'יואב כהן', 5012345677, 1, 1, '2025-01-01') ON CONFLICT DO NOTHING;
INSERT INTO "public"."employee" ("eid", "ename", "ephone", "depid", "rid", "hiredate") VALUES (77, 'CommittedName', 407338864646, 1, 7, '2020-01-01') ON CONFLICT DO NOTHING;
INSERT INTO "public"."employee" ("eid", "ename", "ephone", "depid", "rid", "hiredate") VALUES (222, 'נועה לוי', 5023456788, 1, 1, '2025-01-02') ON CONFLICT DO NOTHING;
INSERT INTO "public"."employee" ("eid", "ename", "ephone", "depid", "rid", "hiredate") VALUES (333, 'דניאל מזרחי', 5034567898, 1, 1, '2025-01-03') ON CONFLICT DO NOTHING;
INSERT INTO "public"."employee" ("eid", "ename", "ephone", "depid", "rid", "hiredate") VALUES (555, 'תמר רוזן', 5045678908, 1, 1, '2025-01-05') ON CONFLICT DO NOTHING;
INSERT INTO "public"."employee" ("eid", "ename", "ephone", "depid", "rid", "hiredate") VALUES (1111, 'יעל שרון', 5056789018, 3, 3, '2025-01-01') ON CONFLICT DO NOTHING;
INSERT INTO "public"."employee" ("eid", "ename", "ephone", "depid", "rid", "hiredate") VALUES (1222, 'עומר דרור', 5067890127, 2, 2, '2025-01-02') ON CONFLICT DO NOTHING;
INSERT INTO "public"."employee" ("eid", "ename", "ephone", "depid", "rid", "hiredate") VALUES (1333, 'ליה שמש', 5078901237, 5, 5, '2025-01-03') ON CONFLICT DO NOTHING;
INSERT INTO "public"."employee" ("eid", "ename", "ephone", "depid", "rid", "hiredate") VALUES (1444, 'עידן בר', 5089012347, 6, 6, '2025-01-04') ON CONFLICT DO NOTHING;
INSERT INTO "public"."employee" ("eid", "ename", "ephone", "depid", "rid", "hiredate") VALUES (1555, 'מתן רז', 5090123457, 4, 4, '2025-01-05') ON CONFLICT DO NOTHING;
INSERT INTO "public"."employee" ("eid", "ename", "ephone", "depid", "rid", "hiredate") VALUES (444, 'אדם פרידמן', 5011223347, 1, 1, '2025-01-04') ON CONFLICT DO NOTHING;


--
-- TOC entry 3476 (class 0 OID 41379)
-- Dependencies: 227
-- Data for Name: order; Type: TABLE DATA; Schema: public; Owner: cotehila
--

INSERT INTO "public"."order" ("ordid", "orddate", "paymentterms", "sid") VALUES (1, '2024-12-07', '436', 15) ON CONFLICT DO NOTHING;
INSERT INTO "public"."order" ("ordid", "orddate", "paymentterms", "sid") VALUES (2, '2024-10-25', '348', 7) ON CONFLICT DO NOTHING;
INSERT INTO "public"."order" ("ordid", "orddate", "paymentterms", "sid") VALUES (3, '2025-02-05', '281', 12) ON CONFLICT DO NOTHING;
INSERT INTO "public"."order" ("ordid", "orddate", "paymentterms", "sid") VALUES (4, '2025-02-05', '281', 12) ON CONFLICT DO NOTHING;
INSERT INTO "public"."order" ("ordid", "orddate", "paymentterms", "sid") VALUES (5, '2024-09-17', '73', 3) ON CONFLICT DO NOTHING;
INSERT INTO "public"."order" ("ordid", "orddate", "paymentterms", "sid") VALUES (6, '2024-07-20', '246', 19) ON CONFLICT DO NOTHING;
INSERT INTO "public"."order" ("ordid", "orddate", "paymentterms", "sid") VALUES (7, '2024-10-27', '5', 8) ON CONFLICT DO NOTHING;
INSERT INTO "public"."order" ("ordid", "orddate", "paymentterms", "sid") VALUES (8, '2024-12-14', '3', 1) ON CONFLICT DO NOTHING;
INSERT INTO "public"."order" ("ordid", "orddate", "paymentterms", "sid") VALUES (9, '2024-12-14', '3', 1) ON CONFLICT DO NOTHING;
INSERT INTO "public"."order" ("ordid", "orddate", "paymentterms", "sid") VALUES (10, '2024-12-14', '3', 1) ON CONFLICT DO NOTHING;
INSERT INTO "public"."order" ("ordid", "orddate", "paymentterms", "sid") VALUES (11, '2024-12-14', '3', 1) ON CONFLICT DO NOTHING;
INSERT INTO "public"."order" ("ordid", "orddate", "paymentterms", "sid") VALUES (12, '2024-12-14', '3', 1) ON CONFLICT DO NOTHING;
INSERT INTO "public"."order" ("ordid", "orddate", "paymentterms", "sid") VALUES (13, '2024-12-14', '3', 1) ON CONFLICT DO NOTHING;
INSERT INTO "public"."order" ("ordid", "orddate", "paymentterms", "sid") VALUES (14, '2024-10-27', '249', 16) ON CONFLICT DO NOTHING;
INSERT INTO "public"."order" ("ordid", "orddate", "paymentterms", "sid") VALUES (15, '2025-01-21', '18', 4) ON CONFLICT DO NOTHING;
INSERT INTO "public"."order" ("ordid", "orddate", "paymentterms", "sid") VALUES (16, '2025-02-18', '65', 11) ON CONFLICT DO NOTHING;
INSERT INTO "public"."order" ("ordid", "orddate", "paymentterms", "sid") VALUES (17, '2024-08-03', '78', 20) ON CONFLICT DO NOTHING;
INSERT INTO "public"."order" ("ordid", "orddate", "paymentterms", "sid") VALUES (18, '2025-01-18', '171', 9) ON CONFLICT DO NOTHING;
INSERT INTO "public"."order" ("ordid", "orddate", "paymentterms", "sid") VALUES (19, '2024-10-23', '477', 2) ON CONFLICT DO NOTHING;
INSERT INTO "public"."order" ("ordid", "orddate", "paymentterms", "sid") VALUES (20, '2024-10-22', '42', 13) ON CONFLICT DO NOTHING;
INSERT INTO "public"."order" ("ordid", "orddate", "paymentterms", "sid") VALUES (21, '2024-09-08', '97', 18) ON CONFLICT DO NOTHING;
INSERT INTO "public"."order" ("ordid", "orddate", "paymentterms", "sid") VALUES (22, '2024-09-09', '290', 6) ON CONFLICT DO NOTHING;
INSERT INTO "public"."order" ("ordid", "orddate", "paymentterms", "sid") VALUES (23, '2024-05-14', '84', 17) ON CONFLICT DO NOTHING;
INSERT INTO "public"."order" ("ordid", "orddate", "paymentterms", "sid") VALUES (24, '2024-05-02', '491', 10) ON CONFLICT DO NOTHING;
INSERT INTO "public"."order" ("ordid", "orddate", "paymentterms", "sid") VALUES (25, '2024-05-02', '491', 10) ON CONFLICT DO NOTHING;
INSERT INTO "public"."order" ("ordid", "orddate", "paymentterms", "sid") VALUES (26, '2024-06-29', '369', 14) ON CONFLICT DO NOTHING;
INSERT INTO "public"."order" ("ordid", "orddate", "paymentterms", "sid") VALUES (27, '2024-04-13', '257', 5) ON CONFLICT DO NOTHING;
INSERT INTO "public"."order" ("ordid", "orddate", "paymentterms", "sid") VALUES (28, '2024-09-08', '97', 18) ON CONFLICT DO NOTHING;
INSERT INTO "public"."order" ("ordid", "orddate", "paymentterms", "sid") VALUES (29, '2024-09-08', '97', 18) ON CONFLICT DO NOTHING;
INSERT INTO "public"."order" ("ordid", "orddate", "paymentterms", "sid") VALUES (30, '2024-09-08', '97', 18) ON CONFLICT DO NOTHING;
INSERT INTO "public"."order" ("ordid", "orddate", "paymentterms", "sid") VALUES (31, '2024-09-08', '97', 18) ON CONFLICT DO NOTHING;
INSERT INTO "public"."order" ("ordid", "orddate", "paymentterms", "sid") VALUES (32, '2024-09-08', '97', 18) ON CONFLICT DO NOTHING;
INSERT INTO "public"."order" ("ordid", "orddate", "paymentterms", "sid") VALUES (33, '2024-09-08', '97', 18) ON CONFLICT DO NOTHING;
INSERT INTO "public"."order" ("ordid", "orddate", "paymentterms", "sid") VALUES (34, '2024-09-08', '97', 18) ON CONFLICT DO NOTHING;
INSERT INTO "public"."order" ("ordid", "orddate", "paymentterms", "sid") VALUES (35, '2024-09-08', '97', 18) ON CONFLICT DO NOTHING;
INSERT INTO "public"."order" ("ordid", "orddate", "paymentterms", "sid") VALUES (36, '2024-09-08', '97', 18) ON CONFLICT DO NOTHING;
INSERT INTO "public"."order" ("ordid", "orddate", "paymentterms", "sid") VALUES (37, '2024-09-08', '97', 18) ON CONFLICT DO NOTHING;
INSERT INTO "public"."order" ("ordid", "orddate", "paymentterms", "sid") VALUES (38, '2024-09-08', '97', 18) ON CONFLICT DO NOTHING;
INSERT INTO "public"."order" ("ordid", "orddate", "paymentterms", "sid") VALUES (39, '2024-09-08', '97', 18) ON CONFLICT DO NOTHING;
INSERT INTO "public"."order" ("ordid", "orddate", "paymentterms", "sid") VALUES (40, '2024-09-08', '97', 18) ON CONFLICT DO NOTHING;
INSERT INTO "public"."order" ("ordid", "orddate", "paymentterms", "sid") VALUES (41, '2024-09-08', '97', 18) ON CONFLICT DO NOTHING;
INSERT INTO "public"."order" ("ordid", "orddate", "paymentterms", "sid") VALUES (42, '2024-09-08', '97', 18) ON CONFLICT DO NOTHING;
INSERT INTO "public"."order" ("ordid", "orddate", "paymentterms", "sid") VALUES (43, '2024-09-08', '97', 18) ON CONFLICT DO NOTHING;
INSERT INTO "public"."order" ("ordid", "orddate", "paymentterms", "sid") VALUES (44, '2024-09-08', '97', 18) ON CONFLICT DO NOTHING;


--
-- TOC entry 3477 (class 0 OID 41390)
-- Dependencies: 228
-- Data for Name: ordprod; Type: TABLE DATA; Schema: public; Owner: cotehila
--

INSERT INTO "public"."ordprod" ("ordid", "pid", "amount", "supplierprice") VALUES (1, 1, 309, 61.00) ON CONFLICT DO NOTHING;
INSERT INTO "public"."ordprod" ("ordid", "pid", "amount", "supplierprice") VALUES (5, 97, 485, 65.00) ON CONFLICT DO NOTHING;
INSERT INTO "public"."ordprod" ("ordid", "pid", "amount", "supplierprice") VALUES (10, 108, 294, 57.00) ON CONFLICT DO NOTHING;
INSERT INTO "public"."ordprod" ("ordid", "pid", "amount", "supplierprice") VALUES (6, 26, 216, 65.00) ON CONFLICT DO NOTHING;
INSERT INTO "public"."ordprod" ("ordid", "pid", "amount", "supplierprice") VALUES (1, 26, 504, 51.00) ON CONFLICT DO NOTHING;
INSERT INTO "public"."ordprod" ("ordid", "pid", "amount", "supplierprice") VALUES (7, 5, 613, 53.00) ON CONFLICT DO NOTHING;
INSERT INTO "public"."ordprod" ("ordid", "pid", "amount", "supplierprice") VALUES (2, 46, 370, 70.00) ON CONFLICT DO NOTHING;
INSERT INTO "public"."ordprod" ("ordid", "pid", "amount", "supplierprice") VALUES (2, 88, 480, 63.00) ON CONFLICT DO NOTHING;
INSERT INTO "public"."ordprod" ("ordid", "pid", "amount", "supplierprice") VALUES (8, 95, 576, 58.00) ON CONFLICT DO NOTHING;
INSERT INTO "public"."ordprod" ("ordid", "pid", "amount", "supplierprice") VALUES (9, 38, 464, 63.00) ON CONFLICT DO NOTHING;
INSERT INTO "public"."ordprod" ("ordid", "pid", "amount", "supplierprice") VALUES (1, 12, 438, 60.00) ON CONFLICT DO NOTHING;
INSERT INTO "public"."ordprod" ("ordid", "pid", "amount", "supplierprice") VALUES (2, 121, 203, 59.00) ON CONFLICT DO NOTHING;
INSERT INTO "public"."ordprod" ("ordid", "pid", "amount", "supplierprice") VALUES (1, 22, 64, 64.00) ON CONFLICT DO NOTHING;
INSERT INTO "public"."ordprod" ("ordid", "pid", "amount", "supplierprice") VALUES (1, 62, 372, 51.00) ON CONFLICT DO NOTHING;
INSERT INTO "public"."ordprod" ("ordid", "pid", "amount", "supplierprice") VALUES (3, 45, 351, 62.00) ON CONFLICT DO NOTHING;
INSERT INTO "public"."ordprod" ("ordid", "pid", "amount", "supplierprice") VALUES (3, 29, 391, 69.00) ON CONFLICT DO NOTHING;
INSERT INTO "public"."ordprod" ("ordid", "pid", "amount", "supplierprice") VALUES (8, 63, 216, 68.00) ON CONFLICT DO NOTHING;
INSERT INTO "public"."ordprod" ("ordid", "pid", "amount", "supplierprice") VALUES (4, 24, 470, 58.00) ON CONFLICT DO NOTHING;
INSERT INTO "public"."ordprod" ("ordid", "pid", "amount", "supplierprice") VALUES (9, 44, 34, 59.00) ON CONFLICT DO NOTHING;
INSERT INTO "public"."ordprod" ("ordid", "pid", "amount", "supplierprice") VALUES (7, 103, 601, 70.00) ON CONFLICT DO NOTHING;
INSERT INTO "public"."ordprod" ("ordid", "pid", "amount", "supplierprice") VALUES (3, 88, 47, 63.00) ON CONFLICT DO NOTHING;
INSERT INTO "public"."ordprod" ("ordid", "pid", "amount", "supplierprice") VALUES (3, 4, 349, 52.00) ON CONFLICT DO NOTHING;
INSERT INTO "public"."ordprod" ("ordid", "pid", "amount", "supplierprice") VALUES (8, 104, 218, 64.00) ON CONFLICT DO NOTHING;
INSERT INTO "public"."ordprod" ("ordid", "pid", "amount", "supplierprice") VALUES (6, 7, 499, 52.00) ON CONFLICT DO NOTHING;
INSERT INTO "public"."ordprod" ("ordid", "pid", "amount", "supplierprice") VALUES (9, 121, 440, 55.00) ON CONFLICT DO NOTHING;
INSERT INTO "public"."ordprod" ("ordid", "pid", "amount", "supplierprice") VALUES (5, 20, 159, 57.00) ON CONFLICT DO NOTHING;
INSERT INTO "public"."ordprod" ("ordid", "pid", "amount", "supplierprice") VALUES (9, 114, 530, 70.00) ON CONFLICT DO NOTHING;
INSERT INTO "public"."ordprod" ("ordid", "pid", "amount", "supplierprice") VALUES (1, 110, 152, 53.00) ON CONFLICT DO NOTHING;
INSERT INTO "public"."ordprod" ("ordid", "pid", "amount", "supplierprice") VALUES (7, 43, 171, 69.00) ON CONFLICT DO NOTHING;
INSERT INTO "public"."ordprod" ("ordid", "pid", "amount", "supplierprice") VALUES (4, 20, 569, 56.00) ON CONFLICT DO NOTHING;
INSERT INTO "public"."ordprod" ("ordid", "pid", "amount", "supplierprice") VALUES (9, 106, 88, 60.00) ON CONFLICT DO NOTHING;
INSERT INTO "public"."ordprod" ("ordid", "pid", "amount", "supplierprice") VALUES (8, 119, 281, 56.00) ON CONFLICT DO NOTHING;
INSERT INTO "public"."ordprod" ("ordid", "pid", "amount", "supplierprice") VALUES (2, 85, 218, 70.00) ON CONFLICT DO NOTHING;
INSERT INTO "public"."ordprod" ("ordid", "pid", "amount", "supplierprice") VALUES (5, 105, 258, 52.00) ON CONFLICT DO NOTHING;
INSERT INTO "public"."ordprod" ("ordid", "pid", "amount", "supplierprice") VALUES (9, 130, 341, 50.00) ON CONFLICT DO NOTHING;
INSERT INTO "public"."ordprod" ("ordid", "pid", "amount", "supplierprice") VALUES (1, 118, 55, 60.00) ON CONFLICT DO NOTHING;
INSERT INTO "public"."ordprod" ("ordid", "pid", "amount", "supplierprice") VALUES (2, 25, 351, 67.00) ON CONFLICT DO NOTHING;
INSERT INTO "public"."ordprod" ("ordid", "pid", "amount", "supplierprice") VALUES (7, 116, 408, 61.00) ON CONFLICT DO NOTHING;
INSERT INTO "public"."ordprod" ("ordid", "pid", "amount", "supplierprice") VALUES (8, 66, 57, 62.00) ON CONFLICT DO NOTHING;
INSERT INTO "public"."ordprod" ("ordid", "pid", "amount", "supplierprice") VALUES (8, 43, 342, 52.00) ON CONFLICT DO NOTHING;
INSERT INTO "public"."ordprod" ("ordid", "pid", "amount", "supplierprice") VALUES (4, 105, 514, 61.00) ON CONFLICT DO NOTHING;
INSERT INTO "public"."ordprod" ("ordid", "pid", "amount", "supplierprice") VALUES (3, 90, 163, 61.00) ON CONFLICT DO NOTHING;
INSERT INTO "public"."ordprod" ("ordid", "pid", "amount", "supplierprice") VALUES (6, 60, 222, 50.00) ON CONFLICT DO NOTHING;
INSERT INTO "public"."ordprod" ("ordid", "pid", "amount", "supplierprice") VALUES (2, 80, 567, 68.00) ON CONFLICT DO NOTHING;
INSERT INTO "public"."ordprod" ("ordid", "pid", "amount", "supplierprice") VALUES (2, 75, 613, 66.00) ON CONFLICT DO NOTHING;
INSERT INTO "public"."ordprod" ("ordid", "pid", "amount", "supplierprice") VALUES (8, 55, 610, 64.00) ON CONFLICT DO NOTHING;
INSERT INTO "public"."ordprod" ("ordid", "pid", "amount", "supplierprice") VALUES (4, 51, 353, 68.00) ON CONFLICT DO NOTHING;
INSERT INTO "public"."ordprod" ("ordid", "pid", "amount", "supplierprice") VALUES (6, 121, 146, 67.00) ON CONFLICT DO NOTHING;
INSERT INTO "public"."ordprod" ("ordid", "pid", "amount", "supplierprice") VALUES (1, 33, 435, 62.00) ON CONFLICT DO NOTHING;
INSERT INTO "public"."ordprod" ("ordid", "pid", "amount", "supplierprice") VALUES (4, 18, 429, 60.00) ON CONFLICT DO NOTHING;
INSERT INTO "public"."ordprod" ("ordid", "pid", "amount", "supplierprice") VALUES (1, 129, 394, 65.00) ON CONFLICT DO NOTHING;
INSERT INTO "public"."ordprod" ("ordid", "pid", "amount", "supplierprice") VALUES (5, 123, 159, 64.00) ON CONFLICT DO NOTHING;
INSERT INTO "public"."ordprod" ("ordid", "pid", "amount", "supplierprice") VALUES (8, 52, 244, 65.00) ON CONFLICT DO NOTHING;
INSERT INTO "public"."ordprod" ("ordid", "pid", "amount", "supplierprice") VALUES (8, 103, 519, 64.00) ON CONFLICT DO NOTHING;
INSERT INTO "public"."ordprod" ("ordid", "pid", "amount", "supplierprice") VALUES (4, 15, 487, 50.00) ON CONFLICT DO NOTHING;
INSERT INTO "public"."ordprod" ("ordid", "pid", "amount", "supplierprice") VALUES (3, 64, 260, 59.00) ON CONFLICT DO NOTHING;
INSERT INTO "public"."ordprod" ("ordid", "pid", "amount", "supplierprice") VALUES (4, 69, 429, 56.00) ON CONFLICT DO NOTHING;
INSERT INTO "public"."ordprod" ("ordid", "pid", "amount", "supplierprice") VALUES (9, 12, 553, 56.00) ON CONFLICT DO NOTHING;
INSERT INTO "public"."ordprod" ("ordid", "pid", "amount", "supplierprice") VALUES (5, 43, 422, 59.00) ON CONFLICT DO NOTHING;
INSERT INTO "public"."ordprod" ("ordid", "pid", "amount", "supplierprice") VALUES (6, 77, 418, 69.00) ON CONFLICT DO NOTHING;
INSERT INTO "public"."ordprod" ("ordid", "pid", "amount", "supplierprice") VALUES (3, 57, 342, 63.00) ON CONFLICT DO NOTHING;
INSERT INTO "public"."ordprod" ("ordid", "pid", "amount", "supplierprice") VALUES (1, 56, 236, 61.00) ON CONFLICT DO NOTHING;
INSERT INTO "public"."ordprod" ("ordid", "pid", "amount", "supplierprice") VALUES (1, 93, 118, 70.00) ON CONFLICT DO NOTHING;
INSERT INTO "public"."ordprod" ("ordid", "pid", "amount", "supplierprice") VALUES (2, 127, 487, 68.00) ON CONFLICT DO NOTHING;
INSERT INTO "public"."ordprod" ("ordid", "pid", "amount", "supplierprice") VALUES (8, 59, 8, 53.00) ON CONFLICT DO NOTHING;
INSERT INTO "public"."ordprod" ("ordid", "pid", "amount", "supplierprice") VALUES (6, 97, 323, 59.00) ON CONFLICT DO NOTHING;
INSERT INTO "public"."ordprod" ("ordid", "pid", "amount", "supplierprice") VALUES (9, 89, 210, 61.00) ON CONFLICT DO NOTHING;
INSERT INTO "public"."ordprod" ("ordid", "pid", "amount", "supplierprice") VALUES (4, 103, 567, 68.00) ON CONFLICT DO NOTHING;
INSERT INTO "public"."ordprod" ("ordid", "pid", "amount", "supplierprice") VALUES (3, 91, 74, 54.00) ON CONFLICT DO NOTHING;
INSERT INTO "public"."ordprod" ("ordid", "pid", "amount", "supplierprice") VALUES (2, 27, 601, 53.00) ON CONFLICT DO NOTHING;
INSERT INTO "public"."ordprod" ("ordid", "pid", "amount", "supplierprice") VALUES (2, 108, 7, 64.00) ON CONFLICT DO NOTHING;
INSERT INTO "public"."ordprod" ("ordid", "pid", "amount", "supplierprice") VALUES (9, 111, 323, 50.00) ON CONFLICT DO NOTHING;
INSERT INTO "public"."ordprod" ("ordid", "pid", "amount", "supplierprice") VALUES (7, 22, 360, 69.00) ON CONFLICT DO NOTHING;
INSERT INTO "public"."ordprod" ("ordid", "pid", "amount", "supplierprice") VALUES (5, 2, 429, 58.00) ON CONFLICT DO NOTHING;
INSERT INTO "public"."ordprod" ("ordid", "pid", "amount", "supplierprice") VALUES (4, 52, 578, 64.00) ON CONFLICT DO NOTHING;
INSERT INTO "public"."ordprod" ("ordid", "pid", "amount", "supplierprice") VALUES (4, 58, 27, 65.00) ON CONFLICT DO NOTHING;
INSERT INTO "public"."ordprod" ("ordid", "pid", "amount", "supplierprice") VALUES (9, 113, 294, 63.00) ON CONFLICT DO NOTHING;
INSERT INTO "public"."ordprod" ("ordid", "pid", "amount", "supplierprice") VALUES (9, 29, 529, 60.00) ON CONFLICT DO NOTHING;
INSERT INTO "public"."ordprod" ("ordid", "pid", "amount", "supplierprice") VALUES (1, 69, 331, 54.00) ON CONFLICT DO NOTHING;
INSERT INTO "public"."ordprod" ("ordid", "pid", "amount", "supplierprice") VALUES (4, 21, 2, 54.00) ON CONFLICT DO NOTHING;
INSERT INTO "public"."ordprod" ("ordid", "pid", "amount", "supplierprice") VALUES (2, 111, 2, 60.00) ON CONFLICT DO NOTHING;
INSERT INTO "public"."ordprod" ("ordid", "pid", "amount", "supplierprice") VALUES (5, 60, 144, 61.00) ON CONFLICT DO NOTHING;
INSERT INTO "public"."ordprod" ("ordid", "pid", "amount", "supplierprice") VALUES (5, 130, 20, 50.00) ON CONFLICT DO NOTHING;
INSERT INTO "public"."ordprod" ("ordid", "pid", "amount", "supplierprice") VALUES (1, 11, 419, 64.00) ON CONFLICT DO NOTHING;
INSERT INTO "public"."ordprod" ("ordid", "pid", "amount", "supplierprice") VALUES (1, 83, 212, 53.00) ON CONFLICT DO NOTHING;
INSERT INTO "public"."ordprod" ("ordid", "pid", "amount", "supplierprice") VALUES (1, 64, 532, 56.00) ON CONFLICT DO NOTHING;
INSERT INTO "public"."ordprod" ("ordid", "pid", "amount", "supplierprice") VALUES (6, 67, 132, 70.00) ON CONFLICT DO NOTHING;
INSERT INTO "public"."ordprod" ("ordid", "pid", "amount", "supplierprice") VALUES (2, 47, 163, 70.00) ON CONFLICT DO NOTHING;
INSERT INTO "public"."ordprod" ("ordid", "pid", "amount", "supplierprice") VALUES (7, 27, 262, 55.00) ON CONFLICT DO NOTHING;
INSERT INTO "public"."ordprod" ("ordid", "pid", "amount", "supplierprice") VALUES (3, 32, 532, 65.00) ON CONFLICT DO NOTHING;
INSERT INTO "public"."ordprod" ("ordid", "pid", "amount", "supplierprice") VALUES (9, 101, 610, 59.00) ON CONFLICT DO NOTHING;
INSERT INTO "public"."ordprod" ("ordid", "pid", "amount", "supplierprice") VALUES (1, 71, 582, 62.00) ON CONFLICT DO NOTHING;
INSERT INTO "public"."ordprod" ("ordid", "pid", "amount", "supplierprice") VALUES (2, 37, 409, 69.00) ON CONFLICT DO NOTHING;
INSERT INTO "public"."ordprod" ("ordid", "pid", "amount", "supplierprice") VALUES (1, 92, 133, 54.00) ON CONFLICT DO NOTHING;
INSERT INTO "public"."ordprod" ("ordid", "pid", "amount", "supplierprice") VALUES (4, 88, 519, 50.00) ON CONFLICT DO NOTHING;
INSERT INTO "public"."ordprod" ("ordid", "pid", "amount", "supplierprice") VALUES (7, 70, 359, 70.00) ON CONFLICT DO NOTHING;
INSERT INTO "public"."ordprod" ("ordid", "pid", "amount", "supplierprice") VALUES (3, 105, 303, 57.00) ON CONFLICT DO NOTHING;
INSERT INTO "public"."ordprod" ("ordid", "pid", "amount", "supplierprice") VALUES (3, 60, 155, 59.00) ON CONFLICT DO NOTHING;
INSERT INTO "public"."ordprod" ("ordid", "pid", "amount", "supplierprice") VALUES (6, 103, 546, 63.00) ON CONFLICT DO NOTHING;
INSERT INTO "public"."ordprod" ("ordid", "pid", "amount", "supplierprice") VALUES (3, 17, 3, 65.00) ON CONFLICT DO NOTHING;
INSERT INTO "public"."ordprod" ("ordid", "pid", "amount", "supplierprice") VALUES (8, 79, 497, 52.00) ON CONFLICT DO NOTHING;
INSERT INTO "public"."ordprod" ("ordid", "pid", "amount", "supplierprice") VALUES (3, 11, 1, 66.00) ON CONFLICT DO NOTHING;
INSERT INTO "public"."ordprod" ("ordid", "pid", "amount", "supplierprice") VALUES (1, 65, 129, 50.00) ON CONFLICT DO NOTHING;
INSERT INTO "public"."ordprod" ("ordid", "pid", "amount", "supplierprice") VALUES (1, 100, 457, 61.00) ON CONFLICT DO NOTHING;
INSERT INTO "public"."ordprod" ("ordid", "pid", "amount", "supplierprice") VALUES (8, 23, 284, 60.00) ON CONFLICT DO NOTHING;
INSERT INTO "public"."ordprod" ("ordid", "pid", "amount", "supplierprice") VALUES (8, 44, 409, 53.00) ON CONFLICT DO NOTHING;
INSERT INTO "public"."ordprod" ("ordid", "pid", "amount", "supplierprice") VALUES (9, 117, 176, 53.00) ON CONFLICT DO NOTHING;
INSERT INTO "public"."ordprod" ("ordid", "pid", "amount", "supplierprice") VALUES (9, 77, 44, 50.00) ON CONFLICT DO NOTHING;
INSERT INTO "public"."ordprod" ("ordid", "pid", "amount", "supplierprice") VALUES (8, 30, 306, 62.00) ON CONFLICT DO NOTHING;
INSERT INTO "public"."ordprod" ("ordid", "pid", "amount", "supplierprice") VALUES (6, 6, 339, 64.00) ON CONFLICT DO NOTHING;
INSERT INTO "public"."ordprod" ("ordid", "pid", "amount", "supplierprice") VALUES (1, 86, 504, 56.00) ON CONFLICT DO NOTHING;
INSERT INTO "public"."ordprod" ("ordid", "pid", "amount", "supplierprice") VALUES (3, 100, 24, 51.00) ON CONFLICT DO NOTHING;
INSERT INTO "public"."ordprod" ("ordid", "pid", "amount", "supplierprice") VALUES (9, 105, 529, 51.00) ON CONFLICT DO NOTHING;
INSERT INTO "public"."ordprod" ("ordid", "pid", "amount", "supplierprice") VALUES (4, 108, 142, 70.00) ON CONFLICT DO NOTHING;
INSERT INTO "public"."ordprod" ("ordid", "pid", "amount", "supplierprice") VALUES (4, 66, 202, 61.00) ON CONFLICT DO NOTHING;
INSERT INTO "public"."ordprod" ("ordid", "pid", "amount", "supplierprice") VALUES (1, 104, 362, 58.00) ON CONFLICT DO NOTHING;
INSERT INTO "public"."ordprod" ("ordid", "pid", "amount", "supplierprice") VALUES (9, 104, 303, 52.00) ON CONFLICT DO NOTHING;
INSERT INTO "public"."ordprod" ("ordid", "pid", "amount", "supplierprice") VALUES (2, 106, 497, 55.00) ON CONFLICT DO NOTHING;
INSERT INTO "public"."ordprod" ("ordid", "pid", "amount", "supplierprice") VALUES (1, 113, 582, 50.00) ON CONFLICT DO NOTHING;
INSERT INTO "public"."ordprod" ("ordid", "pid", "amount", "supplierprice") VALUES (1, 39, 422, 55.00) ON CONFLICT DO NOTHING;
INSERT INTO "public"."ordprod" ("ordid", "pid", "amount", "supplierprice") VALUES (1, 85, 332, 70.00) ON CONFLICT DO NOTHING;
INSERT INTO "public"."ordprod" ("ordid", "pid", "amount", "supplierprice") VALUES (9, 100, 16, 57.00) ON CONFLICT DO NOTHING;
INSERT INTO "public"."ordprod" ("ordid", "pid", "amount", "supplierprice") VALUES (1, 38, 408, 62.00) ON CONFLICT DO NOTHING;
INSERT INTO "public"."ordprod" ("ordid", "pid", "amount", "supplierprice") VALUES (7, 55, 456, 53.00) ON CONFLICT DO NOTHING;
INSERT INTO "public"."ordprod" ("ordid", "pid", "amount", "supplierprice") VALUES (5, 81, 131, 55.00) ON CONFLICT DO NOTHING;
INSERT INTO "public"."ordprod" ("ordid", "pid", "amount", "supplierprice") VALUES (7, 97, 144, 60.00) ON CONFLICT DO NOTHING;
INSERT INTO "public"."ordprod" ("ordid", "pid", "amount", "supplierprice") VALUES (8, 81, 167, 56.00) ON CONFLICT DO NOTHING;
INSERT INTO "public"."ordprod" ("ordid", "pid", "amount", "supplierprice") VALUES (1, 18, 358, 59.00) ON CONFLICT DO NOTHING;
INSERT INTO "public"."ordprod" ("ordid", "pid", "amount", "supplierprice") VALUES (6, 79, 564, 60.00) ON CONFLICT DO NOTHING;
INSERT INTO "public"."ordprod" ("ordid", "pid", "amount", "supplierprice") VALUES (1, 99, 169, 64.00) ON CONFLICT DO NOTHING;
INSERT INTO "public"."ordprod" ("ordid", "pid", "amount", "supplierprice") VALUES (6, 4, 191, 54.00) ON CONFLICT DO NOTHING;
INSERT INTO "public"."ordprod" ("ordid", "pid", "amount", "supplierprice") VALUES (1, 29, 348, 64.00) ON CONFLICT DO NOTHING;
INSERT INTO "public"."ordprod" ("ordid", "pid", "amount", "supplierprice") VALUES (1, 72, 30, 66.00) ON CONFLICT DO NOTHING;
INSERT INTO "public"."ordprod" ("ordid", "pid", "amount", "supplierprice") VALUES (6, 116, 319, 60.00) ON CONFLICT DO NOTHING;
INSERT INTO "public"."ordprod" ("ordid", "pid", "amount", "supplierprice") VALUES (5, 73, 180, 57.00) ON CONFLICT DO NOTHING;
INSERT INTO "public"."ordprod" ("ordid", "pid", "amount", "supplierprice") VALUES (1, 42, 554, 52.00) ON CONFLICT DO NOTHING;
INSERT INTO "public"."ordprod" ("ordid", "pid", "amount", "supplierprice") VALUES (8, 15, 155, 67.00) ON CONFLICT DO NOTHING;
INSERT INTO "public"."ordprod" ("ordid", "pid", "amount", "supplierprice") VALUES (3, 14, 380, 50.00) ON CONFLICT DO NOTHING;
INSERT INTO "public"."ordprod" ("ordid", "pid", "amount", "supplierprice") VALUES (3, 112, 130, 66.00) ON CONFLICT DO NOTHING;
INSERT INTO "public"."ordprod" ("ordid", "pid", "amount", "supplierprice") VALUES (9, 55, 205, 67.00) ON CONFLICT DO NOTHING;
INSERT INTO "public"."ordprod" ("ordid", "pid", "amount", "supplierprice") VALUES (6, 49, 89, 65.00) ON CONFLICT DO NOTHING;
INSERT INTO "public"."ordprod" ("ordid", "pid", "amount", "supplierprice") VALUES (1, 30, 305, 54.00) ON CONFLICT DO NOTHING;
INSERT INTO "public"."ordprod" ("ordid", "pid", "amount", "supplierprice") VALUES (1, 80, 319, 70.00) ON CONFLICT DO NOTHING;
INSERT INTO "public"."ordprod" ("ordid", "pid", "amount", "supplierprice") VALUES (9, 107, 603, 50.00) ON CONFLICT DO NOTHING;
INSERT INTO "public"."ordprod" ("ordid", "pid", "amount", "supplierprice") VALUES (1, 84, 451, 58.00) ON CONFLICT DO NOTHING;
INSERT INTO "public"."ordprod" ("ordid", "pid", "amount", "supplierprice") VALUES (4, 90, 176, 52.00) ON CONFLICT DO NOTHING;
INSERT INTO "public"."ordprod" ("ordid", "pid", "amount", "supplierprice") VALUES (3, 104, 558, 68.00) ON CONFLICT DO NOTHING;
INSERT INTO "public"."ordprod" ("ordid", "pid", "amount", "supplierprice") VALUES (4, 11, 207, 68.00) ON CONFLICT DO NOTHING;
INSERT INTO "public"."ordprod" ("ordid", "pid", "amount", "supplierprice") VALUES (9, 2, 353, 54.00) ON CONFLICT DO NOTHING;
INSERT INTO "public"."ordprod" ("ordid", "pid", "amount", "supplierprice") VALUES (4, 28, 99, 60.00) ON CONFLICT DO NOTHING;
INSERT INTO "public"."ordprod" ("ordid", "pid", "amount", "supplierprice") VALUES (9, 35, 576, 55.00) ON CONFLICT DO NOTHING;
INSERT INTO "public"."ordprod" ("ordid", "pid", "amount", "supplierprice") VALUES (3, 9, 205, 62.00) ON CONFLICT DO NOTHING;
INSERT INTO "public"."ordprod" ("ordid", "pid", "amount", "supplierprice") VALUES (6, 9, 288, 70.00) ON CONFLICT DO NOTHING;
INSERT INTO "public"."ordprod" ("ordid", "pid", "amount", "supplierprice") VALUES (6, 100, 53, 61.00) ON CONFLICT DO NOTHING;
INSERT INTO "public"."ordprod" ("ordid", "pid", "amount", "supplierprice") VALUES (3, 6, 272, 63.00) ON CONFLICT DO NOTHING;
INSERT INTO "public"."ordprod" ("ordid", "pid", "amount", "supplierprice") VALUES (8, 84, 256, 63.00) ON CONFLICT DO NOTHING;
INSERT INTO "public"."ordprod" ("ordid", "pid", "amount", "supplierprice") VALUES (6, 48, 28, 58.00) ON CONFLICT DO NOTHING;
INSERT INTO "public"."ordprod" ("ordid", "pid", "amount", "supplierprice") VALUES (6, 66, 77, 63.00) ON CONFLICT DO NOTHING;
INSERT INTO "public"."ordprod" ("ordid", "pid", "amount", "supplierprice") VALUES (4, 1, 306, 59.00) ON CONFLICT DO NOTHING;
INSERT INTO "public"."ordprod" ("ordid", "pid", "amount", "supplierprice") VALUES (6, 123, 282, 59.00) ON CONFLICT DO NOTHING;
INSERT INTO "public"."ordprod" ("ordid", "pid", "amount", "supplierprice") VALUES (5, 83, 440, 58.00) ON CONFLICT DO NOTHING;
INSERT INTO "public"."ordprod" ("ordid", "pid", "amount", "supplierprice") VALUES (9, 96, 303, 66.00) ON CONFLICT DO NOTHING;
INSERT INTO "public"."ordprod" ("ordid", "pid", "amount", "supplierprice") VALUES (2, 13, 601, 57.00) ON CONFLICT DO NOTHING;
INSERT INTO "public"."ordprod" ("ordid", "pid", "amount", "supplierprice") VALUES (3, 12, 63, 65.00) ON CONFLICT DO NOTHING;
INSERT INTO "public"."ordprod" ("ordid", "pid", "amount", "supplierprice") VALUES (4, 70, 252, 64.00) ON CONFLICT DO NOTHING;
INSERT INTO "public"."ordprod" ("ordid", "pid", "amount", "supplierprice") VALUES (6, 53, 64, 69.00) ON CONFLICT DO NOTHING;
INSERT INTO "public"."ordprod" ("ordid", "pid", "amount", "supplierprice") VALUES (4, 95, 526, 67.00) ON CONFLICT DO NOTHING;
INSERT INTO "public"."ordprod" ("ordid", "pid", "amount", "supplierprice") VALUES (2, 59, 281, 64.00) ON CONFLICT DO NOTHING;
INSERT INTO "public"."ordprod" ("ordid", "pid", "amount", "supplierprice") VALUES (4, 121, 76, 64.00) ON CONFLICT DO NOTHING;
INSERT INTO "public"."ordprod" ("ordid", "pid", "amount", "supplierprice") VALUES (6, 112, 391, 59.00) ON CONFLICT DO NOTHING;
INSERT INTO "public"."ordprod" ("ordid", "pid", "amount", "supplierprice") VALUES (9, 116, 152, 64.00) ON CONFLICT DO NOTHING;
INSERT INTO "public"."ordprod" ("ordid", "pid", "amount", "supplierprice") VALUES (2, 30, 573, 54.00) ON CONFLICT DO NOTHING;
INSERT INTO "public"."ordprod" ("ordid", "pid", "amount", "supplierprice") VALUES (1, 63, 495, 68.00) ON CONFLICT DO NOTHING;
INSERT INTO "public"."ordprod" ("ordid", "pid", "amount", "supplierprice") VALUES (1, 55, 355, 57.00) ON CONFLICT DO NOTHING;
INSERT INTO "public"."ordprod" ("ordid", "pid", "amount", "supplierprice") VALUES (8, 74, 130, 54.00) ON CONFLICT DO NOTHING;
INSERT INTO "public"."ordprod" ("ordid", "pid", "amount", "supplierprice") VALUES (9, 76, 421, 68.00) ON CONFLICT DO NOTHING;
INSERT INTO "public"."ordprod" ("ordid", "pid", "amount", "supplierprice") VALUES (3, 50, 63, 56.00) ON CONFLICT DO NOTHING;
INSERT INTO "public"."ordprod" ("ordid", "pid", "amount", "supplierprice") VALUES (2, 102, 440, 53.00) ON CONFLICT DO NOTHING;
INSERT INTO "public"."ordprod" ("ordid", "pid", "amount", "supplierprice") VALUES (2, 68, 485, 57.00) ON CONFLICT DO NOTHING;
INSERT INTO "public"."ordprod" ("ordid", "pid", "amount", "supplierprice") VALUES (4, 82, 139, 64.00) ON CONFLICT DO NOTHING;
INSERT INTO "public"."ordprod" ("ordid", "pid", "amount", "supplierprice") VALUES (4, 3, 189, 60.00) ON CONFLICT DO NOTHING;
INSERT INTO "public"."ordprod" ("ordid", "pid", "amount", "supplierprice") VALUES (4, 61, 241, 60.00) ON CONFLICT DO NOTHING;
INSERT INTO "public"."ordprod" ("ordid", "pid", "amount", "supplierprice") VALUES (1, 34, 256, 52.00) ON CONFLICT DO NOTHING;
INSERT INTO "public"."ordprod" ("ordid", "pid", "amount", "supplierprice") VALUES (9, 59, 170, 69.00) ON CONFLICT DO NOTHING;
INSERT INTO "public"."ordprod" ("ordid", "pid", "amount", "supplierprice") VALUES (1, 97, 335, 66.00) ON CONFLICT DO NOTHING;
INSERT INTO "public"."ordprod" ("ordid", "pid", "amount", "supplierprice") VALUES (8, 41, 339, 70.00) ON CONFLICT DO NOTHING;
INSERT INTO "public"."ordprod" ("ordid", "pid", "amount", "supplierprice") VALUES (2, 81, 239, 50.00) ON CONFLICT DO NOTHING;
INSERT INTO "public"."ordprod" ("ordid", "pid", "amount", "supplierprice") VALUES (1, 87, 556, 65.00) ON CONFLICT DO NOTHING;
INSERT INTO "public"."ordprod" ("ordid", "pid", "amount", "supplierprice") VALUES (6, 119, 359, 68.00) ON CONFLICT DO NOTHING;
INSERT INTO "public"."ordprod" ("ordid", "pid", "amount", "supplierprice") VALUES (7, 23, 326, 62.00) ON CONFLICT DO NOTHING;
INSERT INTO "public"."ordprod" ("ordid", "pid", "amount", "supplierprice") VALUES (2, 53, 131, 55.00) ON CONFLICT DO NOTHING;
INSERT INTO "public"."ordprod" ("ordid", "pid", "amount", "supplierprice") VALUES (9, 103, 289, 56.00) ON CONFLICT DO NOTHING;
INSERT INTO "public"."ordprod" ("ordid", "pid", "amount", "supplierprice") VALUES (5, 68, 172, 52.00) ON CONFLICT DO NOTHING;
INSERT INTO "public"."ordprod" ("ordid", "pid", "amount", "supplierprice") VALUES (3, 97, 504, 67.00) ON CONFLICT DO NOTHING;
INSERT INTO "public"."ordprod" ("ordid", "pid", "amount", "supplierprice") VALUES (8, 129, 508, 61.00) ON CONFLICT DO NOTHING;
INSERT INTO "public"."ordprod" ("ordid", "pid", "amount", "supplierprice") VALUES (1, 107, 246, 55.00) ON CONFLICT DO NOTHING;
INSERT INTO "public"."ordprod" ("ordid", "pid", "amount", "supplierprice") VALUES (3, 19, 569, 55.00) ON CONFLICT DO NOTHING;
INSERT INTO "public"."ordprod" ("ordid", "pid", "amount", "supplierprice") VALUES (9, 31, 141, 57.00) ON CONFLICT DO NOTHING;
INSERT INTO "public"."ordprod" ("ordid", "pid", "amount", "supplierprice") VALUES (9, 66, 46, 69.00) ON CONFLICT DO NOTHING;
INSERT INTO "public"."ordprod" ("ordid", "pid", "amount", "supplierprice") VALUES (6, 34, 539, 62.00) ON CONFLICT DO NOTHING;
INSERT INTO "public"."ordprod" ("ordid", "pid", "amount", "supplierprice") VALUES (3, 125, 309, 51.00) ON CONFLICT DO NOTHING;
INSERT INTO "public"."ordprod" ("ordid", "pid", "amount", "supplierprice") VALUES (1, 124, 408, 67.00) ON CONFLICT DO NOTHING;
INSERT INTO "public"."ordprod" ("ordid", "pid", "amount", "supplierprice") VALUES (1, 96, 598, 58.00) ON CONFLICT DO NOTHING;
INSERT INTO "public"."ordprod" ("ordid", "pid", "amount", "supplierprice") VALUES (2, 110, 495, 69.00) ON CONFLICT DO NOTHING;
INSERT INTO "public"."ordprod" ("ordid", "pid", "amount", "supplierprice") VALUES (1, 23, 422, 66.00) ON CONFLICT DO NOTHING;
INSERT INTO "public"."ordprod" ("ordid", "pid", "amount", "supplierprice") VALUES (4, 4, 262, 68.00) ON CONFLICT DO NOTHING;
INSERT INTO "public"."ordprod" ("ordid", "pid", "amount", "supplierprice") VALUES (2, 69, 475, 52.00) ON CONFLICT DO NOTHING;
INSERT INTO "public"."ordprod" ("ordid", "pid", "amount", "supplierprice") VALUES (7, 121, 90, 69.00) ON CONFLICT DO NOTHING;
INSERT INTO "public"."ordprod" ("ordid", "pid", "amount", "supplierprice") VALUES (2, 83, 132, 55.00) ON CONFLICT DO NOTHING;
INSERT INTO "public"."ordprod" ("ordid", "pid", "amount", "supplierprice") VALUES (10, 114, 82, 55.00) ON CONFLICT DO NOTHING;
INSERT INTO "public"."ordprod" ("ordid", "pid", "amount", "supplierprice") VALUES (5, 90, 421, 70.00) ON CONFLICT DO NOTHING;
INSERT INTO "public"."ordprod" ("ordid", "pid", "amount", "supplierprice") VALUES (7, 93, 248, 57.00) ON CONFLICT DO NOTHING;
INSERT INTO "public"."ordprod" ("ordid", "pid", "amount", "supplierprice") VALUES (9, 99, 539, 61.00) ON CONFLICT DO NOTHING;
INSERT INTO "public"."ordprod" ("ordid", "pid", "amount", "supplierprice") VALUES (3, 61, 562, 70.00) ON CONFLICT DO NOTHING;
INSERT INTO "public"."ordprod" ("ordid", "pid", "amount", "supplierprice") VALUES (5, 58, 185, 69.00) ON CONFLICT DO NOTHING;
INSERT INTO "public"."ordprod" ("ordid", "pid", "amount", "supplierprice") VALUES (5, 65, 34, 51.00) ON CONFLICT DO NOTHING;
INSERT INTO "public"."ordprod" ("ordid", "pid", "amount", "supplierprice") VALUES (8, 100, 399, 68.00) ON CONFLICT DO NOTHING;
INSERT INTO "public"."ordprod" ("ordid", "pid", "amount", "supplierprice") VALUES (1, 6, 177, 60.00) ON CONFLICT DO NOTHING;
INSERT INTO "public"."ordprod" ("ordid", "pid", "amount", "supplierprice") VALUES (1, 45, 577, 51.00) ON CONFLICT DO NOTHING;
INSERT INTO "public"."ordprod" ("ordid", "pid", "amount", "supplierprice") VALUES (7, 86, 130, 67.00) ON CONFLICT DO NOTHING;
INSERT INTO "public"."ordprod" ("ordid", "pid", "amount", "supplierprice") VALUES (8, 7, 7, 59.00) ON CONFLICT DO NOTHING;
INSERT INTO "public"."ordprod" ("ordid", "pid", "amount", "supplierprice") VALUES (1, 77, 601, 55.00) ON CONFLICT DO NOTHING;
INSERT INTO "public"."ordprod" ("ordid", "pid", "amount", "supplierprice") VALUES (3, 84, 351, 50.00) ON CONFLICT DO NOTHING;
INSERT INTO "public"."ordprod" ("ordid", "pid", "amount", "supplierprice") VALUES (1, 121, 502, 62.00) ON CONFLICT DO NOTHING;
INSERT INTO "public"."ordprod" ("ordid", "pid", "amount", "supplierprice") VALUES (8, 40, 418, 63.00) ON CONFLICT DO NOTHING;
INSERT INTO "public"."ordprod" ("ordid", "pid", "amount", "supplierprice") VALUES (5, 122, 612, 55.00) ON CONFLICT DO NOTHING;
INSERT INTO "public"."ordprod" ("ordid", "pid", "amount", "supplierprice") VALUES (9, 9, 19, 68.00) ON CONFLICT DO NOTHING;
INSERT INTO "public"."ordprod" ("ordid", "pid", "amount", "supplierprice") VALUES (6, 80, 391, 68.00) ON CONFLICT DO NOTHING;
INSERT INTO "public"."ordprod" ("ordid", "pid", "amount", "supplierprice") VALUES (7, 18, 467, 57.00) ON CONFLICT DO NOTHING;
INSERT INTO "public"."ordprod" ("ordid", "pid", "amount", "supplierprice") VALUES (9, 71, 480, 59.00) ON CONFLICT DO NOTHING;
INSERT INTO "public"."ordprod" ("ordid", "pid", "amount", "supplierprice") VALUES (5, 23, 457, 56.00) ON CONFLICT DO NOTHING;
INSERT INTO "public"."ordprod" ("ordid", "pid", "amount", "supplierprice") VALUES (7, 59, 584, 62.00) ON CONFLICT DO NOTHING;
INSERT INTO "public"."ordprod" ("ordid", "pid", "amount", "supplierprice") VALUES (2, 17, 360, 55.00) ON CONFLICT DO NOTHING;
INSERT INTO "public"."ordprod" ("ordid", "pid", "amount", "supplierprice") VALUES (7, 51, 439, 62.00) ON CONFLICT DO NOTHING;
INSERT INTO "public"."ordprod" ("ordid", "pid", "amount", "supplierprice") VALUES (7, 36, 583, 51.00) ON CONFLICT DO NOTHING;
INSERT INTO "public"."ordprod" ("ordid", "pid", "amount", "supplierprice") VALUES (1, 91, 144, 66.00) ON CONFLICT DO NOTHING;
INSERT INTO "public"."ordprod" ("ordid", "pid", "amount", "supplierprice") VALUES (4, 98, 149, 60.00) ON CONFLICT DO NOTHING;
INSERT INTO "public"."ordprod" ("ordid", "pid", "amount", "supplierprice") VALUES (1, 10, 55, 63.00) ON CONFLICT DO NOTHING;
INSERT INTO "public"."ordprod" ("ordid", "pid", "amount", "supplierprice") VALUES (7, 119, 87, 55.00) ON CONFLICT DO NOTHING;
INSERT INTO "public"."ordprod" ("ordid", "pid", "amount", "supplierprice") VALUES (3, 127, 384, 67.00) ON CONFLICT DO NOTHING;
INSERT INTO "public"."ordprod" ("ordid", "pid", "amount", "supplierprice") VALUES (4, 27, 217, 68.00) ON CONFLICT DO NOTHING;
INSERT INTO "public"."ordprod" ("ordid", "pid", "amount", "supplierprice") VALUES (8, 126, 342, 50.00) ON CONFLICT DO NOTHING;
INSERT INTO "public"."ordprod" ("ordid", "pid", "amount", "supplierprice") VALUES (7, 126, 335, 55.00) ON CONFLICT DO NOTHING;
INSERT INTO "public"."ordprod" ("ordid", "pid", "amount", "supplierprice") VALUES (1, 17, 132, 53.00) ON CONFLICT DO NOTHING;
INSERT INTO "public"."ordprod" ("ordid", "pid", "amount", "supplierprice") VALUES (8, 12, 60, 59.00) ON CONFLICT DO NOTHING;
INSERT INTO "public"."ordprod" ("ordid", "pid", "amount", "supplierprice") VALUES (9, 21, 413, 58.00) ON CONFLICT DO NOTHING;
INSERT INTO "public"."ordprod" ("ordid", "pid", "amount", "supplierprice") VALUES (1, 61, 518, 69.00) ON CONFLICT DO NOTHING;
INSERT INTO "public"."ordprod" ("ordid", "pid", "amount", "supplierprice") VALUES (2, 128, 435, 57.00) ON CONFLICT DO NOTHING;
INSERT INTO "public"."ordprod" ("ordid", "pid", "amount", "supplierprice") VALUES (5, 70, 201, 61.00) ON CONFLICT DO NOTHING;
INSERT INTO "public"."ordprod" ("ordid", "pid", "amount", "supplierprice") VALUES (3, 107, 260, 69.00) ON CONFLICT DO NOTHING;
INSERT INTO "public"."ordprod" ("ordid", "pid", "amount", "supplierprice") VALUES (8, 42, 57, 70.00) ON CONFLICT DO NOTHING;
INSERT INTO "public"."ordprod" ("ordid", "pid", "amount", "supplierprice") VALUES (8, 122, 418, 69.00) ON CONFLICT DO NOTHING;
INSERT INTO "public"."ordprod" ("ordid", "pid", "amount", "supplierprice") VALUES (2, 118, 35, 58.00) ON CONFLICT DO NOTHING;
INSERT INTO "public"."ordprod" ("ordid", "pid", "amount", "supplierprice") VALUES (3, 25, 24, 70.00) ON CONFLICT DO NOTHING;
INSERT INTO "public"."ordprod" ("ordid", "pid", "amount", "supplierprice") VALUES (4, 46, 332, 67.00) ON CONFLICT DO NOTHING;
INSERT INTO "public"."ordprod" ("ordid", "pid", "amount", "supplierprice") VALUES (8, 49, 500, 61.00) ON CONFLICT DO NOTHING;
INSERT INTO "public"."ordprod" ("ordid", "pid", "amount", "supplierprice") VALUES (6, 54, 78, 59.00) ON CONFLICT DO NOTHING;
INSERT INTO "public"."ordprod" ("ordid", "pid", "amount", "supplierprice") VALUES (2, 9, 167, 70.00) ON CONFLICT DO NOTHING;
INSERT INTO "public"."ordprod" ("ordid", "pid", "amount", "supplierprice") VALUES (9, 48, 23, 69.00) ON CONFLICT DO NOTHING;
INSERT INTO "public"."ordprod" ("ordid", "pid", "amount", "supplierprice") VALUES (2, 28, 129, 69.00) ON CONFLICT DO NOTHING;
INSERT INTO "public"."ordprod" ("ordid", "pid", "amount", "supplierprice") VALUES (3, 79, 586, 56.00) ON CONFLICT DO NOTHING;
INSERT INTO "public"."ordprod" ("ordid", "pid", "amount", "supplierprice") VALUES (7, 6, 421, 59.00) ON CONFLICT DO NOTHING;
INSERT INTO "public"."ordprod" ("ordid", "pid", "amount", "supplierprice") VALUES (4, 123, 305, 57.00) ON CONFLICT DO NOTHING;
INSERT INTO "public"."ordprod" ("ordid", "pid", "amount", "supplierprice") VALUES (1, 116, 32, 54.00) ON CONFLICT DO NOTHING;
INSERT INTO "public"."ordprod" ("ordid", "pid", "amount", "supplierprice") VALUES (4, 55, 542, 57.00) ON CONFLICT DO NOTHING;
INSERT INTO "public"."ordprod" ("ordid", "pid", "amount", "supplierprice") VALUES (7, 48, 3, 61.00) ON CONFLICT DO NOTHING;
INSERT INTO "public"."ordprod" ("ordid", "pid", "amount", "supplierprice") VALUES (6, 38, 144, 67.00) ON CONFLICT DO NOTHING;
INSERT INTO "public"."ordprod" ("ordid", "pid", "amount", "supplierprice") VALUES (3, 24, 207, 67.00) ON CONFLICT DO NOTHING;
INSERT INTO "public"."ordprod" ("ordid", "pid", "amount", "supplierprice") VALUES (1, 24, 611, 65.00) ON CONFLICT DO NOTHING;
INSERT INTO "public"."ordprod" ("ordid", "pid", "amount", "supplierprice") VALUES (6, 88, 249, 69.00) ON CONFLICT DO NOTHING;
INSERT INTO "public"."ordprod" ("ordid", "pid", "amount", "supplierprice") VALUES (4, 101, 612, 51.00) ON CONFLICT DO NOTHING;
INSERT INTO "public"."ordprod" ("ordid", "pid", "amount", "supplierprice") VALUES (8, 34, 414, 58.00) ON CONFLICT DO NOTHING;
INSERT INTO "public"."ordprod" ("ordid", "pid", "amount", "supplierprice") VALUES (5, 100, 303, 67.00) ON CONFLICT DO NOTHING;
INSERT INTO "public"."ordprod" ("ordid", "pid", "amount", "supplierprice") VALUES (7, 69, 407, 69.00) ON CONFLICT DO NOTHING;
INSERT INTO "public"."ordprod" ("ordid", "pid", "amount", "supplierprice") VALUES (6, 130, 399, 67.00) ON CONFLICT DO NOTHING;
INSERT INTO "public"."ordprod" ("ordid", "pid", "amount", "supplierprice") VALUES (6, 46, 283, 70.00) ON CONFLICT DO NOTHING;
INSERT INTO "public"."ordprod" ("ordid", "pid", "amount", "supplierprice") VALUES (1, 8, 440, 61.00) ON CONFLICT DO NOTHING;
INSERT INTO "public"."ordprod" ("ordid", "pid", "amount", "supplierprice") VALUES (9, 34, 28, 66.00) ON CONFLICT DO NOTHING;
INSERT INTO "public"."ordprod" ("ordid", "pid", "amount", "supplierprice") VALUES (7, 25, 18, 67.00) ON CONFLICT DO NOTHING;
INSERT INTO "public"."ordprod" ("ordid", "pid", "amount", "supplierprice") VALUES (2, 103, 241, 50.00) ON CONFLICT DO NOTHING;
INSERT INTO "public"."ordprod" ("ordid", "pid", "amount", "supplierprice") VALUES (3, 36, 474, 54.00) ON CONFLICT DO NOTHING;
INSERT INTO "public"."ordprod" ("ordid", "pid", "amount", "supplierprice") VALUES (3, 44, 3, 50.00) ON CONFLICT DO NOTHING;
INSERT INTO "public"."ordprod" ("ordid", "pid", "amount", "supplierprice") VALUES (7, 46, 88, 69.00) ON CONFLICT DO NOTHING;
INSERT INTO "public"."ordprod" ("ordid", "pid", "amount", "supplierprice") VALUES (7, 45, 398, 58.00) ON CONFLICT DO NOTHING;
INSERT INTO "public"."ordprod" ("ordid", "pid", "amount", "supplierprice") VALUES (3, 123, 429, 68.00) ON CONFLICT DO NOTHING;
INSERT INTO "public"."ordprod" ("ordid", "pid", "amount", "supplierprice") VALUES (5, 98, 47, 52.00) ON CONFLICT DO NOTHING;
INSERT INTO "public"."ordprod" ("ordid", "pid", "amount", "supplierprice") VALUES (5, 124, 63, 64.00) ON CONFLICT DO NOTHING;
INSERT INTO "public"."ordprod" ("ordid", "pid", "amount", "supplierprice") VALUES (4, 107, 301, 57.00) ON CONFLICT DO NOTHING;
INSERT INTO "public"."ordprod" ("ordid", "pid", "amount", "supplierprice") VALUES (1, 19, 539, 57.00) ON CONFLICT DO NOTHING;
INSERT INTO "public"."ordprod" ("ordid", "pid", "amount", "supplierprice") VALUES (7, 87, 7, 54.00) ON CONFLICT DO NOTHING;
INSERT INTO "public"."ordprod" ("ordid", "pid", "amount", "supplierprice") VALUES (8, 72, 196, 63.00) ON CONFLICT DO NOTHING;
INSERT INTO "public"."ordprod" ("ordid", "pid", "amount", "supplierprice") VALUES (6, 82, 438, 54.00) ON CONFLICT DO NOTHING;
INSERT INTO "public"."ordprod" ("ordid", "pid", "amount", "supplierprice") VALUES (1, 102, 507, 51.00) ON CONFLICT DO NOTHING;
INSERT INTO "public"."ordprod" ("ordid", "pid", "amount", "supplierprice") VALUES (5, 47, 43, 58.00) ON CONFLICT DO NOTHING;
INSERT INTO "public"."ordprod" ("ordid", "pid", "amount", "supplierprice") VALUES (9, 87, 351, 58.00) ON CONFLICT DO NOTHING;
INSERT INTO "public"."ordprod" ("ordid", "pid", "amount", "supplierprice") VALUES (1, 108, 256, 70.00) ON CONFLICT DO NOTHING;
INSERT INTO "public"."ordprod" ("ordid", "pid", "amount", "supplierprice") VALUES (6, 85, 16, 63.00) ON CONFLICT DO NOTHING;
INSERT INTO "public"."ordprod" ("ordid", "pid", "amount", "supplierprice") VALUES (2, 119, 246, 70.00) ON CONFLICT DO NOTHING;
INSERT INTO "public"."ordprod" ("ordid", "pid", "amount", "supplierprice") VALUES (6, 37, 522, 60.00) ON CONFLICT DO NOTHING;
INSERT INTO "public"."ordprod" ("ordid", "pid", "amount", "supplierprice") VALUES (6, 27, 384, 66.00) ON CONFLICT DO NOTHING;
INSERT INTO "public"."ordprod" ("ordid", "pid", "amount", "supplierprice") VALUES (1, 43, 408, 52.00) ON CONFLICT DO NOTHING;
INSERT INTO "public"."ordprod" ("ordid", "pid", "amount", "supplierprice") VALUES (6, 111, 391, 55.00) ON CONFLICT DO NOTHING;
INSERT INTO "public"."ordprod" ("ordid", "pid", "amount", "supplierprice") VALUES (2, 51, 349, 54.00) ON CONFLICT DO NOTHING;
INSERT INTO "public"."ordprod" ("ordid", "pid", "amount", "supplierprice") VALUES (3, 73, 203, 54.00) ON CONFLICT DO NOTHING;
INSERT INTO "public"."ordprod" ("ordid", "pid", "amount", "supplierprice") VALUES (1, 16, 326, 64.00) ON CONFLICT DO NOTHING;
INSERT INTO "public"."ordprod" ("ordid", "pid", "amount", "supplierprice") VALUES (1, 111, 419, 68.00) ON CONFLICT DO NOTHING;
INSERT INTO "public"."ordprod" ("ordid", "pid", "amount", "supplierprice") VALUES (5, 78, 189, 69.00) ON CONFLICT DO NOTHING;
INSERT INTO "public"."ordprod" ("ordid", "pid", "amount", "supplierprice") VALUES (4, 33, 569, 65.00) ON CONFLICT DO NOTHING;
INSERT INTO "public"."ordprod" ("ordid", "pid", "amount", "supplierprice") VALUES (9, 109, 87, 57.00) ON CONFLICT DO NOTHING;
INSERT INTO "public"."ordprod" ("ordid", "pid", "amount", "supplierprice") VALUES (8, 48, 297, 61.00) ON CONFLICT DO NOTHING;
INSERT INTO "public"."ordprod" ("ordid", "pid", "amount", "supplierprice") VALUES (4, 31, 512, 54.00) ON CONFLICT DO NOTHING;
INSERT INTO "public"."ordprod" ("ordid", "pid", "amount", "supplierprice") VALUES (7, 130, 163, 55.00) ON CONFLICT DO NOTHING;
INSERT INTO "public"."ordprod" ("ordid", "pid", "amount", "supplierprice") VALUES (6, 35, 20, 59.00) ON CONFLICT DO NOTHING;
INSERT INTO "public"."ordprod" ("ordid", "pid", "amount", "supplierprice") VALUES (6, 65, 229, 50.00) ON CONFLICT DO NOTHING;
INSERT INTO "public"."ordprod" ("ordid", "pid", "amount", "supplierprice") VALUES (5, 59, 466, 70.00) ON CONFLICT DO NOTHING;
INSERT INTO "public"."ordprod" ("ordid", "pid", "amount", "supplierprice") VALUES (3, 42, 241, 70.00) ON CONFLICT DO NOTHING;
INSERT INTO "public"."ordprod" ("ordid", "pid", "amount", "supplierprice") VALUES (5, 50, 514, 50.00) ON CONFLICT DO NOTHING;
INSERT INTO "public"."ordprod" ("ordid", "pid", "amount", "supplierprice") VALUES (9, 11, 20, 70.00) ON CONFLICT DO NOTHING;
INSERT INTO "public"."ordprod" ("ordid", "pid", "amount", "supplierprice") VALUES (9, 118, 378, 59.00) ON CONFLICT DO NOTHING;
INSERT INTO "public"."ordprod" ("ordid", "pid", "amount", "supplierprice") VALUES (4, 57, 491, 54.00) ON CONFLICT DO NOTHING;
INSERT INTO "public"."ordprod" ("ordid", "pid", "amount", "supplierprice") VALUES (2, 116, 547, 54.00) ON CONFLICT DO NOTHING;
INSERT INTO "public"."ordprod" ("ordid", "pid", "amount", "supplierprice") VALUES (3, 122, 306, 64.00) ON CONFLICT DO NOTHING;
INSERT INTO "public"."ordprod" ("ordid", "pid", "amount", "supplierprice") VALUES (8, 22, 321, 50.00) ON CONFLICT DO NOTHING;
INSERT INTO "public"."ordprod" ("ordid", "pid", "amount", "supplierprice") VALUES (5, 110, 541, 68.00) ON CONFLICT DO NOTHING;
INSERT INTO "public"."ordprod" ("ordid", "pid", "amount", "supplierprice") VALUES (8, 57, 142, 59.00) ON CONFLICT DO NOTHING;
INSERT INTO "public"."ordprod" ("ordid", "pid", "amount", "supplierprice") VALUES (1, 90, 48, 64.00) ON CONFLICT DO NOTHING;
INSERT INTO "public"."ordprod" ("ordid", "pid", "amount", "supplierprice") VALUES (3, 70, 266, 51.00) ON CONFLICT DO NOTHING;
INSERT INTO "public"."ordprod" ("ordid", "pid", "amount", "supplierprice") VALUES (8, 94, 418, 65.00) ON CONFLICT DO NOTHING;
INSERT INTO "public"."ordprod" ("ordid", "pid", "amount", "supplierprice") VALUES (5, 46, 451, 57.00) ON CONFLICT DO NOTHING;
INSERT INTO "public"."ordprod" ("ordid", "pid", "amount", "supplierprice") VALUES (3, 15, 248, 57.00) ON CONFLICT DO NOTHING;
INSERT INTO "public"."ordprod" ("ordid", "pid", "amount", "supplierprice") VALUES (1, 46, 499, 50.00) ON CONFLICT DO NOTHING;
INSERT INTO "public"."ordprod" ("ordid", "pid", "amount", "supplierprice") VALUES (4, 67, 2, 51.00) ON CONFLICT DO NOTHING;
INSERT INTO "public"."ordprod" ("ordid", "pid", "amount", "supplierprice") VALUES (7, 91, 67, 70.00) ON CONFLICT DO NOTHING;
INSERT INTO "public"."ordprod" ("ordid", "pid", "amount", "supplierprice") VALUES (7, 83, 3, 70.00) ON CONFLICT DO NOTHING;
INSERT INTO "public"."ordprod" ("ordid", "pid", "amount", "supplierprice") VALUES (3, 49, 251, 56.00) ON CONFLICT DO NOTHING;
INSERT INTO "public"."ordprod" ("ordid", "pid", "amount", "supplierprice") VALUES (9, 51, 30, 63.00) ON CONFLICT DO NOTHING;
INSERT INTO "public"."ordprod" ("ordid", "pid", "amount", "supplierprice") VALUES (7, 90, 110, 52.00) ON CONFLICT DO NOTHING;
INSERT INTO "public"."ordprod" ("ordid", "pid", "amount", "supplierprice") VALUES (4, 91, 203, 69.00) ON CONFLICT DO NOTHING;
INSERT INTO "public"."ordprod" ("ordid", "pid", "amount", "supplierprice") VALUES (1, 50, 573, 70.00) ON CONFLICT DO NOTHING;
INSERT INTO "public"."ordprod" ("ordid", "pid", "amount", "supplierprice") VALUES (4, 32, 48, 64.00) ON CONFLICT DO NOTHING;
INSERT INTO "public"."ordprod" ("ordid", "pid", "amount", "supplierprice") VALUES (5, 41, 142, 56.00) ON CONFLICT DO NOTHING;
INSERT INTO "public"."ordprod" ("ordid", "pid", "amount", "supplierprice") VALUES (1, 95, 547, 68.00) ON CONFLICT DO NOTHING;
INSERT INTO "public"."ordprod" ("ordid", "pid", "amount", "supplierprice") VALUES (3, 34, 522, 57.00) ON CONFLICT DO NOTHING;
INSERT INTO "public"."ordprod" ("ordid", "pid", "amount", "supplierprice") VALUES (3, 7, 309, 57.00) ON CONFLICT DO NOTHING;
INSERT INTO "public"."ordprod" ("ordid", "pid", "amount", "supplierprice") VALUES (1, 21, 326, 68.00) ON CONFLICT DO NOTHING;
INSERT INTO "public"."ordprod" ("ordid", "pid", "amount", "supplierprice") VALUES (8, 123, 326, 65.00) ON CONFLICT DO NOTHING;
INSERT INTO "public"."ordprod" ("ordid", "pid", "amount", "supplierprice") VALUES (8, 128, 175, 54.00) ON CONFLICT DO NOTHING;
INSERT INTO "public"."ordprod" ("ordid", "pid", "amount", "supplierprice") VALUES (9, 54, 131, 66.00) ON CONFLICT DO NOTHING;
INSERT INTO "public"."ordprod" ("ordid", "pid", "amount", "supplierprice") VALUES (5, 7, 474, 52.00) ON CONFLICT DO NOTHING;
INSERT INTO "public"."ordprod" ("ordid", "pid", "amount", "supplierprice") VALUES (8, 85, 131, 58.00) ON CONFLICT DO NOTHING;
INSERT INTO "public"."ordprod" ("ordid", "pid", "amount", "supplierprice") VALUES (2, 91, 297, 63.00) ON CONFLICT DO NOTHING;
INSERT INTO "public"."ordprod" ("ordid", "pid", "amount", "supplierprice") VALUES (8, 71, 272, 60.00) ON CONFLICT DO NOTHING;
INSERT INTO "public"."ordprod" ("ordid", "pid", "amount", "supplierprice") VALUES (8, 32, 258, 54.00) ON CONFLICT DO NOTHING;
INSERT INTO "public"."ordprod" ("ordid", "pid", "amount", "supplierprice") VALUES (9, 88, 532, 66.00) ON CONFLICT DO NOTHING;
INSERT INTO "public"."ordprod" ("ordid", "pid", "amount", "supplierprice") VALUES (7, 61, 576, 56.00) ON CONFLICT DO NOTHING;
INSERT INTO "public"."ordprod" ("ordid", "pid", "amount", "supplierprice") VALUES (8, 110, 98, 62.00) ON CONFLICT DO NOTHING;
INSERT INTO "public"."ordprod" ("ordid", "pid", "amount", "supplierprice") VALUES (4, 49, 539, 69.00) ON CONFLICT DO NOTHING;
INSERT INTO "public"."ordprod" ("ordid", "pid", "amount", "supplierprice") VALUES (4, 65, 495, 60.00) ON CONFLICT DO NOTHING;
INSERT INTO "public"."ordprod" ("ordid", "pid", "amount", "supplierprice") VALUES (6, 19, 288, 54.00) ON CONFLICT DO NOTHING;
INSERT INTO "public"."ordprod" ("ordid", "pid", "amount", "supplierprice") VALUES (6, 125, 420, 59.00) ON CONFLICT DO NOTHING;
INSERT INTO "public"."ordprod" ("ordid", "pid", "amount", "supplierprice") VALUES (3, 52, 380, 56.00) ON CONFLICT DO NOTHING;
INSERT INTO "public"."ordprod" ("ordid", "pid", "amount", "supplierprice") VALUES (1, 120, 220, 54.00) ON CONFLICT DO NOTHING;
INSERT INTO "public"."ordprod" ("ordid", "pid", "amount", "supplierprice") VALUES (7, 122, 176, 65.00) ON CONFLICT DO NOTHING;
INSERT INTO "public"."ordprod" ("ordid", "pid", "amount", "supplierprice") VALUES (6, 8, 244, 66.00) ON CONFLICT DO NOTHING;
INSERT INTO "public"."ordprod" ("ordid", "pid", "amount", "supplierprice") VALUES (1, 66, 266, 63.00) ON CONFLICT DO NOTHING;
INSERT INTO "public"."ordprod" ("ordid", "pid", "amount", "supplierprice") VALUES (5, 89, 499, 51.00) ON CONFLICT DO NOTHING;
INSERT INTO "public"."ordprod" ("ordid", "pid", "amount", "supplierprice") VALUES (6, 110, 272, 54.00) ON CONFLICT DO NOTHING;
INSERT INTO "public"."ordprod" ("ordid", "pid", "amount", "supplierprice") VALUES (1, 13, 57, 67.00) ON CONFLICT DO NOTHING;
INSERT INTO "public"."ordprod" ("ordid", "pid", "amount", "supplierprice") VALUES (9, 72, 598, 51.00) ON CONFLICT DO NOTHING;
INSERT INTO "public"."ordprod" ("ordid", "pid", "amount", "supplierprice") VALUES (9, 73, 167, 53.00) ON CONFLICT DO NOTHING;
INSERT INTO "public"."ordprod" ("ordid", "pid", "amount", "supplierprice") VALUES (8, 18, 118, 53.00) ON CONFLICT DO NOTHING;
INSERT INTO "public"."ordprod" ("ordid", "pid", "amount", "supplierprice") VALUES (6, 122, 504, 69.00) ON CONFLICT DO NOTHING;
INSERT INTO "public"."ordprod" ("ordid", "pid", "amount", "supplierprice") VALUES (14, 14, 1, 289.00) ON CONFLICT DO NOTHING;
INSERT INTO "public"."ordprod" ("ordid", "pid", "amount", "supplierprice") VALUES (28, 3, 1, 11.00) ON CONFLICT DO NOTHING;
INSERT INTO "public"."ordprod" ("ordid", "pid", "amount", "supplierprice") VALUES (14, 15, 2, 232.00) ON CONFLICT DO NOTHING;
INSERT INTO "public"."ordprod" ("ordid", "pid", "amount", "supplierprice") VALUES (11, 16, 2, 115.00) ON CONFLICT DO NOTHING;
INSERT INTO "public"."ordprod" ("ordid", "pid", "amount", "supplierprice") VALUES (18, 17, 2, 129.00) ON CONFLICT DO NOTHING;
INSERT INTO "public"."ordprod" ("ordid", "pid", "amount", "supplierprice") VALUES (15, 15, 2, 6.00) ON CONFLICT DO NOTHING;
INSERT INTO "public"."ordprod" ("ordid", "pid", "amount", "supplierprice") VALUES (24, 10, 2, 283.00) ON CONFLICT DO NOTHING;
INSERT INTO "public"."ordprod" ("ordid", "pid", "amount", "supplierprice") VALUES (28, 23, 2, 365.00) ON CONFLICT DO NOTHING;
INSERT INTO "public"."ordprod" ("ordid", "pid", "amount", "supplierprice") VALUES (24, 15, 2, 252.00) ON CONFLICT DO NOTHING;
INSERT INTO "public"."ordprod" ("ordid", "pid", "amount", "supplierprice") VALUES (27, 16, 2, 139.00) ON CONFLICT DO NOTHING;
INSERT INTO "public"."ordprod" ("ordid", "pid", "amount", "supplierprice") VALUES (24, 16, 2, 162.00) ON CONFLICT DO NOTHING;
INSERT INTO "public"."ordprod" ("ordid", "pid", "amount", "supplierprice") VALUES (16, 14, 2, 226.00) ON CONFLICT DO NOTHING;
INSERT INTO "public"."ordprod" ("ordid", "pid", "amount", "supplierprice") VALUES (24, 9, 2, 363.00) ON CONFLICT DO NOTHING;
INSERT INTO "public"."ordprod" ("ordid", "pid", "amount", "supplierprice") VALUES (26, 5, 2, 343.00) ON CONFLICT DO NOTHING;
INSERT INTO "public"."ordprod" ("ordid", "pid", "amount", "supplierprice") VALUES (11, 13, 2, 244.00) ON CONFLICT DO NOTHING;
INSERT INTO "public"."ordprod" ("ordid", "pid", "amount", "supplierprice") VALUES (29, 4, 3, 169.00) ON CONFLICT DO NOTHING;
INSERT INTO "public"."ordprod" ("ordid", "pid", "amount", "supplierprice") VALUES (19, 11, 3, 171.00) ON CONFLICT DO NOTHING;
INSERT INTO "public"."ordprod" ("ordid", "pid", "amount", "supplierprice") VALUES (25, 3, 3, 235.00) ON CONFLICT DO NOTHING;
INSERT INTO "public"."ordprod" ("ordid", "pid", "amount", "supplierprice") VALUES (26, 3, 3, 193.00) ON CONFLICT DO NOTHING;
INSERT INTO "public"."ordprod" ("ordid", "pid", "amount", "supplierprice") VALUES (26, 24, 3, 236.00) ON CONFLICT DO NOTHING;
INSERT INTO "public"."ordprod" ("ordid", "pid", "amount", "supplierprice") VALUES (16, 3, 3, 258.00) ON CONFLICT DO NOTHING;
INSERT INTO "public"."ordprod" ("ordid", "pid", "amount", "supplierprice") VALUES (24, 14, 3, 85.00) ON CONFLICT DO NOTHING;
INSERT INTO "public"."ordprod" ("ordid", "pid", "amount", "supplierprice") VALUES (29, 7, 3, 88.00) ON CONFLICT DO NOTHING;
INSERT INTO "public"."ordprod" ("ordid", "pid", "amount", "supplierprice") VALUES (12, 17, 3, 259.00) ON CONFLICT DO NOTHING;
INSERT INTO "public"."ordprod" ("ordid", "pid", "amount", "supplierprice") VALUES (14, 13, 3, 170.00) ON CONFLICT DO NOTHING;
INSERT INTO "public"."ordprod" ("ordid", "pid", "amount", "supplierprice") VALUES (27, 6, 3, 310.00) ON CONFLICT DO NOTHING;
INSERT INTO "public"."ordprod" ("ordid", "pid", "amount", "supplierprice") VALUES (29, 16, 3, 79.00) ON CONFLICT DO NOTHING;
INSERT INTO "public"."ordprod" ("ordid", "pid", "amount", "supplierprice") VALUES (26, 7, 3, 125.00) ON CONFLICT DO NOTHING;
INSERT INTO "public"."ordprod" ("ordid", "pid", "amount", "supplierprice") VALUES (22, 2, 3, 370.00) ON CONFLICT DO NOTHING;
INSERT INTO "public"."ordprod" ("ordid", "pid", "amount", "supplierprice") VALUES (15, 3, 3, 204.00) ON CONFLICT DO NOTHING;
INSERT INTO "public"."ordprod" ("ordid", "pid", "amount", "supplierprice") VALUES (17, 4, 3, 275.00) ON CONFLICT DO NOTHING;
INSERT INTO "public"."ordprod" ("ordid", "pid", "amount", "supplierprice") VALUES (16, 13, 3, 276.00) ON CONFLICT DO NOTHING;
INSERT INTO "public"."ordprod" ("ordid", "pid", "amount", "supplierprice") VALUES (29, 14, 3, 59.00) ON CONFLICT DO NOTHING;
INSERT INTO "public"."ordprod" ("ordid", "pid", "amount", "supplierprice") VALUES (23, 5, 4, 136.00) ON CONFLICT DO NOTHING;
INSERT INTO "public"."ordprod" ("ordid", "pid", "amount", "supplierprice") VALUES (21, 17, 4, 164.00) ON CONFLICT DO NOTHING;
INSERT INTO "public"."ordprod" ("ordid", "pid", "amount", "supplierprice") VALUES (18, 21, 4, 256.00) ON CONFLICT DO NOTHING;
INSERT INTO "public"."ordprod" ("ordid", "pid", "amount", "supplierprice") VALUES (14, 7, 4, 70.00) ON CONFLICT DO NOTHING;
INSERT INTO "public"."ordprod" ("ordid", "pid", "amount", "supplierprice") VALUES (15, 10, 4, 283.00) ON CONFLICT DO NOTHING;
INSERT INTO "public"."ordprod" ("ordid", "pid", "amount", "supplierprice") VALUES (27, 4, 4, 196.00) ON CONFLICT DO NOTHING;
INSERT INTO "public"."ordprod" ("ordid", "pid", "amount", "supplierprice") VALUES (20, 4, 4, 27.00) ON CONFLICT DO NOTHING;
INSERT INTO "public"."ordprod" ("ordid", "pid", "amount", "supplierprice") VALUES (19, 13, 5, 14.00) ON CONFLICT DO NOTHING;
INSERT INTO "public"."ordprod" ("ordid", "pid", "amount", "supplierprice") VALUES (30, 9, 5, 360.00) ON CONFLICT DO NOTHING;
INSERT INTO "public"."ordprod" ("ordid", "pid", "amount", "supplierprice") VALUES (14, 16, 5, 200.00) ON CONFLICT DO NOTHING;
INSERT INTO "public"."ordprod" ("ordid", "pid", "amount", "supplierprice") VALUES (19, 10, 5, 102.00) ON CONFLICT DO NOTHING;
INSERT INTO "public"."ordprod" ("ordid", "pid", "amount", "supplierprice") VALUES (15, 20, 5, 119.00) ON CONFLICT DO NOTHING;
INSERT INTO "public"."ordprod" ("ordid", "pid", "amount", "supplierprice") VALUES (20, 20, 5, 47.00) ON CONFLICT DO NOTHING;
INSERT INTO "public"."ordprod" ("ordid", "pid", "amount", "supplierprice") VALUES (17, 7, 5, 390.00) ON CONFLICT DO NOTHING;
INSERT INTO "public"."ordprod" ("ordid", "pid", "amount", "supplierprice") VALUES (16, 4, 5, 219.00) ON CONFLICT DO NOTHING;
INSERT INTO "public"."ordprod" ("ordid", "pid", "amount", "supplierprice") VALUES (30, 24, 5, 236.00) ON CONFLICT DO NOTHING;
INSERT INTO "public"."ordprod" ("ordid", "pid", "amount", "supplierprice") VALUES (23, 25, 5, 183.00) ON CONFLICT DO NOTHING;
INSERT INTO "public"."ordprod" ("ordid", "pid", "amount", "supplierprice") VALUES (14, 21, 5, 117.00) ON CONFLICT DO NOTHING;
INSERT INTO "public"."ordprod" ("ordid", "pid", "amount", "supplierprice") VALUES (23, 14, 5, 59.00) ON CONFLICT DO NOTHING;
INSERT INTO "public"."ordprod" ("ordid", "pid", "amount", "supplierprice") VALUES (23, 7, 5, 46.00) ON CONFLICT DO NOTHING;
INSERT INTO "public"."ordprod" ("ordid", "pid", "amount", "supplierprice") VALUES (12, 20, 5, 264.00) ON CONFLICT DO NOTHING;
INSERT INTO "public"."ordprod" ("ordid", "pid", "amount", "supplierprice") VALUES (26, 20, 5, 248.00) ON CONFLICT DO NOTHING;
INSERT INTO "public"."ordprod" ("ordid", "pid", "amount", "supplierprice") VALUES (21, 3, 6, 118.00) ON CONFLICT DO NOTHING;
INSERT INTO "public"."ordprod" ("ordid", "pid", "amount", "supplierprice") VALUES (16, 5, 6, 261.00) ON CONFLICT DO NOTHING;
INSERT INTO "public"."ordprod" ("ordid", "pid", "amount", "supplierprice") VALUES (11, 5, 6, 304.00) ON CONFLICT DO NOTHING;
INSERT INTO "public"."ordprod" ("ordid", "pid", "amount", "supplierprice") VALUES (21, 7, 6, 390.00) ON CONFLICT DO NOTHING;
INSERT INTO "public"."ordprod" ("ordid", "pid", "amount", "supplierprice") VALUES (28, 5, 6, 128.00) ON CONFLICT DO NOTHING;
INSERT INTO "public"."ordprod" ("ordid", "pid", "amount", "supplierprice") VALUES (19, 22, 6, 309.00) ON CONFLICT DO NOTHING;
INSERT INTO "public"."ordprod" ("ordid", "pid", "amount", "supplierprice") VALUES (24, 23, 6, 82.00) ON CONFLICT DO NOTHING;
INSERT INTO "public"."ordprod" ("ordid", "pid", "amount", "supplierprice") VALUES (17, 25, 6, 221.00) ON CONFLICT DO NOTHING;
INSERT INTO "public"."ordprod" ("ordid", "pid", "amount", "supplierprice") VALUES (10, 22, 6, 49.00) ON CONFLICT DO NOTHING;
INSERT INTO "public"."ordprod" ("ordid", "pid", "amount", "supplierprice") VALUES (17, 5, 6, 293.00) ON CONFLICT DO NOTHING;
INSERT INTO "public"."ordprod" ("ordid", "pid", "amount", "supplierprice") VALUES (11, 2, 6, 136.00) ON CONFLICT DO NOTHING;
INSERT INTO "public"."ordprod" ("ordid", "pid", "amount", "supplierprice") VALUES (16, 2, 6, 227.00) ON CONFLICT DO NOTHING;
INSERT INTO "public"."ordprod" ("ordid", "pid", "amount", "supplierprice") VALUES (10, 3, 6, 204.00) ON CONFLICT DO NOTHING;
INSERT INTO "public"."ordprod" ("ordid", "pid", "amount", "supplierprice") VALUES (17, 20, 6, 95.00) ON CONFLICT DO NOTHING;
INSERT INTO "public"."ordprod" ("ordid", "pid", "amount", "supplierprice") VALUES (24, 20, 6, 149.00) ON CONFLICT DO NOTHING;
INSERT INTO "public"."ordprod" ("ordid", "pid", "amount", "supplierprice") VALUES (10, 8, 6, 134.00) ON CONFLICT DO NOTHING;
INSERT INTO "public"."ordprod" ("ordid", "pid", "amount", "supplierprice") VALUES (21, 24, 6, 285.00) ON CONFLICT DO NOTHING;
INSERT INTO "public"."ordprod" ("ordid", "pid", "amount", "supplierprice") VALUES (22, 24, 6, 199.00) ON CONFLICT DO NOTHING;
INSERT INTO "public"."ordprod" ("ordid", "pid", "amount", "supplierprice") VALUES (13, 23, 6, 213.00) ON CONFLICT DO NOTHING;
INSERT INTO "public"."ordprod" ("ordid", "pid", "amount", "supplierprice") VALUES (13, 22, 6, 339.00) ON CONFLICT DO NOTHING;
INSERT INTO "public"."ordprod" ("ordid", "pid", "amount", "supplierprice") VALUES (14, 11, 7, 161.00) ON CONFLICT DO NOTHING;
INSERT INTO "public"."ordprod" ("ordid", "pid", "amount", "supplierprice") VALUES (26, 11, 7, 279.00) ON CONFLICT DO NOTHING;
INSERT INTO "public"."ordprod" ("ordid", "pid", "amount", "supplierprice") VALUES (13, 19, 7, 108.00) ON CONFLICT DO NOTHING;
INSERT INTO "public"."ordprod" ("ordid", "pid", "amount", "supplierprice") VALUES (15, 4, 7, 293.00) ON CONFLICT DO NOTHING;
INSERT INTO "public"."ordprod" ("ordid", "pid", "amount", "supplierprice") VALUES (30, 14, 7, 116.00) ON CONFLICT DO NOTHING;
INSERT INTO "public"."ordprod" ("ordid", "pid", "amount", "supplierprice") VALUES (22, 3, 8, 323.00) ON CONFLICT DO NOTHING;
INSERT INTO "public"."ordprod" ("ordid", "pid", "amount", "supplierprice") VALUES (24, 11, 8, 308.00) ON CONFLICT DO NOTHING;
INSERT INTO "public"."ordprod" ("ordid", "pid", "amount", "supplierprice") VALUES (17, 11, 8, 150.00) ON CONFLICT DO NOTHING;
INSERT INTO "public"."ordprod" ("ordid", "pid", "amount", "supplierprice") VALUES (24, 18, 8, 62.00) ON CONFLICT DO NOTHING;
INSERT INTO "public"."ordprod" ("ordid", "pid", "amount", "supplierprice") VALUES (12, 9, 8, 281.00) ON CONFLICT DO NOTHING;
INSERT INTO "public"."ordprod" ("ordid", "pid", "amount", "supplierprice") VALUES (22, 22, 8, 101.00) ON CONFLICT DO NOTHING;
INSERT INTO "public"."ordprod" ("ordid", "pid", "amount", "supplierprice") VALUES (10, 5, 8, 248.00) ON CONFLICT DO NOTHING;
INSERT INTO "public"."ordprod" ("ordid", "pid", "amount", "supplierprice") VALUES (19, 19, 8, 371.00) ON CONFLICT DO NOTHING;
INSERT INTO "public"."ordprod" ("ordid", "pid", "amount", "supplierprice") VALUES (22, 9, 8, 185.00) ON CONFLICT DO NOTHING;
INSERT INTO "public"."ordprod" ("ordid", "pid", "amount", "supplierprice") VALUES (24, 8, 8, 270.00) ON CONFLICT DO NOTHING;
INSERT INTO "public"."ordprod" ("ordid", "pid", "amount", "supplierprice") VALUES (23, 8, 8, 366.00) ON CONFLICT DO NOTHING;
INSERT INTO "public"."ordprod" ("ordid", "pid", "amount", "supplierprice") VALUES (13, 4, 8, 275.00) ON CONFLICT DO NOTHING;
INSERT INTO "public"."ordprod" ("ordid", "pid", "amount", "supplierprice") VALUES (21, 19, 8, 291.00) ON CONFLICT DO NOTHING;
INSERT INTO "public"."ordprod" ("ordid", "pid", "amount", "supplierprice") VALUES (22, 12, 8, 188.00) ON CONFLICT DO NOTHING;
INSERT INTO "public"."ordprod" ("ordid", "pid", "amount", "supplierprice") VALUES (24, 7, 9, 265.00) ON CONFLICT DO NOTHING;
INSERT INTO "public"."ordprod" ("ordid", "pid", "amount", "supplierprice") VALUES (29, 3, 9, 180.00) ON CONFLICT DO NOTHING;
INSERT INTO "public"."ordprod" ("ordid", "pid", "amount", "supplierprice") VALUES (18, 18, 9, 303.00) ON CONFLICT DO NOTHING;
INSERT INTO "public"."ordprod" ("ordid", "pid", "amount", "supplierprice") VALUES (17, 22, 9, 211.00) ON CONFLICT DO NOTHING;
INSERT INTO "public"."ordprod" ("ordid", "pid", "amount", "supplierprice") VALUES (21, 22, 9, 95.00) ON CONFLICT DO NOTHING;
INSERT INTO "public"."ordprod" ("ordid", "pid", "amount", "supplierprice") VALUES (18, 12, 9, 331.00) ON CONFLICT DO NOTHING;
INSERT INTO "public"."ordprod" ("ordid", "pid", "amount", "supplierprice") VALUES (19, 15, 9, 314.00) ON CONFLICT DO NOTHING;
INSERT INTO "public"."ordprod" ("ordid", "pid", "amount", "supplierprice") VALUES (21, 14, 9, 229.00) ON CONFLICT DO NOTHING;
INSERT INTO "public"."ordprod" ("ordid", "pid", "amount", "supplierprice") VALUES (17, 14, 10, 57.00) ON CONFLICT DO NOTHING;
INSERT INTO "public"."ordprod" ("ordid", "pid", "amount", "supplierprice") VALUES (11, 7, 10, 46.00) ON CONFLICT DO NOTHING;
INSERT INTO "public"."ordprod" ("ordid", "pid", "amount", "supplierprice") VALUES (25, 7, 10, 241.00) ON CONFLICT DO NOTHING;
INSERT INTO "public"."ordprod" ("ordid", "pid", "amount", "supplierprice") VALUES (26, 8, 10, 143.00) ON CONFLICT DO NOTHING;
INSERT INTO "public"."ordprod" ("ordid", "pid", "amount", "supplierprice") VALUES (19, 8, 10, 224.00) ON CONFLICT DO NOTHING;
INSERT INTO "public"."ordprod" ("ordid", "pid", "amount", "supplierprice") VALUES (22, 11, 10, 300.00) ON CONFLICT DO NOTHING;
INSERT INTO "public"."ordprod" ("ordid", "pid", "amount", "supplierprice") VALUES (11, 3, 10, 400.00) ON CONFLICT DO NOTHING;
INSERT INTO "public"."ordprod" ("ordid", "pid", "amount", "supplierprice") VALUES (30, 15, 10, 75.00) ON CONFLICT DO NOTHING;
INSERT INTO "public"."ordprod" ("ordid", "pid", "amount", "supplierprice") VALUES (21, 23, 10, 348.00) ON CONFLICT DO NOTHING;
INSERT INTO "public"."ordprod" ("ordid", "pid", "amount", "supplierprice") VALUES (21, 20, 10, 317.00) ON CONFLICT DO NOTHING;
INSERT INTO "public"."ordprod" ("ordid", "pid", "amount", "supplierprice") VALUES (30, 22, 10, 159.00) ON CONFLICT DO NOTHING;
INSERT INTO "public"."ordprod" ("ordid", "pid", "amount", "supplierprice") VALUES (27, 22, 10, 101.00) ON CONFLICT DO NOTHING;
INSERT INTO "public"."ordprod" ("ordid", "pid", "amount", "supplierprice") VALUES (28, 20, 10, 294.00) ON CONFLICT DO NOTHING;
INSERT INTO "public"."ordprod" ("ordid", "pid", "amount", "supplierprice") VALUES (16, 10, 10, 394.00) ON CONFLICT DO NOTHING;
INSERT INTO "public"."ordprod" ("ordid", "pid", "amount", "supplierprice") VALUES (20, 10, 10, 296.00) ON CONFLICT DO NOTHING;
INSERT INTO "public"."ordprod" ("ordid", "pid", "amount", "supplierprice") VALUES (20, 11, 10, 330.00) ON CONFLICT DO NOTHING;
INSERT INTO "public"."ordprod" ("ordid", "pid", "amount", "supplierprice") VALUES (15, 5, 10, 396.00) ON CONFLICT DO NOTHING;
INSERT INTO "public"."ordprod" ("ordid", "pid", "amount", "supplierprice") VALUES (16, 19, 10, 154.00) ON CONFLICT DO NOTHING;
INSERT INTO "public"."ordprod" ("ordid", "pid", "amount", "supplierprice") VALUES (29, 19, 11, 108.00) ON CONFLICT DO NOTHING;
INSERT INTO "public"."ordprod" ("ordid", "pid", "amount", "supplierprice") VALUES (28, 13, 12, 168.00) ON CONFLICT DO NOTHING;
INSERT INTO "public"."ordprod" ("ordid", "pid", "amount", "supplierprice") VALUES (19, 6, 12, 310.00) ON CONFLICT DO NOTHING;
INSERT INTO "public"."ordprod" ("ordid", "pid", "amount", "supplierprice") VALUES (11, 21, 12, 287.00) ON CONFLICT DO NOTHING;
INSERT INTO "public"."ordprod" ("ordid", "pid", "amount", "supplierprice") VALUES (25, 21, 12, 88.00) ON CONFLICT DO NOTHING;
INSERT INTO "public"."ordprod" ("ordid", "pid", "amount", "supplierprice") VALUES (17, 16, 12, 385.00) ON CONFLICT DO NOTHING;
INSERT INTO "public"."ordprod" ("ordid", "pid", "amount", "supplierprice") VALUES (13, 20, 12, 30.00) ON CONFLICT DO NOTHING;
INSERT INTO "public"."ordprod" ("ordid", "pid", "amount", "supplierprice") VALUES (27, 3, 12, 399.00) ON CONFLICT DO NOTHING;
INSERT INTO "public"."ordprod" ("ordid", "pid", "amount", "supplierprice") VALUES (23, 31, 12, 282.00) ON CONFLICT DO NOTHING;
INSERT INTO "public"."ordprod" ("ordid", "pid", "amount", "supplierprice") VALUES (17, 13, 12, 4.00) ON CONFLICT DO NOTHING;
INSERT INTO "public"."ordprod" ("ordid", "pid", "amount", "supplierprice") VALUES (16, 9, 12, 154.00) ON CONFLICT DO NOTHING;
INSERT INTO "public"."ordprod" ("ordid", "pid", "amount", "supplierprice") VALUES (11, 9, 12, 344.00) ON CONFLICT DO NOTHING;
INSERT INTO "public"."ordprod" ("ordid", "pid", "amount", "supplierprice") VALUES (20, 9, 12, 354.00) ON CONFLICT DO NOTHING;
INSERT INTO "public"."ordprod" ("ordid", "pid", "amount", "supplierprice") VALUES (23, 13, 13, 52.00) ON CONFLICT DO NOTHING;
INSERT INTO "public"."ordprod" ("ordid", "pid", "amount", "supplierprice") VALUES (29, 2, 13, 131.00) ON CONFLICT DO NOTHING;
INSERT INTO "public"."ordprod" ("ordid", "pid", "amount", "supplierprice") VALUES (26, 9, 13, 17.00) ON CONFLICT DO NOTHING;
INSERT INTO "public"."ordprod" ("ordid", "pid", "amount", "supplierprice") VALUES (12, 13, 13, 281.00) ON CONFLICT DO NOTHING;
INSERT INTO "public"."ordprod" ("ordid", "pid", "amount", "supplierprice") VALUES (16, 23, 13, 154.00) ON CONFLICT DO NOTHING;
INSERT INTO "public"."ordprod" ("ordid", "pid", "amount", "supplierprice") VALUES (28, 14, 13, 386.00) ON CONFLICT DO NOTHING;
INSERT INTO "public"."ordprod" ("ordid", "pid", "amount", "supplierprice") VALUES (17, 3, 13, 214.00) ON CONFLICT DO NOTHING;
INSERT INTO "public"."ordprod" ("ordid", "pid", "amount", "supplierprice") VALUES (17, 6, 13, 394.00) ON CONFLICT DO NOTHING;
INSERT INTO "public"."ordprod" ("ordid", "pid", "amount", "supplierprice") VALUES (14, 5, 13, 308.00) ON CONFLICT DO NOTHING;
INSERT INTO "public"."ordprod" ("ordid", "pid", "amount", "supplierprice") VALUES (11, 20, 13, 265.00) ON CONFLICT DO NOTHING;
INSERT INTO "public"."ordprod" ("ordid", "pid", "amount", "supplierprice") VALUES (25, 1, 13, 390.00) ON CONFLICT DO NOTHING;
INSERT INTO "public"."ordprod" ("ordid", "pid", "amount", "supplierprice") VALUES (13, 2, 13, 227.00) ON CONFLICT DO NOTHING;
INSERT INTO "public"."ordprod" ("ordid", "pid", "amount", "supplierprice") VALUES (29, 20, 13, 140.00) ON CONFLICT DO NOTHING;
INSERT INTO "public"."ordprod" ("ordid", "pid", "amount", "supplierprice") VALUES (25, 22, 13, 51.00) ON CONFLICT DO NOTHING;
INSERT INTO "public"."ordprod" ("ordid", "pid", "amount", "supplierprice") VALUES (30, 5, 13, 222.00) ON CONFLICT DO NOTHING;
INSERT INTO "public"."ordprod" ("ordid", "pid", "amount", "supplierprice") VALUES (27, 11, 13, 320.00) ON CONFLICT DO NOTHING;
INSERT INTO "public"."ordprod" ("ordid", "pid", "amount", "supplierprice") VALUES (21, 21, 13, 117.00) ON CONFLICT DO NOTHING;
INSERT INTO "public"."ordprod" ("ordid", "pid", "amount", "supplierprice") VALUES (19, 2, 13, 333.00) ON CONFLICT DO NOTHING;
INSERT INTO "public"."ordprod" ("ordid", "pid", "amount", "supplierprice") VALUES (26, 2, 13, 235.00) ON CONFLICT DO NOTHING;
INSERT INTO "public"."ordprod" ("ordid", "pid", "amount", "supplierprice") VALUES (18, 14, 13, 164.00) ON CONFLICT DO NOTHING;
INSERT INTO "public"."ordprod" ("ordid", "pid", "amount", "supplierprice") VALUES (22, 14, 14, 122.00) ON CONFLICT DO NOTHING;
INSERT INTO "public"."ordprod" ("ordid", "pid", "amount", "supplierprice") VALUES (11, 17, 14, 63.00) ON CONFLICT DO NOTHING;
INSERT INTO "public"."ordprod" ("ordid", "pid", "amount", "supplierprice") VALUES (30, 3, 14, 128.00) ON CONFLICT DO NOTHING;
INSERT INTO "public"."ordprod" ("ordid", "pid", "amount", "supplierprice") VALUES (10, 13, 14, 335.00) ON CONFLICT DO NOTHING;
INSERT INTO "public"."ordprod" ("ordid", "pid", "amount", "supplierprice") VALUES (19, 7, 14, 95.00) ON CONFLICT DO NOTHING;
INSERT INTO "public"."ordprod" ("ordid", "pid", "amount", "supplierprice") VALUES (19, 20, 15, 58.00) ON CONFLICT DO NOTHING;
INSERT INTO "public"."ordprod" ("ordid", "pid", "amount", "supplierprice") VALUES (26, 26, 15, 364.00) ON CONFLICT DO NOTHING;
INSERT INTO "public"."ordprod" ("ordid", "pid", "amount", "supplierprice") VALUES (14, 4, 15, 189.00) ON CONFLICT DO NOTHING;
INSERT INTO "public"."ordprod" ("ordid", "pid", "amount", "supplierprice") VALUES (19, 29, 16, 242.00) ON CONFLICT DO NOTHING;
INSERT INTO "public"."ordprod" ("ordid", "pid", "amount", "supplierprice") VALUES (25, 24, 16, 173.00) ON CONFLICT DO NOTHING;
INSERT INTO "public"."ordprod" ("ordid", "pid", "amount", "supplierprice") VALUES (15, 13, 16, 176.00) ON CONFLICT DO NOTHING;
INSERT INTO "public"."ordprod" ("ordid", "pid", "amount", "supplierprice") VALUES (15, 19, 16, 109.00) ON CONFLICT DO NOTHING;
INSERT INTO "public"."ordprod" ("ordid", "pid", "amount", "supplierprice") VALUES (14, 12, 17, 36.00) ON CONFLICT DO NOTHING;
INSERT INTO "public"."ordprod" ("ordid", "pid", "amount", "supplierprice") VALUES (27, 23, 18, 15.00) ON CONFLICT DO NOTHING;
INSERT INTO "public"."ordprod" ("ordid", "pid", "amount", "supplierprice") VALUES (25, 9, 18, 37.00) ON CONFLICT DO NOTHING;
INSERT INTO "public"."ordprod" ("ordid", "pid", "amount", "supplierprice") VALUES (24, 30, 18, 378.00) ON CONFLICT DO NOTHING;
INSERT INTO "public"."ordprod" ("ordid", "pid", "amount", "supplierprice") VALUES (28, 12, 18, 380.00) ON CONFLICT DO NOTHING;
INSERT INTO "public"."ordprod" ("ordid", "pid", "amount", "supplierprice") VALUES (26, 30, 18, 158.00) ON CONFLICT DO NOTHING;
INSERT INTO "public"."ordprod" ("ordid", "pid", "amount", "supplierprice") VALUES (22, 5, 18, 228.00) ON CONFLICT DO NOTHING;
INSERT INTO "public"."ordprod" ("ordid", "pid", "amount", "supplierprice") VALUES (20, 30, 18, 152.00) ON CONFLICT DO NOTHING;
INSERT INTO "public"."ordprod" ("ordid", "pid", "amount", "supplierprice") VALUES (16, 30, 18, 323.00) ON CONFLICT DO NOTHING;
INSERT INTO "public"."ordprod" ("ordid", "pid", "amount", "supplierprice") VALUES (23, 3, 18, 11.00) ON CONFLICT DO NOTHING;
INSERT INTO "public"."ordprod" ("ordid", "pid", "amount", "supplierprice") VALUES (30, 4, 18, 388.00) ON CONFLICT DO NOTHING;
INSERT INTO "public"."ordprod" ("ordid", "pid", "amount", "supplierprice") VALUES (27, 14, 18, 394.00) ON CONFLICT DO NOTHING;
INSERT INTO "public"."ordprod" ("ordid", "pid", "amount", "supplierprice") VALUES (30, 34, 18, 389.00) ON CONFLICT DO NOTHING;
INSERT INTO "public"."ordprod" ("ordid", "pid", "amount", "supplierprice") VALUES (15, 17, 18, 19.00) ON CONFLICT DO NOTHING;
INSERT INTO "public"."ordprod" ("ordid", "pid", "amount", "supplierprice") VALUES (30, 6, 18, 141.00) ON CONFLICT DO NOTHING;
INSERT INTO "public"."ordprod" ("ordid", "pid", "amount", "supplierprice") VALUES (25, 13, 18, 242.00) ON CONFLICT DO NOTHING;
INSERT INTO "public"."ordprod" ("ordid", "pid", "amount", "supplierprice") VALUES (22, 16, 18, 316.00) ON CONFLICT DO NOTHING;
INSERT INTO "public"."ordprod" ("ordid", "pid", "amount", "supplierprice") VALUES (28, 24, 19, 341.00) ON CONFLICT DO NOTHING;
INSERT INTO "public"."ordprod" ("ordid", "pid", "amount", "supplierprice") VALUES (21, 10, 19, 238.00) ON CONFLICT DO NOTHING;
INSERT INTO "public"."ordprod" ("ordid", "pid", "amount", "supplierprice") VALUES (21, 13, 19, 242.00) ON CONFLICT DO NOTHING;
INSERT INTO "public"."ordprod" ("ordid", "pid", "amount", "supplierprice") VALUES (27, 9, 19, 344.00) ON CONFLICT DO NOTHING;
INSERT INTO "public"."ordprod" ("ordid", "pid", "amount", "supplierprice") VALUES (24, 22, 19, 71.00) ON CONFLICT DO NOTHING;
INSERT INTO "public"."ordprod" ("ordid", "pid", "amount", "supplierprice") VALUES (11, 6, 19, 205.00) ON CONFLICT DO NOTHING;
INSERT INTO "public"."ordprod" ("ordid", "pid", "amount", "supplierprice") VALUES (21, 30, 20, 193.00) ON CONFLICT DO NOTHING;
INSERT INTO "public"."ordprod" ("ordid", "pid", "amount", "supplierprice") VALUES (15, 21, 20, 39.00) ON CONFLICT DO NOTHING;
INSERT INTO "public"."ordprod" ("ordid", "pid", "amount", "supplierprice") VALUES (19, 23, 20, 82.00) ON CONFLICT DO NOTHING;
INSERT INTO "public"."ordprod" ("ordid", "pid", "amount", "supplierprice") VALUES (20, 29, 20, 264.00) ON CONFLICT DO NOTHING;
INSERT INTO "public"."ordprod" ("ordid", "pid", "amount", "supplierprice") VALUES (21, 16, 20, 385.00) ON CONFLICT DO NOTHING;
INSERT INTO "public"."ordprod" ("ordid", "pid", "amount", "supplierprice") VALUES (24, 21, 20, 318.00) ON CONFLICT DO NOTHING;
INSERT INTO "public"."ordprod" ("ordid", "pid", "amount", "supplierprice") VALUES (17, 30, 20, 34.00) ON CONFLICT DO NOTHING;
INSERT INTO "public"."ordprod" ("ordid", "pid", "amount", "supplierprice") VALUES (25, 30, 20, 101.00) ON CONFLICT DO NOTHING;
INSERT INTO "public"."ordprod" ("ordid", "pid", "amount", "supplierprice") VALUES (23, 20, 20, 374.00) ON CONFLICT DO NOTHING;
INSERT INTO "public"."ordprod" ("ordid", "pid", "amount", "supplierprice") VALUES (19, 24, 20, 311.00) ON CONFLICT DO NOTHING;
INSERT INTO "public"."ordprod" ("ordid", "pid", "amount", "supplierprice") VALUES (13, 31, 20, 282.00) ON CONFLICT DO NOTHING;
INSERT INTO "public"."ordprod" ("ordid", "pid", "amount", "supplierprice") VALUES (19, 31, 20, 124.00) ON CONFLICT DO NOTHING;
INSERT INTO "public"."ordprod" ("ordid", "pid", "amount", "supplierprice") VALUES (11, 10, 20, 290.00) ON CONFLICT DO NOTHING;
INSERT INTO "public"."ordprod" ("ordid", "pid", "amount", "supplierprice") VALUES (22, 8, 21, 143.00) ON CONFLICT DO NOTHING;
INSERT INTO "public"."ordprod" ("ordid", "pid", "amount", "supplierprice") VALUES (23, 9, 21, 376.00) ON CONFLICT DO NOTHING;
INSERT INTO "public"."ordprod" ("ordid", "pid", "amount", "supplierprice") VALUES (18, 5, 21, 16.00) ON CONFLICT DO NOTHING;
INSERT INTO "public"."ordprod" ("ordid", "pid", "amount", "supplierprice") VALUES (21, 31, 21, 329.00) ON CONFLICT DO NOTHING;
INSERT INTO "public"."ordprod" ("ordid", "pid", "amount", "supplierprice") VALUES (13, 10, 21, 171.00) ON CONFLICT DO NOTHING;
INSERT INTO "public"."ordprod" ("ordid", "pid", "amount", "supplierprice") VALUES (15, 8, 21, 263.00) ON CONFLICT DO NOTHING;
INSERT INTO "public"."ordprod" ("ordid", "pid", "amount", "supplierprice") VALUES (25, 2, 21, 227.00) ON CONFLICT DO NOTHING;
INSERT INTO "public"."ordprod" ("ordid", "pid", "amount", "supplierprice") VALUES (11, 31, 21, 174.00) ON CONFLICT DO NOTHING;
INSERT INTO "public"."ordprod" ("ordid", "pid", "amount", "supplierprice") VALUES (10, 14, 21, 122.00) ON CONFLICT DO NOTHING;
INSERT INTO "public"."ordprod" ("ordid", "pid", "amount", "supplierprice") VALUES (11, 22, 21, 326.00) ON CONFLICT DO NOTHING;
INSERT INTO "public"."ordprod" ("ordid", "pid", "amount", "supplierprice") VALUES (23, 15, 21, 6.00) ON CONFLICT DO NOTHING;
INSERT INTO "public"."ordprod" ("ordid", "pid", "amount", "supplierprice") VALUES (20, 3, 21, 118.00) ON CONFLICT DO NOTHING;
INSERT INTO "public"."ordprod" ("ordid", "pid", "amount", "supplierprice") VALUES (22, 31, 21, 279.00) ON CONFLICT DO NOTHING;
INSERT INTO "public"."ordprod" ("ordid", "pid", "amount", "supplierprice") VALUES (23, 19, 21, 336.00) ON CONFLICT DO NOTHING;
INSERT INTO "public"."ordprod" ("ordid", "pid", "amount", "supplierprice") VALUES (18, 13, 21, 192.00) ON CONFLICT DO NOTHING;
INSERT INTO "public"."ordprod" ("ordid", "pid", "amount", "supplierprice") VALUES (28, 32, 21, 15.00) ON CONFLICT DO NOTHING;
INSERT INTO "public"."ordprod" ("ordid", "pid", "amount", "supplierprice") VALUES (28, 31, 21, 154.00) ON CONFLICT DO NOTHING;
INSERT INTO "public"."ordprod" ("ordid", "pid", "amount", "supplierprice") VALUES (19, 32, 22, 381.00) ON CONFLICT DO NOTHING;
INSERT INTO "public"."ordprod" ("ordid", "pid", "amount", "supplierprice") VALUES (22, 32, 22, 78.00) ON CONFLICT DO NOTHING;
INSERT INTO "public"."ordprod" ("ordid", "pid", "amount", "supplierprice") VALUES (24, 25, 22, 334.00) ON CONFLICT DO NOTHING;
INSERT INTO "public"."ordprod" ("ordid", "pid", "amount", "supplierprice") VALUES (22, 13, 22, 276.00) ON CONFLICT DO NOTHING;
INSERT INTO "public"."ordprod" ("ordid", "pid", "amount", "supplierprice") VALUES (14, 32, 22, 318.00) ON CONFLICT DO NOTHING;
INSERT INTO "public"."ordprod" ("ordid", "pid", "amount", "supplierprice") VALUES (21, 11, 22, 297.00) ON CONFLICT DO NOTHING;
INSERT INTO "public"."ordprod" ("ordid", "pid", "amount", "supplierprice") VALUES (24, 32, 22, 70.00) ON CONFLICT DO NOTHING;
INSERT INTO "public"."ordprod" ("ordid", "pid", "amount", "supplierprice") VALUES (12, 32, 22, 107.00) ON CONFLICT DO NOTHING;
INSERT INTO "public"."ordprod" ("ordid", "pid", "amount", "supplierprice") VALUES (15, 31, 22, 202.00) ON CONFLICT DO NOTHING;
INSERT INTO "public"."ordprod" ("ordid", "pid", "amount", "supplierprice") VALUES (14, 31, 22, 289.00) ON CONFLICT DO NOTHING;
INSERT INTO "public"."ordprod" ("ordid", "pid", "amount", "supplierprice") VALUES (13, 16, 22, 362.00) ON CONFLICT DO NOTHING;
INSERT INTO "public"."ordprod" ("ordid", "pid", "amount", "supplierprice") VALUES (19, 33, 22, 182.00) ON CONFLICT DO NOTHING;
INSERT INTO "public"."ordprod" ("ordid", "pid", "amount", "supplierprice") VALUES (30, 21, 22, 306.00) ON CONFLICT DO NOTHING;
INSERT INTO "public"."ordprod" ("ordid", "pid", "amount", "supplierprice") VALUES (12, 6, 22, 53.00) ON CONFLICT DO NOTHING;
INSERT INTO "public"."ordprod" ("ordid", "pid", "amount", "supplierprice") VALUES (28, 33, 22, 124.00) ON CONFLICT DO NOTHING;
INSERT INTO "public"."ordprod" ("ordid", "pid", "amount", "supplierprice") VALUES (12, 16, 23, 78.00) ON CONFLICT DO NOTHING;
INSERT INTO "public"."ordprod" ("ordid", "pid", "amount", "supplierprice") VALUES (29, 11, 23, 212.00) ON CONFLICT DO NOTHING;
INSERT INTO "public"."ordprod" ("ordid", "pid", "amount", "supplierprice") VALUES (13, 33, 23, 51.00) ON CONFLICT DO NOTHING;
INSERT INTO "public"."ordprod" ("ordid", "pid", "amount", "supplierprice") VALUES (14, 3, 23, 323.00) ON CONFLICT DO NOTHING;
INSERT INTO "public"."ordprod" ("ordid", "pid", "amount", "supplierprice") VALUES (19, 9, 23, 50.00) ON CONFLICT DO NOTHING;
INSERT INTO "public"."ordprod" ("ordid", "pid", "amount", "supplierprice") VALUES (22, 15, 23, 6.00) ON CONFLICT DO NOTHING;
INSERT INTO "public"."ordprod" ("ordid", "pid", "amount", "supplierprice") VALUES (13, 3, 23, 172.00) ON CONFLICT DO NOTHING;
INSERT INTO "public"."ordprod" ("ordid", "pid", "amount", "supplierprice") VALUES (13, 15, 23, 301.00) ON CONFLICT DO NOTHING;
INSERT INTO "public"."ordprod" ("ordid", "pid", "amount", "supplierprice") VALUES (12, 21, 23, 99.00) ON CONFLICT DO NOTHING;
INSERT INTO "public"."ordprod" ("ordid", "pid", "amount", "supplierprice") VALUES (24, 33, 23, 57.00) ON CONFLICT DO NOTHING;
INSERT INTO "public"."ordprod" ("ordid", "pid", "amount", "supplierprice") VALUES (13, 11, 23, 13.00) ON CONFLICT DO NOTHING;
INSERT INTO "public"."ordprod" ("ordid", "pid", "amount", "supplierprice") VALUES (25, 23, 23, 365.00) ON CONFLICT DO NOTHING;
INSERT INTO "public"."ordprod" ("ordid", "pid", "amount", "supplierprice") VALUES (16, 16, 23, 79.00) ON CONFLICT DO NOTHING;
INSERT INTO "public"."ordprod" ("ordid", "pid", "amount", "supplierprice") VALUES (18, 4, 23, 388.00) ON CONFLICT DO NOTHING;
INSERT INTO "public"."ordprod" ("ordid", "pid", "amount", "supplierprice") VALUES (22, 33, 23, 316.00) ON CONFLICT DO NOTHING;
INSERT INTO "public"."ordprod" ("ordid", "pid", "amount", "supplierprice") VALUES (21, 33, 23, 165.00) ON CONFLICT DO NOTHING;
INSERT INTO "public"."ordprod" ("ordid", "pid", "amount", "supplierprice") VALUES (30, 33, 23, 101.00) ON CONFLICT DO NOTHING;
INSERT INTO "public"."ordprod" ("ordid", "pid", "amount", "supplierprice") VALUES (18, 16, 24, 2.00) ON CONFLICT DO NOTHING;
INSERT INTO "public"."ordprod" ("ordid", "pid", "amount", "supplierprice") VALUES (27, 33, 24, 42.00) ON CONFLICT DO NOTHING;
INSERT INTO "public"."ordprod" ("ordid", "pid", "amount", "supplierprice") VALUES (22, 21, 24, 93.00) ON CONFLICT DO NOTHING;
INSERT INTO "public"."ordprod" ("ordid", "pid", "amount", "supplierprice") VALUES (16, 33, 24, 210.00) ON CONFLICT DO NOTHING;
INSERT INTO "public"."ordprod" ("ordid", "pid", "amount", "supplierprice") VALUES (30, 32, 24, 337.00) ON CONFLICT DO NOTHING;
INSERT INTO "public"."ordprod" ("ordid", "pid", "amount", "supplierprice") VALUES (24, 31, 25, 316.00) ON CONFLICT DO NOTHING;
INSERT INTO "public"."ordprod" ("ordid", "pid", "amount", "supplierprice") VALUES (13, 24, 25, 311.00) ON CONFLICT DO NOTHING;
INSERT INTO "public"."ordprod" ("ordid", "pid", "amount", "supplierprice") VALUES (18, 33, 25, 331.00) ON CONFLICT DO NOTHING;
INSERT INTO "public"."ordprod" ("ordid", "pid", "amount", "supplierprice") VALUES (15, 11, 25, 230.00) ON CONFLICT DO NOTHING;
INSERT INTO "public"."ordprod" ("ordid", "pid", "amount", "supplierprice") VALUES (18, 20, 26, 149.00) ON CONFLICT DO NOTHING;
INSERT INTO "public"."ordprod" ("ordid", "pid", "amount", "supplierprice") VALUES (21, 32, 26, 160.00) ON CONFLICT DO NOTHING;
INSERT INTO "public"."ordprod" ("ordid", "pid", "amount", "supplierprice") VALUES (25, 18, 26, 1.00) ON CONFLICT DO NOTHING;
INSERT INTO "public"."ordprod" ("ordid", "pid", "amount", "supplierprice") VALUES (15, 33, 27, 248.00) ON CONFLICT DO NOTHING;
INSERT INTO "public"."ordprod" ("ordid", "pid", "amount", "supplierprice") VALUES (29, 9, 27, 185.00) ON CONFLICT DO NOTHING;
INSERT INTO "public"."ordprod" ("ordid", "pid", "amount", "supplierprice") VALUES (11, 24, 27, 81.00) ON CONFLICT DO NOTHING;
INSERT INTO "public"."ordprod" ("ordid", "pid", "amount", "supplierprice") VALUES (27, 10, 27, 290.00) ON CONFLICT DO NOTHING;
INSERT INTO "public"."ordprod" ("ordid", "pid", "amount", "supplierprice") VALUES (23, 23, 27, 54.00) ON CONFLICT DO NOTHING;
INSERT INTO "public"."ordprod" ("ordid", "pid", "amount", "supplierprice") VALUES (11, 4, 27, 397.00) ON CONFLICT DO NOTHING;
INSERT INTO "public"."ordprod" ("ordid", "pid", "amount", "supplierprice") VALUES (23, 22, 27, 356.00) ON CONFLICT DO NOTHING;
INSERT INTO "public"."ordprod" ("ordid", "pid", "amount", "supplierprice") VALUES (27, 12, 27, 36.00) ON CONFLICT DO NOTHING;
INSERT INTO "public"."ordprod" ("ordid", "pid", "amount", "supplierprice") VALUES (21, 9, 27, 157.00) ON CONFLICT DO NOTHING;
INSERT INTO "public"."ordprod" ("ordid", "pid", "amount", "supplierprice") VALUES (19, 21, 27, 127.00) ON CONFLICT DO NOTHING;
INSERT INTO "public"."ordprod" ("ordid", "pid", "amount", "supplierprice") VALUES (19, 34, 27, 125.00) ON CONFLICT DO NOTHING;
INSERT INTO "public"."ordprod" ("ordid", "pid", "amount", "supplierprice") VALUES (12, 8, 27, 263.00) ON CONFLICT DO NOTHING;
INSERT INTO "public"."ordprod" ("ordid", "pid", "amount", "supplierprice") VALUES (17, 33, 27, 396.00) ON CONFLICT DO NOTHING;
INSERT INTO "public"."ordprod" ("ordid", "pid", "amount", "supplierprice") VALUES (15, 34, 27, 28.00) ON CONFLICT DO NOTHING;
INSERT INTO "public"."ordprod" ("ordid", "pid", "amount", "supplierprice") VALUES (22, 7, 28, 110.00) ON CONFLICT DO NOTHING;
INSERT INTO "public"."ordprod" ("ordid", "pid", "amount", "supplierprice") VALUES (15, 24, 28, 69.00) ON CONFLICT DO NOTHING;
INSERT INTO "public"."ordprod" ("ordid", "pid", "amount", "supplierprice") VALUES (17, 34, 28, 176.00) ON CONFLICT DO NOTHING;
INSERT INTO "public"."ordprod" ("ordid", "pid", "amount", "supplierprice") VALUES (14, 34, 28, 379.00) ON CONFLICT DO NOTHING;
INSERT INTO "public"."ordprod" ("ordid", "pid", "amount", "supplierprice") VALUES (28, 17, 28, 130.00) ON CONFLICT DO NOTHING;
INSERT INTO "public"."ordprod" ("ordid", "pid", "amount", "supplierprice") VALUES (11, 34, 28, 323.00) ON CONFLICT DO NOTHING;
INSERT INTO "public"."ordprod" ("ordid", "pid", "amount", "supplierprice") VALUES (22, 25, 28, 32.00) ON CONFLICT DO NOTHING;
INSERT INTO "public"."ordprod" ("ordid", "pid", "amount", "supplierprice") VALUES (30, 35, 28, 45.00) ON CONFLICT DO NOTHING;
INSERT INTO "public"."ordprod" ("ordid", "pid", "amount", "supplierprice") VALUES (1, 31, 28, 203.00) ON CONFLICT DO NOTHING;
INSERT INTO "public"."ordprod" ("ordid", "pid", "amount", "supplierprice") VALUES (21, 35, 28, 331.00) ON CONFLICT DO NOTHING;
INSERT INTO "public"."ordprod" ("ordid", "pid", "amount", "supplierprice") VALUES (10, 21, 29, 127.00) ON CONFLICT DO NOTHING;
INSERT INTO "public"."ordprod" ("ordid", "pid", "amount", "supplierprice") VALUES (24, 34, 29, 238.00) ON CONFLICT DO NOTHING;
INSERT INTO "public"."ordprod" ("ordid", "pid", "amount", "supplierprice") VALUES (10, 4, 29, 275.00) ON CONFLICT DO NOTHING;
INSERT INTO "public"."ordprod" ("ordid", "pid", "amount", "supplierprice") VALUES (17, 35, 29, 362.00) ON CONFLICT DO NOTHING;
INSERT INTO "public"."ordprod" ("ordid", "pid", "amount", "supplierprice") VALUES (28, 35, 29, 176.00) ON CONFLICT DO NOTHING;
INSERT INTO "public"."ordprod" ("ordid", "pid", "amount", "supplierprice") VALUES (16, 11, 29, 262.00) ON CONFLICT DO NOTHING;
INSERT INTO "public"."ordprod" ("ordid", "pid", "amount", "supplierprice") VALUES (22, 20, 29, 147.00) ON CONFLICT DO NOTHING;
INSERT INTO "public"."ordprod" ("ordid", "pid", "amount", "supplierprice") VALUES (19, 36, 29, 314.00) ON CONFLICT DO NOTHING;
INSERT INTO "public"."ordprod" ("ordid", "pid", "amount", "supplierprice") VALUES (12, 7, 29, 241.00) ON CONFLICT DO NOTHING;
INSERT INTO "public"."ordprod" ("ordid", "pid", "amount", "supplierprice") VALUES (32, 35, 29, 385.00) ON CONFLICT DO NOTHING;
INSERT INTO "public"."ordprod" ("ordid", "pid", "amount", "supplierprice") VALUES (23, 35, 29, 261.00) ON CONFLICT DO NOTHING;
INSERT INTO "public"."ordprod" ("ordid", "pid", "amount", "supplierprice") VALUES (14, 19, 29, 24.00) ON CONFLICT DO NOTHING;
INSERT INTO "public"."ordprod" ("ordid", "pid", "amount", "supplierprice") VALUES (28, 11, 29, 230.00) ON CONFLICT DO NOTHING;
INSERT INTO "public"."ordprod" ("ordid", "pid", "amount", "supplierprice") VALUES (13, 21, 30, 367.00) ON CONFLICT DO NOTHING;
INSERT INTO "public"."ordprod" ("ordid", "pid", "amount", "supplierprice") VALUES (19, 35, 30, 99.00) ON CONFLICT DO NOTHING;
INSERT INTO "public"."ordprod" ("ordid", "pid", "amount", "supplierprice") VALUES (18, 7, 30, 390.00) ON CONFLICT DO NOTHING;
INSERT INTO "public"."ordprod" ("ordid", "pid", "amount", "supplierprice") VALUES (10, 36, 30, 169.00) ON CONFLICT DO NOTHING;
INSERT INTO "public"."ordprod" ("ordid", "pid", "amount", "supplierprice") VALUES (29, 36, 30, 46.00) ON CONFLICT DO NOTHING;
INSERT INTO "public"."ordprod" ("ordid", "pid", "amount", "supplierprice") VALUES (25, 36, 30, 180.00) ON CONFLICT DO NOTHING;
INSERT INTO "public"."ordprod" ("ordid", "pid", "amount", "supplierprice") VALUES (23, 11, 30, 393.00) ON CONFLICT DO NOTHING;
INSERT INTO "public"."ordprod" ("ordid", "pid", "amount", "supplierprice") VALUES (23, 36, 30, 73.00) ON CONFLICT DO NOTHING;
INSERT INTO "public"."ordprod" ("ordid", "pid", "amount", "supplierprice") VALUES (10, 23, 30, 268.00) ON CONFLICT DO NOTHING;
INSERT INTO "public"."ordprod" ("ordid", "pid", "amount", "supplierprice") VALUES (24, 36, 30, 42.00) ON CONFLICT DO NOTHING;
INSERT INTO "public"."ordprod" ("ordid", "pid", "amount", "supplierprice") VALUES (20, 36, 30, 317.00) ON CONFLICT DO NOTHING;
INSERT INTO "public"."ordprod" ("ordid", "pid", "amount", "supplierprice") VALUES (17, 36, 30, 192.00) ON CONFLICT DO NOTHING;
INSERT INTO "public"."ordprod" ("ordid", "pid", "amount", "supplierprice") VALUES (27, 17, 30, 272.00) ON CONFLICT DO NOTHING;
INSERT INTO "public"."ordprod" ("ordid", "pid", "amount", "supplierprice") VALUES (17, 37, 30, 339.00) ON CONFLICT DO NOTHING;
INSERT INTO "public"."ordprod" ("ordid", "pid", "amount", "supplierprice") VALUES (16, 24, 30, 69.00) ON CONFLICT DO NOTHING;
INSERT INTO "public"."ordprod" ("ordid", "pid", "amount", "supplierprice") VALUES (24, 37, 30, 289.00) ON CONFLICT DO NOTHING;
INSERT INTO "public"."ordprod" ("ordid", "pid", "amount", "supplierprice") VALUES (15, 22, 31, 51.00) ON CONFLICT DO NOTHING;
INSERT INTO "public"."ordprod" ("ordid", "pid", "amount", "supplierprice") VALUES (28, 18, 31, 62.00) ON CONFLICT DO NOTHING;
INSERT INTO "public"."ordprod" ("ordid", "pid", "amount", "supplierprice") VALUES (29, 18, 31, 33.00) ON CONFLICT DO NOTHING;
INSERT INTO "public"."ordprod" ("ordid", "pid", "amount", "supplierprice") VALUES (29, 23, 31, 25.00) ON CONFLICT DO NOTHING;
INSERT INTO "public"."ordprod" ("ordid", "pid", "amount", "supplierprice") VALUES (12, 3, 31, 128.00) ON CONFLICT DO NOTHING;
INSERT INTO "public"."ordprod" ("ordid", "pid", "amount", "supplierprice") VALUES (14, 22, 31, 326.00) ON CONFLICT DO NOTHING;
INSERT INTO "public"."ordprod" ("ordid", "pid", "amount", "supplierprice") VALUES (19, 37, 31, 320.00) ON CONFLICT DO NOTHING;
INSERT INTO "public"."ordprod" ("ordid", "pid", "amount", "supplierprice") VALUES (19, 38, 31, 152.00) ON CONFLICT DO NOTHING;
INSERT INTO "public"."ordprod" ("ordid", "pid", "amount", "supplierprice") VALUES (10, 37, 31, 117.00) ON CONFLICT DO NOTHING;
INSERT INTO "public"."ordprod" ("ordid", "pid", "amount", "supplierprice") VALUES (25, 14, 32, 289.00) ON CONFLICT DO NOTHING;
INSERT INTO "public"."ordprod" ("ordid", "pid", "amount", "supplierprice") VALUES (11, 11, 32, 393.00) ON CONFLICT DO NOTHING;
INSERT INTO "public"."ordprod" ("ordid", "pid", "amount", "supplierprice") VALUES (12, 37, 32, 63.00) ON CONFLICT DO NOTHING;
INSERT INTO "public"."ordprod" ("ordid", "pid", "amount", "supplierprice") VALUES (20, 19, 32, 60.00) ON CONFLICT DO NOTHING;
INSERT INTO "public"."ordprod" ("ordid", "pid", "amount", "supplierprice") VALUES (14, 37, 32, 320.00) ON CONFLICT DO NOTHING;
INSERT INTO "public"."ordprod" ("ordid", "pid", "amount", "supplierprice") VALUES (28, 22, 32, 342.00) ON CONFLICT DO NOTHING;
INSERT INTO "public"."ordprod" ("ordid", "pid", "amount", "supplierprice") VALUES (16, 37, 32, 113.00) ON CONFLICT DO NOTHING;
INSERT INTO "public"."ordprod" ("ordid", "pid", "amount", "supplierprice") VALUES (26, 13, 32, 170.00) ON CONFLICT DO NOTHING;
INSERT INTO "public"."ordprod" ("ordid", "pid", "amount", "supplierprice") VALUES (25, 15, 32, 207.00) ON CONFLICT DO NOTHING;
INSERT INTO "public"."ordprod" ("ordid", "pid", "amount", "supplierprice") VALUES (19, 39, 32, 14.00) ON CONFLICT DO NOTHING;
INSERT INTO "public"."ordprod" ("ordid", "pid", "amount", "supplierprice") VALUES (20, 14, 32, 85.00) ON CONFLICT DO NOTHING;
INSERT INTO "public"."ordprod" ("ordid", "pid", "amount", "supplierprice") VALUES (22, 10, 32, 238.00) ON CONFLICT DO NOTHING;
INSERT INTO "public"."ordprod" ("ordid", "pid", "amount", "supplierprice") VALUES (10, 19, 32, 336.00) ON CONFLICT DO NOTHING;
INSERT INTO "public"."ordprod" ("ordid", "pid", "amount", "supplierprice") VALUES (18, 3, 32, 235.00) ON CONFLICT DO NOTHING;
INSERT INTO "public"."ordprod" ("ordid", "pid", "amount", "supplierprice") VALUES (22, 37, 32, 143.00) ON CONFLICT DO NOTHING;
INSERT INTO "public"."ordprod" ("ordid", "pid", "amount", "supplierprice") VALUES (16, 39, 33, 330.00) ON CONFLICT DO NOTHING;
INSERT INTO "public"."ordprod" ("ordid", "pid", "amount", "supplierprice") VALUES (26, 37, 33, 70.00) ON CONFLICT DO NOTHING;
INSERT INTO "public"."ordprod" ("ordid", "pid", "amount", "supplierprice") VALUES (26, 16, 33, 2.00) ON CONFLICT DO NOTHING;
INSERT INTO "public"."ordprod" ("ordid", "pid", "amount", "supplierprice") VALUES (25, 37, 33, 377.00) ON CONFLICT DO NOTHING;
INSERT INTO "public"."ordprod" ("ordid", "pid", "amount", "supplierprice") VALUES (21, 8, 34, 345.00) ON CONFLICT DO NOTHING;
INSERT INTO "public"."ordprod" ("ordid", "pid", "amount", "supplierprice") VALUES (30, 37, 34, 195.00) ON CONFLICT DO NOTHING;
INSERT INTO "public"."ordprod" ("ordid", "pid", "amount", "supplierprice") VALUES (26, 38, 34, 139.00) ON CONFLICT DO NOTHING;
INSERT INTO "public"."ordprod" ("ordid", "pid", "amount", "supplierprice") VALUES (13, 7, 34, 70.00) ON CONFLICT DO NOTHING;
INSERT INTO "public"."ordprod" ("ordid", "pid", "amount", "supplierprice") VALUES (10, 24, 34, 103.00) ON CONFLICT DO NOTHING;
INSERT INTO "public"."ordprod" ("ordid", "pid", "amount", "supplierprice") VALUES (27, 20, 34, 119.00) ON CONFLICT DO NOTHING;
INSERT INTO "public"."ordprod" ("ordid", "pid", "amount", "supplierprice") VALUES (21, 15, 34, 153.00) ON CONFLICT DO NOTHING;
INSERT INTO "public"."ordprod" ("ordid", "pid", "amount", "supplierprice") VALUES (29, 22, 34, 198.00) ON CONFLICT DO NOTHING;
INSERT INTO "public"."ordprod" ("ordid", "pid", "amount", "supplierprice") VALUES (28, 9, 34, 50.00) ON CONFLICT DO NOTHING;
INSERT INTO "public"."ordprod" ("ordid", "pid", "amount", "supplierprice") VALUES (29, 13, 34, 52.00) ON CONFLICT DO NOTHING;
INSERT INTO "public"."ordprod" ("ordid", "pid", "amount", "supplierprice") VALUES (20, 5, 34, 228.00) ON CONFLICT DO NOTHING;
INSERT INTO "public"."ordprod" ("ordid", "pid", "amount", "supplierprice") VALUES (25, 17, 34, 324.00) ON CONFLICT DO NOTHING;
INSERT INTO "public"."ordprod" ("ordid", "pid", "amount", "supplierprice") VALUES (16, 17, 34, 63.00) ON CONFLICT DO NOTHING;
INSERT INTO "public"."ordprod" ("ordid", "pid", "amount", "supplierprice") VALUES (16, 15, 35, 84.00) ON CONFLICT DO NOTHING;
INSERT INTO "public"."ordprod" ("ordid", "pid", "amount", "supplierprice") VALUES (19, 14, 35, 59.00) ON CONFLICT DO NOTHING;
INSERT INTO "public"."ordprod" ("ordid", "pid", "amount", "supplierprice") VALUES (10, 38, 35, 355.00) ON CONFLICT DO NOTHING;
INSERT INTO "public"."ordprod" ("ordid", "pid", "amount", "supplierprice") VALUES (17, 21, 35, 117.00) ON CONFLICT DO NOTHING;
INSERT INTO "public"."ordprod" ("ordid", "pid", "amount", "supplierprice") VALUES (30, 36, 36, 121.00) ON CONFLICT DO NOTHING;
INSERT INTO "public"."ordprod" ("ordid", "pid", "amount", "supplierprice") VALUES (14, 38, 36, 99.00) ON CONFLICT DO NOTHING;
INSERT INTO "public"."ordprod" ("ordid", "pid", "amount", "supplierprice") VALUES (22, 38, 36, 390.00) ON CONFLICT DO NOTHING;
INSERT INTO "public"."ordprod" ("ordid", "pid", "amount", "supplierprice") VALUES (13, 38, 36, 71.00) ON CONFLICT DO NOTHING;
INSERT INTO "public"."ordprod" ("ordid", "pid", "amount", "supplierprice") VALUES (10, 17, 36, 130.00) ON CONFLICT DO NOTHING;
INSERT INTO "public"."ordprod" ("ordid", "pid", "amount", "supplierprice") VALUES (13, 39, 36, 149.00) ON CONFLICT DO NOTHING;
INSERT INTO "public"."ordprod" ("ordid", "pid", "amount", "supplierprice") VALUES (22, 39, 36, 20.00) ON CONFLICT DO NOTHING;
INSERT INTO "public"."ordprod" ("ordid", "pid", "amount", "supplierprice") VALUES (15, 16, 36, 139.00) ON CONFLICT DO NOTHING;
INSERT INTO "public"."ordprod" ("ordid", "pid", "amount", "supplierprice") VALUES (14, 9, 36, 50.00) ON CONFLICT DO NOTHING;
INSERT INTO "public"."ordprod" ("ordid", "pid", "amount", "supplierprice") VALUES (18, 22, 37, 49.00) ON CONFLICT DO NOTHING;
INSERT INTO "public"."ordprod" ("ordid", "pid", "amount", "supplierprice") VALUES (19, 40, 37, 138.00) ON CONFLICT DO NOTHING;
INSERT INTO "public"."ordprod" ("ordid", "pid", "amount", "supplierprice") VALUES (21, 5, 37, 396.00) ON CONFLICT DO NOTHING;
INSERT INTO "public"."ordprod" ("ordid", "pid", "amount", "supplierprice") VALUES (11, 38, 37, 360.00) ON CONFLICT DO NOTHING;
INSERT INTO "public"."ordprod" ("ordid", "pid", "amount", "supplierprice") VALUES (17, 38, 37, 16.00) ON CONFLICT DO NOTHING;
INSERT INTO "public"."ordprod" ("ordid", "pid", "amount", "supplierprice") VALUES (14, 39, 37, 110.00) ON CONFLICT DO NOTHING;
INSERT INTO "public"."ordprod" ("ordid", "pid", "amount", "supplierprice") VALUES (21, 38, 37, 66.00) ON CONFLICT DO NOTHING;
INSERT INTO "public"."ordprod" ("ordid", "pid", "amount", "supplierprice") VALUES (23, 39, 37, 394.00) ON CONFLICT DO NOTHING;
INSERT INTO "public"."ordprod" ("ordid", "pid", "amount", "supplierprice") VALUES (22, 40, 37, 237.00) ON CONFLICT DO NOTHING;
INSERT INTO "public"."ordprod" ("ordid", "pid", "amount", "supplierprice") VALUES (26, 19, 37, 349.00) ON CONFLICT DO NOTHING;
INSERT INTO "public"."ordprod" ("ordid", "pid", "amount", "supplierprice") VALUES (25, 40, 37, 268.00) ON CONFLICT DO NOTHING;
INSERT INTO "public"."ordprod" ("ordid", "pid", "amount", "supplierprice") VALUES (25, 41, 37, 348.00) ON CONFLICT DO NOTHING;
INSERT INTO "public"."ordprod" ("ordid", "pid", "amount", "supplierprice") VALUES (22, 41, 37, 96.00) ON CONFLICT DO NOTHING;
INSERT INTO "public"."ordprod" ("ordid", "pid", "amount", "supplierprice") VALUES (11, 40, 37, 265.00) ON CONFLICT DO NOTHING;
INSERT INTO "public"."ordprod" ("ordid", "pid", "amount", "supplierprice") VALUES (17, 23, 37, 54.00) ON CONFLICT DO NOTHING;
INSERT INTO "public"."ordprod" ("ordid", "pid", "amount", "supplierprice") VALUES (18, 40, 37, 115.00) ON CONFLICT DO NOTHING;
INSERT INTO "public"."ordprod" ("ordid", "pid", "amount", "supplierprice") VALUES (15, 40, 37, 366.00) ON CONFLICT DO NOTHING;
INSERT INTO "public"."ordprod" ("ordid", "pid", "amount", "supplierprice") VALUES (22, 42, 37, 292.00) ON CONFLICT DO NOTHING;
INSERT INTO "public"."ordprod" ("ordid", "pid", "amount", "supplierprice") VALUES (11, 41, 38, 328.00) ON CONFLICT DO NOTHING;
INSERT INTO "public"."ordprod" ("ordid", "pid", "amount", "supplierprice") VALUES (19, 4, 38, 327.00) ON CONFLICT DO NOTHING;
INSERT INTO "public"."ordprod" ("ordid", "pid", "amount", "supplierprice") VALUES (2, 42, 38, 393.00) ON CONFLICT DO NOTHING;
INSERT INTO "public"."ordprod" ("ordid", "pid", "amount", "supplierprice") VALUES (26, 14, 38, 85.00) ON CONFLICT DO NOTHING;
INSERT INTO "public"."ordprod" ("ordid", "pid", "amount", "supplierprice") VALUES (11, 14, 38, 229.00) ON CONFLICT DO NOTHING;
INSERT INTO "public"."ordprod" ("ordid", "pid", "amount", "supplierprice") VALUES (21, 42, 38, 19.00) ON CONFLICT DO NOTHING;
INSERT INTO "public"."ordprod" ("ordid", "pid", "amount", "supplierprice") VALUES (10, 16, 38, 316.00) ON CONFLICT DO NOTHING;
INSERT INTO "public"."ordprod" ("ordid", "pid", "amount", "supplierprice") VALUES (22, 17, 38, 331.00) ON CONFLICT DO NOTHING;
INSERT INTO "public"."ordprod" ("ordid", "pid", "amount", "supplierprice") VALUES (30, 40, 38, 249.00) ON CONFLICT DO NOTHING;
INSERT INTO "public"."ordprod" ("ordid", "pid", "amount", "supplierprice") VALUES (19, 42, 38, 23.00) ON CONFLICT DO NOTHING;
INSERT INTO "public"."ordprod" ("ordid", "pid", "amount", "supplierprice") VALUES (11, 23, 38, 386.00) ON CONFLICT DO NOTHING;
INSERT INTO "public"."ordprod" ("ordid", "pid", "amount", "supplierprice") VALUES (27, 40, 38, 273.00) ON CONFLICT DO NOTHING;
INSERT INTO "public"."ordprod" ("ordid", "pid", "amount", "supplierprice") VALUES (19, 43, 38, 289.00) ON CONFLICT DO NOTHING;
INSERT INTO "public"."ordprod" ("ordid", "pid", "amount", "supplierprice") VALUES (17, 18, 39, 303.00) ON CONFLICT DO NOTHING;
INSERT INTO "public"."ordprod" ("ordid", "pid", "amount", "supplierprice") VALUES (17, 15, 39, 6.00) ON CONFLICT DO NOTHING;
INSERT INTO "public"."ordprod" ("ordid", "pid", "amount", "supplierprice") VALUES (18, 42, 39, 73.00) ON CONFLICT DO NOTHING;
INSERT INTO "public"."ordprod" ("ordid", "pid", "amount", "supplierprice") VALUES (28, 10, 39, 267.00) ON CONFLICT DO NOTHING;
INSERT INTO "public"."ordprod" ("ordid", "pid", "amount", "supplierprice") VALUES (26, 6, 39, 310.00) ON CONFLICT DO NOTHING;
INSERT INTO "public"."ordprod" ("ordid", "pid", "amount", "supplierprice") VALUES (15, 2, 40, 97.00) ON CONFLICT DO NOTHING;
INSERT INTO "public"."ordprod" ("ordid", "pid", "amount", "supplierprice") VALUES (20, 8, 40, 346.00) ON CONFLICT DO NOTHING;
INSERT INTO "public"."ordprod" ("ordid", "pid", "amount", "supplierprice") VALUES (12, 22, 40, 198.00) ON CONFLICT DO NOTHING;
INSERT INTO "public"."ordprod" ("ordid", "pid", "amount", "supplierprice") VALUES (27, 19, 40, 60.00) ON CONFLICT DO NOTHING;
INSERT INTO "public"."ordprod" ("ordid", "pid", "amount", "supplierprice") VALUES (28, 4, 40, 169.00) ON CONFLICT DO NOTHING;
INSERT INTO "public"."ordprod" ("ordid", "pid", "amount", "supplierprice") VALUES (25, 42, 40, 302.00) ON CONFLICT DO NOTHING;
INSERT INTO "public"."ordprod" ("ordid", "pid", "amount", "supplierprice") VALUES (20, 22, 40, 309.00) ON CONFLICT DO NOTHING;
INSERT INTO "public"."ordprod" ("ordid", "pid", "amount", "supplierprice") VALUES (19, 41, 40, 124.00) ON CONFLICT DO NOTHING;
INSERT INTO "public"."ordprod" ("ordid", "pid", "amount", "supplierprice") VALUES (26, 4, 40, 327.00) ON CONFLICT DO NOTHING;
INSERT INTO "public"."ordprod" ("ordid", "pid", "amount", "supplierprice") VALUES (27, 7, 40, 241.00) ON CONFLICT DO NOTHING;
INSERT INTO "public"."ordprod" ("ordid", "pid", "amount", "supplierprice") VALUES (21, 43, 41, 268.00) ON CONFLICT DO NOTHING;
INSERT INTO "public"."ordprod" ("ordid", "pid", "amount", "supplierprice") VALUES (15, 42, 41, 49.00) ON CONFLICT DO NOTHING;
INSERT INTO "public"."ordprod" ("ordid", "pid", "amount", "supplierprice") VALUES (17, 42, 41, 397.00) ON CONFLICT DO NOTHING;
INSERT INTO "public"."ordprod" ("ordid", "pid", "amount", "supplierprice") VALUES (22, 44, 41, 333.00) ON CONFLICT DO NOTHING;
INSERT INTO "public"."ordprod" ("ordid", "pid", "amount", "supplierprice") VALUES (21, 44, 41, 394.00) ON CONFLICT DO NOTHING;
INSERT INTO "public"."ordprod" ("ordid", "pid", "amount", "supplierprice") VALUES (23, 42, 41, 59.00) ON CONFLICT DO NOTHING;
INSERT INTO "public"."ordprod" ("ordid", "pid", "amount", "supplierprice") VALUES (15, 44, 42, 11.00) ON CONFLICT DO NOTHING;
INSERT INTO "public"."ordprod" ("ordid", "pid", "amount", "supplierprice") VALUES (15, 41, 42, 169.00) ON CONFLICT DO NOTHING;
INSERT INTO "public"."ordprod" ("ordid", "pid", "amount", "supplierprice") VALUES (13, 42, 42, 108.00) ON CONFLICT DO NOTHING;
INSERT INTO "public"."ordprod" ("ordid", "pid", "amount", "supplierprice") VALUES (26, 12, 42, 64.00) ON CONFLICT DO NOTHING;
INSERT INTO "public"."ordprod" ("ordid", "pid", "amount", "supplierprice") VALUES (20, 42, 43, 300.00) ON CONFLICT DO NOTHING;
INSERT INTO "public"."ordprod" ("ordid", "pid", "amount", "supplierprice") VALUES (18, 2, 43, 227.00) ON CONFLICT DO NOTHING;
INSERT INTO "public"."ordprod" ("ordid", "pid", "amount", "supplierprice") VALUES (13, 13, 43, 170.00) ON CONFLICT DO NOTHING;
INSERT INTO "public"."ordprod" ("ordid", "pid", "amount", "supplierprice") VALUES (11, 42, 43, 243.00) ON CONFLICT DO NOTHING;
INSERT INTO "public"."ordprod" ("ordid", "pid", "amount", "supplierprice") VALUES (11, 43, 43, 74.00) ON CONFLICT DO NOTHING;
INSERT INTO "public"."ordprod" ("ordid", "pid", "amount", "supplierprice") VALUES (28, 42, 43, 112.00) ON CONFLICT DO NOTHING;
INSERT INTO "public"."ordprod" ("ordid", "pid", "amount", "supplierprice") VALUES (23, 21, 43, 100.00) ON CONFLICT DO NOTHING;
INSERT INTO "public"."ordprod" ("ordid", "pid", "amount", "supplierprice") VALUES (12, 42, 43, 10.00) ON CONFLICT DO NOTHING;
INSERT INTO "public"."ordprod" ("ordid", "pid", "amount", "supplierprice") VALUES (11, 8, 43, 134.00) ON CONFLICT DO NOTHING;
INSERT INTO "public"."ordprod" ("ordid", "pid", "amount", "supplierprice") VALUES (21, 45, 43, 20.00) ON CONFLICT DO NOTHING;
INSERT INTO "public"."ordprod" ("ordid", "pid", "amount", "supplierprice") VALUES (13, 44, 43, 77.00) ON CONFLICT DO NOTHING;
INSERT INTO "public"."ordprod" ("ordid", "pid", "amount", "supplierprice") VALUES (19, 44, 43, 195.00) ON CONFLICT DO NOTHING;
INSERT INTO "public"."ordprod" ("ordid", "pid", "amount", "supplierprice") VALUES (26, 15, 43, 18.00) ON CONFLICT DO NOTHING;
INSERT INTO "public"."ordprod" ("ordid", "pid", "amount", "supplierprice") VALUES (13, 45, 43, 24.00) ON CONFLICT DO NOTHING;
INSERT INTO "public"."ordprod" ("ordid", "pid", "amount", "supplierprice") VALUES (20, 44, 43, 263.00) ON CONFLICT DO NOTHING;
INSERT INTO "public"."ordprod" ("ordid", "pid", "amount", "supplierprice") VALUES (24, 45, 44, 30.00) ON CONFLICT DO NOTHING;
INSERT INTO "public"."ordprod" ("ordid", "pid", "amount", "supplierprice") VALUES (27, 8, 44, 392.00) ON CONFLICT DO NOTHING;
INSERT INTO "public"."ordprod" ("ordid", "pid", "amount", "supplierprice") VALUES (19, 45, 44, 332.00) ON CONFLICT DO NOTHING;
INSERT INTO "public"."ordprod" ("ordid", "pid", "amount", "supplierprice") VALUES (23, 44, 45, 270.00) ON CONFLICT DO NOTHING;
INSERT INTO "public"."ordprod" ("ordid", "pid", "amount", "supplierprice") VALUES (15, 45, 45, 375.00) ON CONFLICT DO NOTHING;
INSERT INTO "public"."ordprod" ("ordid", "pid", "amount", "supplierprice") VALUES (15, 46, 45, 339.00) ON CONFLICT DO NOTHING;
INSERT INTO "public"."ordprod" ("ordid", "pid", "amount", "supplierprice") VALUES (13, 6, 45, 271.00) ON CONFLICT DO NOTHING;
INSERT INTO "public"."ordprod" ("ordid", "pid", "amount", "supplierprice") VALUES (20, 45, 45, 337.00) ON CONFLICT DO NOTHING;
INSERT INTO "public"."ordprod" ("ordid", "pid", "amount", "supplierprice") VALUES (28, 44, 45, 231.00) ON CONFLICT DO NOTHING;
INSERT INTO "public"."ordprod" ("ordid", "pid", "amount", "supplierprice") VALUES (20, 46, 45, 83.00) ON CONFLICT DO NOTHING;
INSERT INTO "public"."ordprod" ("ordid", "pid", "amount", "supplierprice") VALUES (27, 44, 45, 120.00) ON CONFLICT DO NOTHING;
INSERT INTO "public"."ordprod" ("ordid", "pid", "amount", "supplierprice") VALUES (21, 46, 46, 355.00) ON CONFLICT DO NOTHING;
INSERT INTO "public"."ordprod" ("ordid", "pid", "amount", "supplierprice") VALUES (18, 46, 47, 65.00) ON CONFLICT DO NOTHING;
INSERT INTO "public"."ordprod" ("ordid", "pid", "amount", "supplierprice") VALUES (12, 23, 47, 365.00) ON CONFLICT DO NOTHING;
INSERT INTO "public"."ordprod" ("ordid", "pid", "amount", "supplierprice") VALUES (25, 12, 48, 349.00) ON CONFLICT DO NOTHING;
INSERT INTO "public"."ordprod" ("ordid", "pid", "amount", "supplierprice") VALUES (16, 44, 48, 344.00) ON CONFLICT DO NOTHING;
INSERT INTO "public"."ordprod" ("ordid", "pid", "amount", "supplierprice") VALUES (11, 44, 48, 11.00) ON CONFLICT DO NOTHING;
INSERT INTO "public"."ordprod" ("ordid", "pid", "amount", "supplierprice") VALUES (11, 46, 48, 219.00) ON CONFLICT DO NOTHING;
INSERT INTO "public"."ordprod" ("ordid", "pid", "amount", "supplierprice") VALUES (25, 44, 48, 281.00) ON CONFLICT DO NOTHING;
INSERT INTO "public"."ordprod" ("ordid", "pid", "amount", "supplierprice") VALUES (15, 47, 48, 78.00) ON CONFLICT DO NOTHING;
INSERT INTO "public"."ordprod" ("ordid", "pid", "amount", "supplierprice") VALUES (28, 50, 48, 199.00) ON CONFLICT DO NOTHING;
INSERT INTO "public"."ordprod" ("ordid", "pid", "amount", "supplierprice") VALUES (30, 16, 48, 139.00) ON CONFLICT DO NOTHING;
INSERT INTO "public"."ordprod" ("ordid", "pid", "amount", "supplierprice") VALUES (12, 50, 48, 10.00) ON CONFLICT DO NOTHING;
INSERT INTO "public"."ordprod" ("ordid", "pid", "amount", "supplierprice") VALUES (28, 49, 48, 316.00) ON CONFLICT DO NOTHING;
INSERT INTO "public"."ordprod" ("ordid", "pid", "amount", "supplierprice") VALUES (29, 15, 48, 301.00) ON CONFLICT DO NOTHING;
INSERT INTO "public"."ordprod" ("ordid", "pid", "amount", "supplierprice") VALUES (30, 10, 48, 109.00) ON CONFLICT DO NOTHING;
INSERT INTO "public"."ordprod" ("ordid", "pid", "amount", "supplierprice") VALUES (26, 60, 48, 385.00) ON CONFLICT DO NOTHING;
INSERT INTO "public"."ordprod" ("ordid", "pid", "amount", "supplierprice") VALUES (14, 60, 48, 292.00) ON CONFLICT DO NOTHING;
INSERT INTO "public"."ordprod" ("ordid", "pid", "amount", "supplierprice") VALUES (12, 60, 48, 366.00) ON CONFLICT DO NOTHING;
INSERT INTO "public"."ordprod" ("ordid", "pid", "amount", "supplierprice") VALUES (24, 3, 48, 20.00) ON CONFLICT DO NOTHING;
INSERT INTO "public"."ordprod" ("ordid", "pid", "amount", "supplierprice") VALUES (17, 60, 48, 314.00) ON CONFLICT DO NOTHING;
INSERT INTO "public"."ordprod" ("ordid", "pid", "amount", "supplierprice") VALUES (20, 60, 48, 101.00) ON CONFLICT DO NOTHING;
INSERT INTO "public"."ordprod" ("ordid", "pid", "amount", "supplierprice") VALUES (15, 60, 49, 130.00) ON CONFLICT DO NOTHING;
INSERT INTO "public"."ordprod" ("ordid", "pid", "amount", "supplierprice") VALUES (22, 60, 49, 139.00) ON CONFLICT DO NOTHING;
INSERT INTO "public"."ordprod" ("ordid", "pid", "amount", "supplierprice") VALUES (16, 60, 49, 170.00) ON CONFLICT DO NOTHING;
INSERT INTO "public"."ordprod" ("ordid", "pid", "amount", "supplierprice") VALUES (22, 61, 49, 263.00) ON CONFLICT DO NOTHING;
INSERT INTO "public"."ordprod" ("ordid", "pid", "amount", "supplierprice") VALUES (24, 60, 49, 84.00) ON CONFLICT DO NOTHING;
INSERT INTO "public"."ordprod" ("ordid", "pid", "amount", "supplierprice") VALUES (16, 61, 49, 201.00) ON CONFLICT DO NOTHING;
INSERT INTO "public"."ordprod" ("ordid", "pid", "amount", "supplierprice") VALUES (19, 60, 50, 330.00) ON CONFLICT DO NOTHING;
INSERT INTO "public"."ordprod" ("ordid", "pid", "amount", "supplierprice") VALUES (14, 17, 50, 324.00) ON CONFLICT DO NOTHING;
INSERT INTO "public"."ordprod" ("ordid", "pid", "amount", "supplierprice") VALUES (20, 24, 50, 384.00) ON CONFLICT DO NOTHING;
INSERT INTO "public"."ordprod" ("ordid", "pid", "amount", "supplierprice") VALUES (20, 18, 50, 87.00) ON CONFLICT DO NOTHING;
INSERT INTO "public"."ordprod" ("ordid", "pid", "amount", "supplierprice") VALUES (20, 61, 50, 211.00) ON CONFLICT DO NOTHING;
INSERT INTO "public"."ordprod" ("ordid", "pid", "amount", "supplierprice") VALUES (22, 55, 50, 109.00) ON CONFLICT DO NOTHING;
INSERT INTO "public"."ordprod" ("ordid", "pid", "amount", "supplierprice") VALUES (26, 17, 50, 382.00) ON CONFLICT DO NOTHING;
INSERT INTO "public"."ordprod" ("ordid", "pid", "amount", "supplierprice") VALUES (11, 55, 50, 308.00) ON CONFLICT DO NOTHING;
INSERT INTO "public"."ordprod" ("ordid", "pid", "amount", "supplierprice") VALUES (20, 66, 50, 106.00) ON CONFLICT DO NOTHING;
INSERT INTO "public"."ordprod" ("ordid", "pid", "amount", "supplierprice") VALUES (29, 8, 50, 392.00) ON CONFLICT DO NOTHING;
INSERT INTO "public"."ordprod" ("ordid", "pid", "amount", "supplierprice") VALUES (22, 66, 50, 357.00) ON CONFLICT DO NOTHING;
INSERT INTO "public"."ordprod" ("ordid", "pid", "amount", "supplierprice") VALUES (10, 20, 50, 27.00) ON CONFLICT DO NOTHING;
INSERT INTO "public"."ordprod" ("ordid", "pid", "amount", "supplierprice") VALUES (11, 67, 50, 4.00) ON CONFLICT DO NOTHING;
INSERT INTO "public"."ordprod" ("ordid", "pid", "amount", "supplierprice") VALUES (10, 12, 50, 36.00) ON CONFLICT DO NOTHING;
INSERT INTO "public"."ordprod" ("ordid", "pid", "amount", "supplierprice") VALUES (20, 55, 50, 298.00) ON CONFLICT DO NOTHING;
INSERT INTO "public"."ordprod" ("ordid", "pid", "amount", "supplierprice") VALUES (30, 55, 50, 293.00) ON CONFLICT DO NOTHING;


--
-- TOC entry 3471 (class 0 OID 25010)
-- Dependencies: 222
-- Data for Name: product; Type: TABLE DATA; Schema: public; Owner: cotehila
--

INSERT INTO "public"."product" ("pid", "pname", "stock", "price", "validity", "depid", "brand") VALUES (1, 'Laptop', 13, 72.49, '2025-11-29', 20, 'GLORY') ON CONFLICT DO NOTHING;
INSERT INTO "public"."product" ("pid", "pname", "stock", "price", "validity", "depid", "brand") VALUES (2, 'Shirt', 27, 149.17, '2025-12-15', 15, 'GLORY') ON CONFLICT DO NOTHING;
INSERT INTO "public"."product" ("pid", "pname", "stock", "price", "validity", "depid", "brand") VALUES (3, 'Apple', 2, 70.42, '2026-02-13', 14, 'GLORY') ON CONFLICT DO NOTHING;
INSERT INTO "public"."product" ("pid", "pname", "stock", "price", "validity", "depid", "brand") VALUES (4, 'Sofa', 27, 18, '2025-06-15', 14, 'GLORY') ON CONFLICT DO NOTHING;
INSERT INTO "public"."product" ("pid", "pname", "stock", "price", "validity", "depid", "brand") VALUES (5, 'Toy Car', 32, 107.5, '2026-03-13', 4, 'GLORY') ON CONFLICT DO NOTHING;
INSERT INTO "public"."product" ("pid", "pname", "stock", "price", "validity", "depid", "brand") VALUES (6, 'Book', 37, 113.37, '2025-11-22', 14, 'GLORY') ON CONFLICT DO NOTHING;
INSERT INTO "public"."product" ("pid", "pname", "stock", "price", "validity", "depid", "brand") VALUES (7, 'TV', 48, 29.74, '2025-10-17', 11, 'GLORY') ON CONFLICT DO NOTHING;
INSERT INTO "public"."product" ("pid", "pname", "stock", "price", "validity", "depid", "brand") VALUES (8, 'Jeans', 1, 14.76, '2026-01-04', 4, 'GLORY') ON CONFLICT DO NOTHING;
INSERT INTO "public"."product" ("pid", "pname", "stock", "price", "validity", "depid", "brand") VALUES (9, 'Banana', 25, 86.29, '2025-10-04', 1, 'GLORY') ON CONFLICT DO NOTHING;
INSERT INTO "public"."product" ("pid", "pname", "stock", "price", "validity", "depid", "brand") VALUES (10, 'Couch', 37, 68.02, '2026-02-13', 19, 'GLORY') ON CONFLICT DO NOTHING;
INSERT INTO "public"."product" ("pid", "pname", "stock", "price", "validity", "depid", "brand") VALUES (11, 'Smartphone', 12, 14.33, '2026-01-03', 6, 'GLORY') ON CONFLICT DO NOTHING;
INSERT INTO "public"."product" ("pid", "pname", "stock", "price", "validity", "depid", "brand") VALUES (12, 'Tablet', 46, 30.2, '2026-01-25', 2, 'GLORY') ON CONFLICT DO NOTHING;
INSERT INTO "public"."product" ("pid", "pname", "stock", "price", "validity", "depid", "brand") VALUES (13, 'Headphones', 36, 30.38, '2025-04-18', 13, 'GLORY') ON CONFLICT DO NOTHING;
INSERT INTO "public"."product" ("pid", "pname", "stock", "price", "validity", "depid", "brand") VALUES (14, 'Camera', 7, 84.67, '2026-01-15', 4, 'GLORY') ON CONFLICT DO NOTHING;
INSERT INTO "public"."product" ("pid", "pname", "stock", "price", "validity", "depid", "brand") VALUES (15, 'Monitor', 30, 60.64, '2025-06-30', 5, 'GLORY') ON CONFLICT DO NOTHING;
INSERT INTO "public"."product" ("pid", "pname", "stock", "price", "validity", "depid", "brand") VALUES (16, 'Speaker', 19, 68.46, '2025-11-19', 2, 'GLORY') ON CONFLICT DO NOTHING;
INSERT INTO "public"."product" ("pid", "pname", "stock", "price", "validity", "depid", "brand") VALUES (17, 'Microwave', 9, 67.76, '2025-10-23', 3, 'GLORY') ON CONFLICT DO NOTHING;
INSERT INTO "public"."product" ("pid", "pname", "stock", "price", "validity", "depid", "brand") VALUES (18, 'Fridge', 2, 82.95, '2025-11-16', 2, 'GLORY') ON CONFLICT DO NOTHING;
INSERT INTO "public"."product" ("pid", "pname", "stock", "price", "validity", "depid", "brand") VALUES (19, 'Washing Machine', 37, 88.84, '2025-08-11', 7, 'GLORY') ON CONFLICT DO NOTHING;
INSERT INTO "public"."product" ("pid", "pname", "stock", "price", "validity", "depid", "brand") VALUES (20, 'Oven', 23, 168.1, '2026-01-11', 19, 'GLORY') ON CONFLICT DO NOTHING;
INSERT INTO "public"."product" ("pid", "pname", "stock", "price", "validity", "depid", "brand") VALUES (21, 'Shoes', 42, 189.45, '2025-12-07', 16, 'GLORY') ON CONFLICT DO NOTHING;
INSERT INTO "public"."product" ("pid", "pname", "stock", "price", "validity", "depid", "brand") VALUES (22, 'Jacket', 18, 79.31, '2025-10-10', 11, 'GLORY') ON CONFLICT DO NOTHING;
INSERT INTO "public"."product" ("pid", "pname", "stock", "price", "validity", "depid", "brand") VALUES (23, 'Dress', 1, 198.13, '2025-04-20', 14, 'GLORY') ON CONFLICT DO NOTHING;
INSERT INTO "public"."product" ("pid", "pname", "stock", "price", "validity", "depid", "brand") VALUES (24, 'T-shirt', 2, 73.08, '2025-10-23', 2, 'GLORY') ON CONFLICT DO NOTHING;
INSERT INTO "public"."product" ("pid", "pname", "stock", "price", "validity", "depid", "brand") VALUES (25, 'Skirt', 35, 138.35, '2025-06-14', 17, 'GLORY') ON CONFLICT DO NOTHING;
INSERT INTO "public"."product" ("pid", "pname", "stock", "price", "validity", "depid", "brand") VALUES (26, 'Sweater', 8, 58.38, '2025-08-22', 2, 'GLORY') ON CONFLICT DO NOTHING;
INSERT INTO "public"."product" ("pid", "pname", "stock", "price", "validity", "depid", "brand") VALUES (27, 'Pants', 20, 159.95, '2025-11-10', 13, 'GLORY') ON CONFLICT DO NOTHING;
INSERT INTO "public"."product" ("pid", "pname", "stock", "price", "validity", "depid", "brand") VALUES (28, 'Shorts', 42, 76.46, '2025-07-14', 2, 'GLORY') ON CONFLICT DO NOTHING;
INSERT INTO "public"."product" ("pid", "pname", "stock", "price", "validity", "depid", "brand") VALUES (29, 'Boots', 4, 138.86, '2025-08-11', 18, 'GLORY') ON CONFLICT DO NOTHING;
INSERT INTO "public"."product" ("pid", "pname", "stock", "price", "validity", "depid", "brand") VALUES (30, 'Gloves', 48, 149.94, '2025-10-22', 1, 'GLORY') ON CONFLICT DO NOTHING;
INSERT INTO "public"."product" ("pid", "pname", "stock", "price", "validity", "depid", "brand") VALUES (31, 'Toothpaste', 21, 82.72, '2025-08-24', 12, 'GLORY') ON CONFLICT DO NOTHING;
INSERT INTO "public"."product" ("pid", "pname", "stock", "price", "validity", "depid", "brand") VALUES (32, 'Shampoo', 34, 30.01, '2025-09-12', 17, 'GLORY') ON CONFLICT DO NOTHING;
INSERT INTO "public"."product" ("pid", "pname", "stock", "price", "validity", "depid", "brand") VALUES (33, 'Conditioner', 6, 184.97, '2025-06-04', 12, 'GLORY') ON CONFLICT DO NOTHING;
INSERT INTO "public"."product" ("pid", "pname", "stock", "price", "validity", "depid", "brand") VALUES (34, 'Deodorant', 42, 29.24, '2025-06-30', 10, 'GLORY') ON CONFLICT DO NOTHING;
INSERT INTO "public"."product" ("pid", "pname", "stock", "price", "validity", "depid", "brand") VALUES (35, 'Face Cream', 21, 136.32, '2025-11-29', 6, 'GLORY') ON CONFLICT DO NOTHING;
INSERT INTO "public"."product" ("pid", "pname", "stock", "price", "validity", "depid", "brand") VALUES (36, 'Sunscreen', 17, 158.75, '2025-06-09', 10, 'GLORY') ON CONFLICT DO NOTHING;
INSERT INTO "public"."product" ("pid", "pname", "stock", "price", "validity", "depid", "brand") VALUES (37, 'Perfume', 13, 101.73, '2025-07-11', 11, 'GLORY') ON CONFLICT DO NOTHING;
INSERT INTO "public"."product" ("pid", "pname", "stock", "price", "validity", "depid", "brand") VALUES (38, 'Nail Polish', 47, 34.12, '2025-05-22', 10, 'GLORY') ON CONFLICT DO NOTHING;
INSERT INTO "public"."product" ("pid", "pname", "stock", "price", "validity", "depid", "brand") VALUES (39, 'Lipstick', 22, 184.71, '2025-10-25', 11, 'GLORY') ON CONFLICT DO NOTHING;
INSERT INTO "public"."product" ("pid", "pname", "stock", "price", "validity", "depid", "brand") VALUES (40, 'Mascara', 22, 108.15, '2026-03-22', 16, 'GLORY') ON CONFLICT DO NOTHING;
INSERT INTO "public"."product" ("pid", "pname", "stock", "price", "validity", "depid", "brand") VALUES (41, 'Desk', 47, 146.54, '2026-03-03', 2, 'GLORY') ON CONFLICT DO NOTHING;
INSERT INTO "public"."product" ("pid", "pname", "stock", "price", "validity", "depid", "brand") VALUES (42, 'Chair', 37, 20.68, '2025-11-15', 11, 'GLORY') ON CONFLICT DO NOTHING;
INSERT INTO "public"."product" ("pid", "pname", "stock", "price", "validity", "depid", "brand") VALUES (43, 'Bed', 45, 192.46, '2025-07-05', 15, 'GLORY') ON CONFLICT DO NOTHING;
INSERT INTO "public"."product" ("pid", "pname", "stock", "price", "validity", "depid", "brand") VALUES (44, 'Couch', 50, 160.73, '2026-01-07', 4, 'GLORY') ON CONFLICT DO NOTHING;
INSERT INTO "public"."product" ("pid", "pname", "stock", "price", "validity", "depid", "brand") VALUES (45, 'Coffee Table', 33, 23.89, '2025-05-24', 5, 'GLORY') ON CONFLICT DO NOTHING;
INSERT INTO "public"."product" ("pid", "pname", "stock", "price", "validity", "depid", "brand") VALUES (46, 'Bookshelf', 29, 68, '2025-08-16', 3, 'GLORY') ON CONFLICT DO NOTHING;
INSERT INTO "public"."product" ("pid", "pname", "stock", "price", "validity", "depid", "brand") VALUES (47, 'Lampshade', 0, 78.26, '2026-02-13', 14, 'GLORY') ON CONFLICT DO NOTHING;
INSERT INTO "public"."product" ("pid", "pname", "stock", "price", "validity", "depid", "brand") VALUES (48, 'Dining Table', 0, 158.61, '2025-06-02', 18, 'GLORY') ON CONFLICT DO NOTHING;
INSERT INTO "public"."product" ("pid", "pname", "stock", "price", "validity", "depid", "brand") VALUES (49, 'Wardrobe', 30, 69.79, '2025-07-02', 16, 'GLORY') ON CONFLICT DO NOTHING;
INSERT INTO "public"."product" ("pid", "pname", "stock", "price", "validity", "depid", "brand") VALUES (50, 'Curtains', 10, 48.56, '2026-01-26', 17, 'GLORY') ON CONFLICT DO NOTHING;
INSERT INTO "public"."product" ("pid", "pname", "stock", "price", "validity", "depid", "brand") VALUES (51, 'Soccer Ball', 19, 147.66, '2025-12-14', 18, 'GLORY') ON CONFLICT DO NOTHING;
INSERT INTO "public"."product" ("pid", "pname", "stock", "price", "validity", "depid", "brand") VALUES (52, 'Tennis Racket', 4, 109.5, '2025-12-21', 10, 'GLORY') ON CONFLICT DO NOTHING;
INSERT INTO "public"."product" ("pid", "pname", "stock", "price", "validity", "depid", "brand") VALUES (53, 'Basketball', 35, 135.35, '2025-06-24', 8, 'GLORY') ON CONFLICT DO NOTHING;
INSERT INTO "public"."product" ("pid", "pname", "stock", "price", "validity", "depid", "brand") VALUES (54, 'Baseball Glove', 1, 64.44, '2026-03-13', 2, 'GLORY') ON CONFLICT DO NOTHING;
INSERT INTO "public"."product" ("pid", "pname", "stock", "price", "validity", "depid", "brand") VALUES (55, 'Hockey Stick', 45, 106.18, '2026-02-14', 15, 'GLORY') ON CONFLICT DO NOTHING;
INSERT INTO "public"."product" ("pid", "pname", "stock", "price", "validity", "depid", "brand") VALUES (56, 'Yoga Mat', 33, 80.06, '2025-06-28', 10, 'GLORY') ON CONFLICT DO NOTHING;
INSERT INTO "public"."product" ("pid", "pname", "stock", "price", "validity", "depid", "brand") VALUES (57, 'Bicycle', 46, 117.04, '2025-06-17', 4, 'GLORY') ON CONFLICT DO NOTHING;
INSERT INTO "public"."product" ("pid", "pname", "stock", "price", "validity", "depid", "brand") VALUES (58, 'Jump Rope', 48, 94.61, '2025-06-21', 15, 'GLORY') ON CONFLICT DO NOTHING;
INSERT INTO "public"."product" ("pid", "pname", "stock", "price", "validity", "depid", "brand") VALUES (59, 'Football', 18, 82.77, '2025-11-14', 9, 'GLORY') ON CONFLICT DO NOTHING;
INSERT INTO "public"."product" ("pid", "pname", "stock", "price", "validity", "depid", "brand") VALUES (60, 'Dumbbells', 22, 120.41, '2025-11-21', 13, 'GLORY') ON CONFLICT DO NOTHING;
INSERT INTO "public"."product" ("pid", "pname", "stock", "price", "validity", "depid", "brand") VALUES (61, 'Dog Food', 46, 115.05, '2025-04-30', 10, 'GLORY') ON CONFLICT DO NOTHING;
INSERT INTO "public"."product" ("pid", "pname", "stock", "price", "validity", "depid", "brand") VALUES (62, 'Cat Litter', 48, 154.34, '2025-04-18', 1, 'GLORY') ON CONFLICT DO NOTHING;
INSERT INTO "public"."product" ("pid", "pname", "stock", "price", "validity", "depid", "brand") VALUES (63, 'Bird Cage', 17, 192.16, '2025-11-02', 15, 'GLORY') ON CONFLICT DO NOTHING;
INSERT INTO "public"."product" ("pid", "pname", "stock", "price", "validity", "depid", "brand") VALUES (64, 'Fish Tank', 1, 190.24, '2025-08-29', 7, 'GLORY') ON CONFLICT DO NOTHING;
INSERT INTO "public"."product" ("pid", "pname", "stock", "price", "validity", "depid", "brand") VALUES (65, 'Leash', 5, 107.3, '2025-04-15', 5, 'GLORY') ON CONFLICT DO NOTHING;
INSERT INTO "public"."product" ("pid", "pname", "stock", "price", "validity", "depid", "brand") VALUES (66, 'Collar', 16, 168.39, '2025-08-09', 14, 'GLORY') ON CONFLICT DO NOTHING;
INSERT INTO "public"."product" ("pid", "pname", "stock", "price", "validity", "depid", "brand") VALUES (67, 'Pet Shampoo', 23, 187.92, '2026-03-26', 13, 'GLORY') ON CONFLICT DO NOTHING;
INSERT INTO "public"."product" ("pid", "pname", "stock", "price", "validity", "depid", "brand") VALUES (68, 'Pet Toy', 34, 56.84, '2025-11-20', 7, 'GLORY') ON CONFLICT DO NOTHING;
INSERT INTO "public"."product" ("pid", "pname", "stock", "price", "validity", "depid", "brand") VALUES (69, 'Pet Bed', 35, 17.29, '2025-04-12', 3, 'GLORY') ON CONFLICT DO NOTHING;
INSERT INTO "public"."product" ("pid", "pname", "stock", "price", "validity", "depid", "brand") VALUES (70, 'Pet Carrier', 10, 137.48, '2025-07-10', 1, 'GLORY') ON CONFLICT DO NOTHING;
INSERT INTO "public"."product" ("pid", "pname", "stock", "price", "validity", "depid", "brand") VALUES (71, 'Cucumber', 15, 51.79, '2026-01-03', 11, 'GLORY') ON CONFLICT DO NOTHING;
INSERT INTO "public"."product" ("pid", "pname", "stock", "price", "validity", "depid", "brand") VALUES (72, 'Tomato', 31, 198.8, '2025-05-14', 18, 'GLORY') ON CONFLICT DO NOTHING;
INSERT INTO "public"."product" ("pid", "pname", "stock", "price", "validity", "depid", "brand") VALUES (73, 'Carrot', 4, 183.05, '2025-12-24', 14, 'GLORY') ON CONFLICT DO NOTHING;
INSERT INTO "public"."product" ("pid", "pname", "stock", "price", "validity", "depid", "brand") VALUES (74, 'Lettuce', 18, 197.02, '2025-12-02', 3, 'GLORY') ON CONFLICT DO NOTHING;
INSERT INTO "public"."product" ("pid", "pname", "stock", "price", "validity", "depid", "brand") VALUES (75, 'Potato', 5, 165.72, '2026-01-26', 16, 'GLORY') ON CONFLICT DO NOTHING;
INSERT INTO "public"."product" ("pid", "pname", "stock", "price", "validity", "depid", "brand") VALUES (76, 'Onion', 49, 120.44, '2025-09-10', 13, 'GLORY') ON CONFLICT DO NOTHING;
INSERT INTO "public"."product" ("pid", "pname", "stock", "price", "validity", "depid", "brand") VALUES (77, 'Garlic', 9, 70.82, '2026-03-08', 10, 'GLORY') ON CONFLICT DO NOTHING;
INSERT INTO "public"."product" ("pid", "pname", "stock", "price", "validity", "depid", "brand") VALUES (200, 'מיץ גזר', 28, 37, '2025-11-05', 1, 'גבע') ON CONFLICT DO NOTHING;
INSERT INTO "public"."product" ("pid", "pname", "stock", "price", "validity", "depid", "brand") VALUES (79, 'Spinach', 0, 190.14, '2025-05-31', 17, 'GLORY') ON CONFLICT DO NOTHING;
INSERT INTO "public"."product" ("pid", "pname", "stock", "price", "validity", "depid", "brand") VALUES (80, 'Peas', 18, 177.56, '2025-07-31', 5, 'GLORY') ON CONFLICT DO NOTHING;
INSERT INTO "public"."product" ("pid", "pname", "stock", "price", "validity", "depid", "brand") VALUES (81, 'Chicken Breast', 42, 39.51, '2026-01-18', 20, 'GLORY') ON CONFLICT DO NOTHING;
INSERT INTO "public"."product" ("pid", "pname", "stock", "price", "validity", "depid", "brand") VALUES (82, 'Beef Steak', 44, 102.2, '2025-08-23', 5, 'GLORY') ON CONFLICT DO NOTHING;
INSERT INTO "public"."product" ("pid", "pname", "stock", "price", "validity", "depid", "brand") VALUES (83, 'Pork Chops', 50, 157.24, '2025-10-24', 9, 'GLORY') ON CONFLICT DO NOTHING;
INSERT INTO "public"."product" ("pid", "pname", "stock", "price", "validity", "depid", "brand") VALUES (84, 'Salmon', 41, 9.02, '2025-11-07', 1, 'GLORY') ON CONFLICT DO NOTHING;
INSERT INTO "public"."product" ("pid", "pname", "stock", "price", "validity", "depid", "brand") VALUES (85, 'Shrimp', 16, 161.25, '2025-09-23', 8, 'GLORY') ON CONFLICT DO NOTHING;
INSERT INTO "public"."product" ("pid", "pname", "stock", "price", "validity", "depid", "brand") VALUES (86, 'Lamb Chops', 1, 143.05, '2025-05-06', 20, 'GLORY') ON CONFLICT DO NOTHING;
INSERT INTO "public"."product" ("pid", "pname", "stock", "price", "validity", "depid", "brand") VALUES (87, 'Sausages', 23, 81.05, '2025-08-10', 18, 'GLORY') ON CONFLICT DO NOTHING;
INSERT INTO "public"."product" ("pid", "pname", "stock", "price", "validity", "depid", "brand") VALUES (88, 'Bacon', 25, 123.11, '2025-05-17', 7, 'GLORY') ON CONFLICT DO NOTHING;
INSERT INTO "public"."product" ("pid", "pname", "stock", "price", "validity", "depid", "brand") VALUES (89, 'Ground Beef', 30, 50.81, '2026-01-06', 1, 'GLORY') ON CONFLICT DO NOTHING;
INSERT INTO "public"."product" ("pid", "pname", "stock", "price", "validity", "depid", "brand") VALUES (90, 'Turkey', 11, 15.49, '2025-08-06', 7, 'GLORY') ON CONFLICT DO NOTHING;
INSERT INTO "public"."product" ("pid", "pname", "stock", "price", "validity", "depid", "brand") VALUES (91, 'Bread', 6, 98.07, '2025-07-14', 1, 'GLORY') ON CONFLICT DO NOTHING;
INSERT INTO "public"."product" ("pid", "pname", "stock", "price", "validity", "depid", "brand") VALUES (92, 'Croissant', 50, 29.36, '2025-06-23', 15, 'GLORY') ON CONFLICT DO NOTHING;
INSERT INTO "public"."product" ("pid", "pname", "stock", "price", "validity", "depid", "brand") VALUES (93, 'Baguette', 10, 52.96, '2026-02-28', 8, 'GLORY') ON CONFLICT DO NOTHING;
INSERT INTO "public"."product" ("pid", "pname", "stock", "price", "validity", "depid", "brand") VALUES (94, 'Bagel', 50, 163.49, '2026-01-19', 19, 'GLORY') ON CONFLICT DO NOTHING;
INSERT INTO "public"."product" ("pid", "pname", "stock", "price", "validity", "depid", "brand") VALUES (95, 'Ciabatta', 7, 61.99, '2025-09-30', 5, 'GLORY') ON CONFLICT DO NOTHING;
INSERT INTO "public"."product" ("pid", "pname", "stock", "price", "validity", "depid", "brand") VALUES (96, 'Focaccia', 27, 198.51, '2025-09-15', 6, 'GLORY') ON CONFLICT DO NOTHING;
INSERT INTO "public"."product" ("pid", "pname", "stock", "price", "validity", "depid", "brand") VALUES (97, 'Muffins', 28, 34.12, '2026-01-28', 7, 'GLORY') ON CONFLICT DO NOTHING;
INSERT INTO "public"."product" ("pid", "pname", "stock", "price", "validity", "depid", "brand") VALUES (98, 'Donuts', 36, 71.6, '2025-12-16', 1, 'GLORY') ON CONFLICT DO NOTHING;
INSERT INTO "public"."product" ("pid", "pname", "stock", "price", "validity", "depid", "brand") VALUES (99, 'Cinnamon Rolls', 29, 136.25, '2026-02-15', 2, 'GLORY') ON CONFLICT DO NOTHING;
INSERT INTO "public"."product" ("pid", "pname", "stock", "price", "validity", "depid", "brand") VALUES (100, 'Pita Bread', 29, 14.24, '2025-05-25', 11, 'GLORY') ON CONFLICT DO NOTHING;
INSERT INTO "public"."product" ("pid", "pname", "stock", "price", "validity", "depid", "brand") VALUES (101, 'Cheddar Cheese', 21, 37.36, '2025-10-12', 2, 'GLORY') ON CONFLICT DO NOTHING;
INSERT INTO "public"."product" ("pid", "pname", "stock", "price", "validity", "depid", "brand") VALUES (102, 'Mozzarella Cheese', 36, 199.18, '2025-12-18', 15, 'GLORY') ON CONFLICT DO NOTHING;
INSERT INTO "public"."product" ("pid", "pname", "stock", "price", "validity", "depid", "brand") VALUES (103, 'Parmesan Cheese', 44, 32.62, '2025-04-06', 8, 'GLORY') ON CONFLICT DO NOTHING;
INSERT INTO "public"."product" ("pid", "pname", "stock", "price", "validity", "depid", "brand") VALUES (104, 'Cream Cheese', 2, 181.34, '2025-10-08', 20, 'GLORY') ON CONFLICT DO NOTHING;
INSERT INTO "public"."product" ("pid", "pname", "stock", "price", "validity", "depid", "brand") VALUES (105, 'Brie Cheese', 31, 123.43, '2026-03-27', 6, 'GLORY') ON CONFLICT DO NOTHING;
INSERT INTO "public"."product" ("pid", "pname", "stock", "price", "validity", "depid", "brand") VALUES (106, 'Gouda Cheese', 19, 187.4, '2025-06-15', 2, 'GLORY') ON CONFLICT DO NOTHING;
INSERT INTO "public"."product" ("pid", "pname", "stock", "price", "validity", "depid", "brand") VALUES (107, 'Feta Cheese', 18, 160.21, '2026-02-08', 10, 'GLORY') ON CONFLICT DO NOTHING;
INSERT INTO "public"."product" ("pid", "pname", "stock", "price", "validity", "depid", "brand") VALUES (108, 'Ricotta Cheese', 11, 136.46, '2026-02-12', 19, 'GLORY') ON CONFLICT DO NOTHING;
INSERT INTO "public"."product" ("pid", "pname", "stock", "price", "validity", "depid", "brand") VALUES (109, 'Goat Cheese', 10, 100.95, '2025-04-20', 19, 'GLORY') ON CONFLICT DO NOTHING;
INSERT INTO "public"."product" ("pid", "pname", "stock", "price", "validity", "depid", "brand") VALUES (110, 'Camembert', 30, 136.66, '2025-12-05', 2, 'GLORY') ON CONFLICT DO NOTHING;
INSERT INTO "public"."product" ("pid", "pname", "stock", "price", "validity", "depid", "brand") VALUES (111, 'Yogurt', 35, 184.16, '2025-11-20', 1, 'GLORY') ON CONFLICT DO NOTHING;
INSERT INTO "public"."product" ("pid", "pname", "stock", "price", "validity", "depid", "brand") VALUES (112, 'Butter', 14, 132.87, '2025-09-28', 19, 'GLORY') ON CONFLICT DO NOTHING;
INSERT INTO "public"."product" ("pid", "pname", "stock", "price", "validity", "depid", "brand") VALUES (113, 'Milk', 23, 136.98, '2025-11-05', 15, 'GLORY') ON CONFLICT DO NOTHING;
INSERT INTO "public"."product" ("pid", "pname", "stock", "price", "validity", "depid", "brand") VALUES (114, 'Almond Milk', 25, 95.68, '2025-11-23', 1, 'GLORY') ON CONFLICT DO NOTHING;
INSERT INTO "public"."product" ("pid", "pname", "stock", "price", "validity", "depid", "brand") VALUES (115, 'Soy Milk', 19, 162.6, '2025-08-04', 19, 'GLORY') ON CONFLICT DO NOTHING;
INSERT INTO "public"."product" ("pid", "pname", "stock", "price", "validity", "depid", "brand") VALUES (116, 'Orange Juice', 28, 169.5, '2025-10-03', 1, 'GLORY') ON CONFLICT DO NOTHING;
INSERT INTO "public"."product" ("pid", "pname", "stock", "price", "validity", "depid", "brand") VALUES (117, 'Apple Juice', 15, 163.02, '2026-02-25', 15, 'GLORY') ON CONFLICT DO NOTHING;
INSERT INTO "public"."product" ("pid", "pname", "stock", "price", "validity", "depid", "brand") VALUES (118, 'Coconut Milk', 27, 118.89, '2025-09-19', 8, 'GLORY') ON CONFLICT DO NOTHING;
INSERT INTO "public"."product" ("pid", "pname", "stock", "price", "validity", "depid", "brand") VALUES (119, 'Coconut Water', 25, 11.08, '2025-07-21', 17, 'GLORY') ON CONFLICT DO NOTHING;
INSERT INTO "public"."product" ("pid", "pname", "stock", "price", "validity", "depid", "brand") VALUES (120, 'Tomato Sauce', 14, 33.54, '2025-05-22', 1, 'GLORY') ON CONFLICT DO NOTHING;
INSERT INTO "public"."product" ("pid", "pname", "stock", "price", "validity", "depid", "brand") VALUES (121, 'Mustard', 3, 72.72, '2025-06-28', 9, 'GLORY') ON CONFLICT DO NOTHING;
INSERT INTO "public"."product" ("pid", "pname", "stock", "price", "validity", "depid", "brand") VALUES (122, 'Ketchup', 13, 103.79, '2025-06-19', 3, 'GLORY') ON CONFLICT DO NOTHING;
INSERT INTO "public"."product" ("pid", "pname", "stock", "price", "validity", "depid", "brand") VALUES (123, 'Mayonnaise', 23, 75.88, '2025-09-30', 8, 'GLORY') ON CONFLICT DO NOTHING;
INSERT INTO "public"."product" ("pid", "pname", "stock", "price", "validity", "depid", "brand") VALUES (124, 'Hot Sauce', 46, 59.3, '2025-06-10', 17, 'GLORY') ON CONFLICT DO NOTHING;
INSERT INTO "public"."product" ("pid", "pname", "stock", "price", "validity", "depid", "brand") VALUES (125, 'Olive Oil', 30, 74.73, '2025-08-19', 18, 'GLORY') ON CONFLICT DO NOTHING;
INSERT INTO "public"."product" ("pid", "pname", "stock", "price", "validity", "depid", "brand") VALUES (126, 'Vegetable Oil', 13, 61.41, '2026-03-01', 12, 'GLORY') ON CONFLICT DO NOTHING;
INSERT INTO "public"."product" ("pid", "pname", "stock", "price", "validity", "depid", "brand") VALUES (127, 'Vinegar', 2, 54.75, '2025-12-06', 6, 'GLORY') ON CONFLICT DO NOTHING;
INSERT INTO "public"."product" ("pid", "pname", "stock", "price", "validity", "depid", "brand") VALUES (128, 'Honey', 22, 15.46, '2025-12-02', 12, 'GLORY') ON CONFLICT DO NOTHING;
INSERT INTO "public"."product" ("pid", "pname", "stock", "price", "validity", "depid", "brand") VALUES (129, 'Maple Syrup', 36, 35.28, '2026-02-12', 10, 'GLORY') ON CONFLICT DO NOTHING;
INSERT INTO "public"."product" ("pid", "pname", "stock", "price", "validity", "depid", "brand") VALUES (130, 'Peanut Butter', 9, 84.59, '2025-11-04', 7, 'GLORY') ON CONFLICT DO NOTHING;
INSERT INTO "public"."product" ("pid", "pname", "stock", "price", "validity", "depid", "brand") VALUES (78, 'Broccoli', 3, 0, '2025-04-03', 20, 'GLORY') ON CONFLICT DO NOTHING;
INSERT INTO "public"."product" ("pid", "pname", "stock", "price", "validity", "depid", "brand") VALUES (201, 'צהובה', 62, 33, '2025-11-05', 2, 'זוהר') ON CONFLICT DO NOTHING;
INSERT INTO "public"."product" ("pid", "pname", "stock", "price", "validity", "depid", "brand") VALUES (202, 'מאפה בצל', 27, 50, '2025-11-05', 3, 'מאפיית ישן') ON CONFLICT DO NOTHING;
INSERT INTO "public"."product" ("pid", "pname", "stock", "price", "validity", "depid", "brand") VALUES (203, 'עוגה', 188, 15, '2025-11-05', 4, 'אחוה') ON CONFLICT DO NOTHING;
INSERT INTO "public"."product" ("pid", "pname", "stock", "price", "validity", "depid", "brand") VALUES (204, 'שמנת חמוצה', 70, 18, '2025-11-05', 5, 'אלטרנטיבה') ON CONFLICT DO NOTHING;
INSERT INTO "public"."product" ("pid", "pname", "stock", "price", "validity", "depid", "brand") VALUES (205, 'סלטים', 79, 30, '2025-11-05', 6, 'אדום חם') ON CONFLICT DO NOTHING;
INSERT INTO "public"."product" ("pid", "pname", "stock", "price", "validity", "depid", "brand") VALUES (206, 'חומוס יבש', 199, 31, '2025-11-05', 7, 'רמי לוי') ON CONFLICT DO NOTHING;
INSERT INTO "public"."product" ("pid", "pname", "stock", "price", "validity", "depid", "brand") VALUES (207, 'פיתות עיראקיות', 111, 41, '2025-11-05', 8, 'דודו') ON CONFLICT DO NOTHING;
INSERT INTO "public"."product" ("pid", "pname", "stock", "price", "validity", "depid", "brand") VALUES (208, 'תפוחי אדמה', 100, 15, '2025-11-05', 9, 'ביסי') ON CONFLICT DO NOTHING;
INSERT INTO "public"."product" ("pid", "pname", "stock", "price", "validity", "depid", "brand") VALUES (209, 'הדס', 179, 16, '2025-11-05', 10, 'ההום') ON CONFLICT DO NOTHING;
INSERT INTO "public"."product" ("pid", "pname", "stock", "price", "validity", "depid", "brand") VALUES (210, 'פתיתים', 79, 6, '2025-11-05', 11, 'גבעי') ON CONFLICT DO NOTHING;
INSERT INTO "public"."product" ("pid", "pname", "stock", "price", "validity", "depid", "brand") VALUES (211, 'קוטג דל שומן', 14, 32, '2025-11-05', 12, 'יטבתה') ON CONFLICT DO NOTHING;
INSERT INTO "public"."product" ("pid", "pname", "stock", "price", "validity", "depid", "brand") VALUES (212, 'פול', 193, 22, '2025-11-05', 13, 'קוסמו') ON CONFLICT DO NOTHING;
INSERT INTO "public"."product" ("pid", "pname", "stock", "price", "validity", "depid", "brand") VALUES (213, 'שיפון מלא', 172, 26, '2025-11-05', 14, 'מאפיית תמר') ON CONFLICT DO NOTHING;
INSERT INTO "public"."product" ("pid", "pname", "stock", "price", "validity", "depid", "brand") VALUES (214, 'חלב', 29, 47, '2025-11-05', 5, 'אלטרנטיבה') ON CONFLICT DO NOTHING;
INSERT INTO "public"."product" ("pid", "pname", "stock", "price", "validity", "depid", "brand") VALUES (215, 'לחם אגוזים', 27, 10, '2025-11-05', 4, 'אחוה') ON CONFLICT DO NOTHING;
INSERT INTO "public"."product" ("pid", "pname", "stock", "price", "validity", "depid", "brand") VALUES (216, 'טוסט', 130, 11, '2025-11-05', 3, 'מאפיית ישן') ON CONFLICT DO NOTHING;
INSERT INTO "public"."product" ("pid", "pname", "stock", "price", "validity", "depid", "brand") VALUES (217, 'קפיר', 26, 30, '2025-11-05', 15, 'אביב') ON CONFLICT DO NOTHING;
INSERT INTO "public"."product" ("pid", "pname", "stock", "price", "validity", "depid", "brand") VALUES (218, 'חטיף שוקולד', 129, 35, '2025-11-05', 16, 'חפלה') ON CONFLICT DO NOTHING;
INSERT INTO "public"."product" ("pid", "pname", "stock", "price", "validity", "depid", "brand") VALUES (219, 'חטיף תירס', 137, 6, '2025-11-05', 16, 'חפלה') ON CONFLICT DO NOTHING;
INSERT INTO "public"."product" ("pid", "pname", "stock", "price", "validity", "depid", "brand") VALUES (220, 'לחם קרואסון', 149, 32, '2025-11-05', 8, 'דודו') ON CONFLICT DO NOTHING;
INSERT INTO "public"."product" ("pid", "pname", "stock", "price", "validity", "depid", "brand") VALUES (221, 'מיץ אננס', 67, 24, '2025-11-05', 17, 'פריגת') ON CONFLICT DO NOTHING;
INSERT INTO "public"."product" ("pid", "pname", "stock", "price", "validity", "depid", "brand") VALUES (222, 'מיץ תפוזים', 171, 42, '2025-11-05', 18, 'קוקה') ON CONFLICT DO NOTHING;
INSERT INTO "public"."product" ("pid", "pname", "stock", "price", "validity", "depid", "brand") VALUES (223, 'עכסים', 36, 38, '2025-11-05', 11, 'גבעי') ON CONFLICT DO NOTHING;
INSERT INTO "public"."product" ("pid", "pname", "stock", "price", "validity", "depid", "brand") VALUES (224, 'דיאט קולה', 46, 46, '2025-11-05', 2, 'זוהר') ON CONFLICT DO NOTHING;
INSERT INTO "public"."product" ("pid", "pname", "stock", "price", "validity", "depid", "brand") VALUES (225, 'פופקורן', 170, 11, '2025-11-05', 19, 'כרמית') ON CONFLICT DO NOTHING;
INSERT INTO "public"."product" ("pid", "pname", "stock", "price", "validity", "depid", "brand") VALUES (226, 'חלב בטעמים', 114, 41, '2025-11-05', 12, 'יטבתה') ON CONFLICT DO NOTHING;
INSERT INTO "public"."product" ("pid", "pname", "stock", "price", "validity", "depid", "brand") VALUES (227, 'קפיר', 59, 11, '2025-11-05', 20, 'נבלום') ON CONFLICT DO NOTHING;
INSERT INTO "public"."product" ("pid", "pname", "stock", "price", "validity", "depid", "brand") VALUES (228, 'חטיף תירס', 80, 29, '2025-11-05', 21, 'הדר') ON CONFLICT DO NOTHING;
INSERT INTO "public"."product" ("pid", "pname", "stock", "price", "validity", "depid", "brand") VALUES (229, 'מוצרלה', 17, 40, '2025-11-05', 5, 'אלטרנטיבה') ON CONFLICT DO NOTHING;
INSERT INTO "public"."product" ("pid", "pname", "stock", "price", "validity", "depid", "brand") VALUES (230, 'אפונה', 155, 19, '2025-11-05', 6, 'אדום חם') ON CONFLICT DO NOTHING;
INSERT INTO "public"."product" ("pid", "pname", "stock", "price", "validity", "depid", "brand") VALUES (231, 'ספרייט', 179, 50, '2025-11-05', 22, 'נסטי') ON CONFLICT DO NOTHING;
INSERT INTO "public"."product" ("pid", "pname", "stock", "price", "validity", "depid", "brand") VALUES (232, 'במבה', 127, 36, '2025-11-05', 23, 'רגליה') ON CONFLICT DO NOTHING;
INSERT INTO "public"."product" ("pid", "pname", "stock", "price", "validity", "depid", "brand") VALUES (233, 'צהובה', 167, 8, '2025-11-05', 24, 'טרה') ON CONFLICT DO NOTHING;
INSERT INTO "public"."product" ("pid", "pname", "stock", "price", "validity", "depid", "brand") VALUES (234, 'מים טהורים', 50, 22, '2025-11-05', 25, 'נקש') ON CONFLICT DO NOTHING;
INSERT INTO "public"."product" ("pid", "pname", "stock", "price", "validity", "depid", "brand") VALUES (235, 'סוכריות', 91, 25, '2025-11-05', 21, 'הדר') ON CONFLICT DO NOTHING;
INSERT INTO "public"."product" ("pid", "pname", "stock", "price", "validity", "depid", "brand") VALUES (236, 'פיתות עיראקיות', 194, 19, '2025-11-05', 14, 'מאפיית תמר') ON CONFLICT DO NOTHING;
INSERT INTO "public"."product" ("pid", "pname", "stock", "price", "validity", "depid", "brand") VALUES (237, 'פלאפל', 143, 17, '2025-11-05', 10, 'ההום') ON CONFLICT DO NOTHING;
INSERT INTO "public"."product" ("pid", "pname", "stock", "price", "validity", "depid", "brand") VALUES (238, 'יוגורט פרי', 17, 43, '2025-11-05', 10, 'הכפר') ON CONFLICT DO NOTHING;
INSERT INTO "public"."product" ("pid", "pname", "stock", "price", "validity", "depid", "brand") VALUES (239, 'פלאפל', 157, 45, '2025-11-05', 26, 'וילי') ON CONFLICT DO NOTHING;
INSERT INTO "public"."product" ("pid", "pname", "stock", "price", "validity", "depid", "brand") VALUES (240, 'מלפפונים', 151, 7, '2025-11-05', 10, 'ההום') ON CONFLICT DO NOTHING;
INSERT INTO "public"."product" ("pid", "pname", "stock", "price", "validity", "depid", "brand") VALUES (241, 'קטניות חלב', 112, 28, '2025-11-05', 27, 'שופרסל') ON CONFLICT DO NOTHING;
INSERT INTO "public"."product" ("pid", "pname", "stock", "price", "validity", "depid", "brand") VALUES (242, 'מיץ ענבים', 189, 11, '2025-11-05', 18, 'קוקה') ON CONFLICT DO NOTHING;
INSERT INTO "public"."product" ("pid", "pname", "stock", "price", "validity", "depid", "brand") VALUES (243, 'לחם חלום', 16, 41, '2025-11-05', 4, 'אחוה') ON CONFLICT DO NOTHING;
INSERT INTO "public"."product" ("pid", "pname", "stock", "price", "validity", "depid", "brand") VALUES (244, 'במבה קלאסי', 58, 45, '2025-11-05', 28, 'אסם') ON CONFLICT DO NOTHING;
INSERT INTO "public"."product" ("pid", "pname", "stock", "price", "validity", "depid", "brand") VALUES (245, 'לחם', 135, 14, '2025-11-05', 29, 'מאפיית רפאל') ON CONFLICT DO NOTHING;
INSERT INTO "public"."product" ("pid", "pname", "stock", "price", "validity", "depid", "brand") VALUES (246, 'עוגה', 70, 41, '2025-11-05', 30, 'פיתות רונן') ON CONFLICT DO NOTHING;
INSERT INTO "public"."product" ("pid", "pname", "stock", "price", "validity", "depid", "brand") VALUES (247, 'טורטית', 198, 10, '2025-11-05', 30, 'רויאל') ON CONFLICT DO NOTHING;
INSERT INTO "public"."product" ("pid", "pname", "stock", "price", "validity", "depid", "brand") VALUES (248, 'פטריות', 156, 45, '2025-11-05', 6, 'אדום חם') ON CONFLICT DO NOTHING;
INSERT INTO "public"."product" ("pid", "pname", "stock", "price", "validity", "depid", "brand") VALUES (249, 'פיתות זעתר', 174, 19, '2025-11-05', 18, 'ברמן') ON CONFLICT DO NOTHING;
INSERT INTO "public"."product" ("pid", "pname", "stock", "price", "validity", "depid", "brand") VALUES (250, 'מיץ לימון', 141, 45, '2025-11-05', 18, 'קוקה') ON CONFLICT DO NOTHING;
INSERT INTO "public"."product" ("pid", "pname", "stock", "price", "validity", "depid", "brand") VALUES (251, 'תפוחי אדמה', 92, 26, '2025-11-05', 18, 'סוגת') ON CONFLICT DO NOTHING;
INSERT INTO "public"."product" ("pid", "pname", "stock", "price", "validity", "depid", "brand") VALUES (252, 'מסקרפונה', 40, 13, '2025-11-05', 20, 'נבלום') ON CONFLICT DO NOTHING;
INSERT INTO "public"."product" ("pid", "pname", "stock", "price", "validity", "depid", "brand") VALUES (253, 'טורטית', 112, 46, '2025-11-05', 21, 'הדר') ON CONFLICT DO NOTHING;
INSERT INTO "public"."product" ("pid", "pname", "stock", "price", "validity", "depid", "brand") VALUES (254, 'יוגורט פירות', 156, 22, '2025-11-05', 2, 'זוהר') ON CONFLICT DO NOTHING;
INSERT INTO "public"."product" ("pid", "pname", "stock", "price", "validity", "depid", "brand") VALUES (255, 'גריסים', 184, 10, '2025-11-05', 27, 'שופרסל') ON CONFLICT DO NOTHING;
INSERT INTO "public"."product" ("pid", "pname", "stock", "price", "validity", "depid", "brand") VALUES (256, 'אפונה', 180, 14, '2025-11-05', 27, 'דוש') ON CONFLICT DO NOTHING;
INSERT INTO "public"."product" ("pid", "pname", "stock", "price", "validity", "depid", "brand") VALUES (257, 'שעועית ירוקה', 172, 41, '2025-11-05', 27, 'דוש') ON CONFLICT DO NOTHING;
INSERT INTO "public"."product" ("pid", "pname", "stock", "price", "validity", "depid", "brand") VALUES (258, 'גריסים', 112, 29, '2025-11-05', 27, 'סוגת') ON CONFLICT DO NOTHING;
INSERT INTO "public"."product" ("pid", "pname", "stock", "price", "validity", "depid", "brand") VALUES (259, 'שוקולד חלב', 10, 38, '2025-11-05', 27, 'קונצרט') ON CONFLICT DO NOTHING;
INSERT INTO "public"."product" ("pid", "pname", "stock", "price", "validity", "depid", "brand") VALUES (260, 'מיץ לימון', 79, 7, '2025-11-05', 22, 'נסטי') ON CONFLICT DO NOTHING;
INSERT INTO "public"."product" ("pid", "pname", "stock", "price", "validity", "depid", "brand") VALUES (261, 'כוסמת', 117, 37, '2025-11-05', 27, 'המטוס') ON CONFLICT DO NOTHING;
INSERT INTO "public"."product" ("pid", "pname", "stock", "price", "validity", "depid", "brand") VALUES (262, 'פיתות סבתא', 117, 34, '2025-11-05', 3, 'מאפיית ישן') ON CONFLICT DO NOTHING;
INSERT INTO "public"."product" ("pid", "pname", "stock", "price", "validity", "depid", "brand") VALUES (263, 'בירה לאלפיים', 47, 25, '2025-11-05', 1, 'גבע') ON CONFLICT DO NOTHING;
INSERT INTO "public"."product" ("pid", "pname", "stock", "price", "validity", "depid", "brand") VALUES (264, 'קרמבו', 121, 32, '2025-11-05', 27, 'קונצרט') ON CONFLICT DO NOTHING;
INSERT INTO "public"."product" ("pid", "pname", "stock", "price", "validity", "depid", "brand") VALUES (265, 'הדס', 179, 11, '2025-11-05', 27, 'יכין') ON CONFLICT DO NOTHING;
INSERT INTO "public"."product" ("pid", "pname", "stock", "price", "validity", "depid", "brand") VALUES (266, 'מים טהורים', 146, 25, '2025-11-05', 1, 'גבע') ON CONFLICT DO NOTHING;
INSERT INTO "public"."product" ("pid", "pname", "stock", "price", "validity", "depid", "brand") VALUES (267, 'מיץ קיווי', 110, 34, '2025-11-05', 27, 'נענע') ON CONFLICT DO NOTHING;
INSERT INTO "public"."product" ("pid", "pname", "stock", "price", "validity", "depid", "brand") VALUES (268, 'חומוס', 30, 49, '2025-11-05', 7, 'רמי לוי') ON CONFLICT DO NOTHING;
INSERT INTO "public"."product" ("pid", "pname", "stock", "price", "validity", "depid", "brand") VALUES (269, 'טונה', 58, 15, '2025-11-05', 27, 'דוש') ON CONFLICT DO NOTHING;
INSERT INTO "public"."product" ("pid", "pname", "stock", "price", "validity", "depid", "brand") VALUES (270, 'שיפון מלא', 134, 45, '2025-11-05', 27, 'אנגל') ON CONFLICT DO NOTHING;
INSERT INTO "public"."product" ("pid", "pname", "stock", "price", "validity", "depid", "brand") VALUES (271, 'ספגטי', 26, 37, '2025-11-05', 27, 'יכין') ON CONFLICT DO NOTHING;
INSERT INTO "public"."product" ("pid", "pname", "stock", "price", "validity", "depid", "brand") VALUES (272, 'פלאפל', 57, 45, '2025-11-05', 27, 'סוגת') ON CONFLICT DO NOTHING;
INSERT INTO "public"."product" ("pid", "pname", "stock", "price", "validity", "depid", "brand") VALUES (273, 'פטריות', 74, 12, '2025-11-05', 27, 'שופרסל') ON CONFLICT DO NOTHING;
INSERT INTO "public"."product" ("pid", "pname", "stock", "price", "validity", "depid", "brand") VALUES (274, 'לחם', 35, 31, '2025-11-05', 30, 'פיתות רונן') ON CONFLICT DO NOTHING;
INSERT INTO "public"."product" ("pid", "pname", "stock", "price", "validity", "depid", "brand") VALUES (275, 'מיץ אננס', 36, 42, '2025-11-05', 18, 'קוקה') ON CONFLICT DO NOTHING;
INSERT INTO "public"."product" ("pid", "pname", "stock", "price", "validity", "depid", "brand") VALUES (276, 'גבינה', 59, 20, '2025-11-05', 15, 'אביב') ON CONFLICT DO NOTHING;
INSERT INTO "public"."product" ("pid", "pname", "stock", "price", "validity", "depid", "brand") VALUES (277, 'פטה', 39, 33, '2025-11-05', 20, 'נבלום') ON CONFLICT DO NOTHING;
INSERT INTO "public"."product" ("pid", "pname", "stock", "price", "validity", "depid", "brand") VALUES (278, 'פיצה פריזאית', 71, 32, '2025-11-05', 8, 'דודו') ON CONFLICT DO NOTHING;
INSERT INTO "public"."product" ("pid", "pname", "stock", "price", "validity", "depid", "brand") VALUES (279, 'מיץ אפרסק', 111, 16, '2025-11-05', 27, 'נענע') ON CONFLICT DO NOTHING;
INSERT INTO "public"."product" ("pid", "pname", "stock", "price", "validity", "depid", "brand") VALUES (280, 'צהובה', 197, 49, '2025-11-05', 12, 'יטבתה') ON CONFLICT DO NOTHING;
INSERT INTO "public"."product" ("pid", "pname", "stock", "price", "validity", "depid", "brand") VALUES (281, 'קינואה', 101, 46, '2025-11-05', 7, 'רמי לוי') ON CONFLICT DO NOTHING;
INSERT INTO "public"."product" ("pid", "pname", "stock", "price", "validity", "depid", "brand") VALUES (282, 'תפוזים', 113, 8, '2025-11-05', 22, 'נסטי') ON CONFLICT DO NOTHING;
INSERT INTO "public"."product" ("pid", "pname", "stock", "price", "validity", "depid", "brand") VALUES (283, 'עדשים', 143, 31, '2025-11-05', 27, 'הגיבעתי') ON CONFLICT DO NOTHING;
INSERT INTO "public"."product" ("pid", "pname", "stock", "price", "validity", "depid", "brand") VALUES (284, 'חומוס טחינה', 167, 28, '2025-11-05', 26, 'וילי') ON CONFLICT DO NOTHING;
INSERT INTO "public"."product" ("pid", "pname", "stock", "price", "validity", "depid", "brand") VALUES (285, 'פתיתים', 143, 48, '2025-11-05', 27, 'סוגת') ON CONFLICT DO NOTHING;


--
-- TOC entry 3470 (class 0 OID 25004)
-- Dependencies: 221
-- Data for Name: purchase; Type: TABLE DATA; Schema: public; Owner: cotehila
--

INSERT INTO "public"."purchase" ("purid", "purdate", "purstatus", "purcost", "cid", "purmethod", "eid") VALUES (1, '2024-12-07', 'cancelled', 436, 1, 'cash', 1) ON CONFLICT DO NOTHING;
INSERT INTO "public"."purchase" ("purid", "purdate", "purstatus", "purcost", "cid", "purmethod", "eid") VALUES (2, '2024-10-25', 'cancelled', 348, 2, 'cash', 1) ON CONFLICT DO NOTHING;
INSERT INTO "public"."purchase" ("purid", "purdate", "purstatus", "purcost", "cid", "purmethod", "eid") VALUES (3, '2025-02-05', 'delivered', 281, 2, 'cash', 1) ON CONFLICT DO NOTHING;
INSERT INTO "public"."purchase" ("purid", "purdate", "purstatus", "purcost", "cid", "purmethod", "eid") VALUES (700, '2025-03-27', 'מזומן', 4, 56, 'cash', 1) ON CONFLICT DO NOTHING;
INSERT INTO "public"."purchase" ("purid", "purdate", "purstatus", "purcost", "cid", "purmethod", "eid") VALUES (5, '2024-09-17', 'delivered', 73, 3, 'cash', 1) ON CONFLICT DO NOTHING;
INSERT INTO "public"."purchase" ("purid", "purdate", "purstatus", "purcost", "cid", "purmethod", "eid") VALUES (6, '2024-07-20', 'cancelled', 246, 3, 'cash', 1) ON CONFLICT DO NOTHING;
INSERT INTO "public"."purchase" ("purid", "purdate", "purstatus", "purcost", "cid", "purmethod", "eid") VALUES (701, '2025-03-13', 'ביט', 1, 56, 'cash', 1) ON CONFLICT DO NOTHING;
INSERT INTO "public"."purchase" ("purid", "purdate", "purstatus", "purcost", "cid", "purmethod", "eid") VALUES (702, '2025-03-15', 'ביט', 5, 56, 'cash', 1) ON CONFLICT DO NOTHING;
INSERT INTO "public"."purchase" ("purid", "purdate", "purstatus", "purcost", "cid", "purmethod", "eid") VALUES (703, '2025-02-20', 'אשראי', 3, 56, 'cash', 1) ON CONFLICT DO NOTHING;
INSERT INTO "public"."purchase" ("purid", "purdate", "purstatus", "purcost", "cid", "purmethod", "eid") VALUES (704, '2025-02-25', 'ביט', 5, 56, 'cash', 1) ON CONFLICT DO NOTHING;
INSERT INTO "public"."purchase" ("purid", "purdate", "purstatus", "purcost", "cid", "purmethod", "eid") VALUES (705, '2025-01-08', 'ביט', 5, 56, 'cash', 1) ON CONFLICT DO NOTHING;
INSERT INTO "public"."purchase" ("purid", "purdate", "purstatus", "purcost", "cid", "purmethod", "eid") VALUES (14, '2024-10-27', 'delivered', 249, 7, 'cash', 1) ON CONFLICT DO NOTHING;
INSERT INTO "public"."purchase" ("purid", "purdate", "purstatus", "purcost", "cid", "purmethod", "eid") VALUES (17, '2024-08-03', 'delivered', 78, 9, 'cash', 1) ON CONFLICT DO NOTHING;
INSERT INTO "public"."purchase" ("purid", "purdate", "purstatus", "purcost", "cid", "purmethod", "eid") VALUES (18, '2025-01-18', 'delivered', 171, 9, 'cash', 1) ON CONFLICT DO NOTHING;
INSERT INTO "public"."purchase" ("purid", "purdate", "purstatus", "purcost", "cid", "purmethod", "eid") VALUES (19, '2024-10-23', 'delivered', 477, 10, 'cash', 1) ON CONFLICT DO NOTHING;
INSERT INTO "public"."purchase" ("purid", "purdate", "purstatus", "purcost", "cid", "purmethod", "eid") VALUES (706, '2025-03-10', 'ביט', 4, 56, 'cash', 1) ON CONFLICT DO NOTHING;
INSERT INTO "public"."purchase" ("purid", "purdate", "purstatus", "purcost", "cid", "purmethod", "eid") VALUES (22, '2024-09-09', 'cancelled', 290, 11, 'cash', 1) ON CONFLICT DO NOTHING;
INSERT INTO "public"."purchase" ("purid", "purdate", "purstatus", "purcost", "cid", "purmethod", "eid") VALUES (23, '2024-05-14', 'shipped', 284, 12, 'cash', 1) ON CONFLICT DO NOTHING;
INSERT INTO "public"."purchase" ("purid", "purdate", "purstatus", "purcost", "cid", "purmethod", "eid") VALUES (24, '2024-05-02', 'cancelled', 491, 12, 'cash', 1) ON CONFLICT DO NOTHING;
INSERT INTO "public"."purchase" ("purid", "purdate", "purstatus", "purcost", "cid", "purmethod", "eid") VALUES (707, '2025-01-18', 'ביט', 2, 56, 'cash', 1) ON CONFLICT DO NOTHING;
INSERT INTO "public"."purchase" ("purid", "purdate", "purstatus", "purcost", "cid", "purmethod", "eid") VALUES (26, '2024-06-29', 'cancelled', 369, 13, 'cash', 1) ON CONFLICT DO NOTHING;
INSERT INTO "public"."purchase" ("purid", "purdate", "purstatus", "purcost", "cid", "purmethod", "eid") VALUES (27, '2024-04-13', 'cancelled', 257, 13, 'cash', 1) ON CONFLICT DO NOTHING;
INSERT INTO "public"."purchase" ("purid", "purdate", "purstatus", "purcost", "cid", "purmethod", "eid") VALUES (28, '2024-09-08', 'delivered', 97, 14, 'cash', 1) ON CONFLICT DO NOTHING;
INSERT INTO "public"."purchase" ("purid", "purdate", "purstatus", "purcost", "cid", "purmethod", "eid") VALUES (708, '2025-02-24', 'מזומן', 1, 56, 'cash', 1) ON CONFLICT DO NOTHING;
INSERT INTO "public"."purchase" ("purid", "purdate", "purstatus", "purcost", "cid", "purmethod", "eid") VALUES (30, '2025-01-26', 'shipped', 62, 15, 'cash', 1) ON CONFLICT DO NOTHING;
INSERT INTO "public"."purchase" ("purid", "purdate", "purstatus", "purcost", "cid", "purmethod", "eid") VALUES (709, '2025-03-29', 'ביט', 1, 56, 'cash', 1) ON CONFLICT DO NOTHING;
INSERT INTO "public"."purchase" ("purid", "purdate", "purstatus", "purcost", "cid", "purmethod", "eid") VALUES (32, '2024-07-09', 'cancelled', 313, 15, 'cash', 1) ON CONFLICT DO NOTHING;
INSERT INTO "public"."purchase" ("purid", "purdate", "purstatus", "purcost", "cid", "purmethod", "eid") VALUES (710, '2025-01-11', 'ביט', 4, 56, 'cash', 1) ON CONFLICT DO NOTHING;
INSERT INTO "public"."purchase" ("purid", "purdate", "purstatus", "purcost", "cid", "purmethod", "eid") VALUES (34, '2024-09-02', 'cancelled', 252, 16, 'cash', 1) ON CONFLICT DO NOTHING;
INSERT INTO "public"."purchase" ("purid", "purdate", "purstatus", "purcost", "cid", "purmethod", "eid") VALUES (35, '2024-05-30', 'cancelled', 219, 17, 'cash', 1) ON CONFLICT DO NOTHING;
INSERT INTO "public"."purchase" ("purid", "purdate", "purstatus", "purcost", "cid", "purmethod", "eid") VALUES (711, '2025-01-24', 'מזומן', 4, 56, 'cash', 1) ON CONFLICT DO NOTHING;
INSERT INTO "public"."purchase" ("purid", "purdate", "purstatus", "purcost", "cid", "purmethod", "eid") VALUES (712, '2025-03-30', 'אשראי', 5, 56, 'cash', 1) ON CONFLICT DO NOTHING;
INSERT INTO "public"."purchase" ("purid", "purdate", "purstatus", "purcost", "cid", "purmethod", "eid") VALUES (713, '2025-02-09', 'מזומן', 1, 56, 'cash', 1) ON CONFLICT DO NOTHING;
INSERT INTO "public"."purchase" ("purid", "purdate", "purstatus", "purcost", "cid", "purmethod", "eid") VALUES (714, '2025-02-03', 'מזומן', 2, 56, 'cash', 1) ON CONFLICT DO NOTHING;
INSERT INTO "public"."purchase" ("purid", "purdate", "purstatus", "purcost", "cid", "purmethod", "eid") VALUES (42, '2024-10-08', 'cancelled', 163, 19, 'cash', 1) ON CONFLICT DO NOTHING;
INSERT INTO "public"."purchase" ("purid", "purdate", "purstatus", "purcost", "cid", "purmethod", "eid") VALUES (43, '2024-05-08', 'shipped', 368, 19, 'cash', 1) ON CONFLICT DO NOTHING;
INSERT INTO "public"."purchase" ("purid", "purdate", "purstatus", "purcost", "cid", "purmethod", "eid") VALUES (44, '2024-07-12', 'shipped', 105, 20, 'cash', 1) ON CONFLICT DO NOTHING;
INSERT INTO "public"."purchase" ("purid", "purdate", "purstatus", "purcost", "cid", "purmethod", "eid") VALUES (715, '2025-03-15', 'ביט', 2, 56, 'cash', 1) ON CONFLICT DO NOTHING;
INSERT INTO "public"."purchase" ("purid", "purdate", "purstatus", "purcost", "cid", "purmethod", "eid") VALUES (46, '2025-03-29', 'cancelled', 372, 20, 'cash', 1) ON CONFLICT DO NOTHING;
INSERT INTO "public"."purchase" ("purid", "purdate", "purstatus", "purcost", "cid", "purmethod", "eid") VALUES (48, '2025-03-02', 'delivered', 290, 21, 'cash', 1) ON CONFLICT DO NOTHING;
INSERT INTO "public"."purchase" ("purid", "purdate", "purstatus", "purcost", "cid", "purmethod", "eid") VALUES (716, '2025-01-09', 'מזומן', 4, 56, 'cash', 1) ON CONFLICT DO NOTHING;
INSERT INTO "public"."purchase" ("purid", "purdate", "purstatus", "purcost", "cid", "purmethod", "eid") VALUES (717, '2025-03-31', 'מזומן', 3, 56, 'cash', 1) ON CONFLICT DO NOTHING;
INSERT INTO "public"."purchase" ("purid", "purdate", "purstatus", "purcost", "cid", "purmethod", "eid") VALUES (718, '2025-03-28', 'אשראי', 4, 56, 'cash', 1) ON CONFLICT DO NOTHING;
INSERT INTO "public"."purchase" ("purid", "purdate", "purstatus", "purcost", "cid", "purmethod", "eid") VALUES (719, '2025-01-23', 'אשראי', 5, 56, 'cash', 1) ON CONFLICT DO NOTHING;
INSERT INTO "public"."purchase" ("purid", "purdate", "purstatus", "purcost", "cid", "purmethod", "eid") VALUES (53, '2024-07-18', 'delivered', 254, 23, 'cash', 1) ON CONFLICT DO NOTHING;
INSERT INTO "public"."purchase" ("purid", "purdate", "purstatus", "purcost", "cid", "purmethod", "eid") VALUES (720, '2025-03-25', 'ביט', 3, 56, 'cash', 1) ON CONFLICT DO NOTHING;
INSERT INTO "public"."purchase" ("purid", "purdate", "purstatus", "purcost", "cid", "purmethod", "eid") VALUES (55, '2025-03-27', 'cancelled', 282, 24, 'cash', 1) ON CONFLICT DO NOTHING;
INSERT INTO "public"."purchase" ("purid", "purdate", "purstatus", "purcost", "cid", "purmethod", "eid") VALUES (56, '2025-01-08', 'shipped', 357, 25, 'cash', 1) ON CONFLICT DO NOTHING;
INSERT INTO "public"."purchase" ("purid", "purdate", "purstatus", "purcost", "cid", "purmethod", "eid") VALUES (58, '2024-10-01', 'shipped', 308, 25, 'cash', 1) ON CONFLICT DO NOTHING;
INSERT INTO "public"."purchase" ("purid", "purdate", "purstatus", "purcost", "cid", "purmethod", "eid") VALUES (60, '2024-08-04', 'delivered', 154, 26, 'cash', 1) ON CONFLICT DO NOTHING;
INSERT INTO "public"."purchase" ("purid", "purdate", "purstatus", "purcost", "cid", "purmethod", "eid") VALUES (721, '2025-01-18', 'מזומן', 5, 56, 'cash', 1) ON CONFLICT DO NOTHING;
INSERT INTO "public"."purchase" ("purid", "purdate", "purstatus", "purcost", "cid", "purmethod", "eid") VALUES (722, '2025-01-07', 'מזומן', 3, 56, 'cash', 1) ON CONFLICT DO NOTHING;
INSERT INTO "public"."purchase" ("purid", "purdate", "purstatus", "purcost", "cid", "purmethod", "eid") VALUES (63, '2024-08-19', 'shipped', 402, 27, 'cash', 1) ON CONFLICT DO NOTHING;
INSERT INTO "public"."purchase" ("purid", "purdate", "purstatus", "purcost", "cid", "purmethod", "eid") VALUES (723, '2025-02-22', 'ביט', 2, 56, 'cash', 1) ON CONFLICT DO NOTHING;
INSERT INTO "public"."purchase" ("purid", "purdate", "purstatus", "purcost", "cid", "purmethod", "eid") VALUES (66, '2024-09-07', 'delivered', 446, 28, 'cash', 1) ON CONFLICT DO NOTHING;
INSERT INTO "public"."purchase" ("purid", "purdate", "purstatus", "purcost", "cid", "purmethod", "eid") VALUES (724, '2025-02-03', 'מזומן', 4, 56, 'cash', 1) ON CONFLICT DO NOTHING;
INSERT INTO "public"."purchase" ("purid", "purdate", "purstatus", "purcost", "cid", "purmethod", "eid") VALUES (725, '2025-02-24', 'ביט', 3, 56, 'cash', 1) ON CONFLICT DO NOTHING;
INSERT INTO "public"."purchase" ("purid", "purdate", "purstatus", "purcost", "cid", "purmethod", "eid") VALUES (726, '2025-01-30', 'ביט', 1, 56, 'cash', 1) ON CONFLICT DO NOTHING;
INSERT INTO "public"."purchase" ("purid", "purdate", "purstatus", "purcost", "cid", "purmethod", "eid") VALUES (73, '2024-12-26', 'delivered', 107, 31, 'cash', 1) ON CONFLICT DO NOTHING;
INSERT INTO "public"."purchase" ("purid", "purdate", "purstatus", "purcost", "cid", "purmethod", "eid") VALUES (74, '2025-02-18', 'cancelled', 214, 32, 'cash', 1) ON CONFLICT DO NOTHING;
INSERT INTO "public"."purchase" ("purid", "purdate", "purstatus", "purcost", "cid", "purmethod", "eid") VALUES (727, '2025-01-25', 'אשראי', 1, 56, 'cash', 1) ON CONFLICT DO NOTHING;
INSERT INTO "public"."purchase" ("purid", "purdate", "purstatus", "purcost", "cid", "purmethod", "eid") VALUES (76, '2024-08-18', 'cancelled', 179, 33, 'cash', 1) ON CONFLICT DO NOTHING;
INSERT INTO "public"."purchase" ("purid", "purdate", "purstatus", "purcost", "cid", "purmethod", "eid") VALUES (77, '2024-08-03', 'delivered', 453, 34, 'cash', 1) ON CONFLICT DO NOTHING;
INSERT INTO "public"."purchase" ("purid", "purdate", "purstatus", "purcost", "cid", "purmethod", "eid") VALUES (78, '2024-05-30', 'shipped', 226, 35, 'cash', 1) ON CONFLICT DO NOTHING;
INSERT INTO "public"."purchase" ("purid", "purdate", "purstatus", "purcost", "cid", "purmethod", "eid") VALUES (728, '2025-03-30', 'אשראי', 4, 56, 'cash', 1) ON CONFLICT DO NOTHING;
INSERT INTO "public"."purchase" ("purid", "purdate", "purstatus", "purcost", "cid", "purmethod", "eid") VALUES (729, '2025-02-04', 'ביט', 3, 56, 'cash', 1) ON CONFLICT DO NOTHING;
INSERT INTO "public"."purchase" ("purid", "purdate", "purstatus", "purcost", "cid", "purmethod", "eid") VALUES (730, '2025-02-24', 'אשראי', 2, 56, 'cash', 1) ON CONFLICT DO NOTHING;
INSERT INTO "public"."purchase" ("purid", "purdate", "purstatus", "purcost", "cid", "purmethod", "eid") VALUES (731, '2025-03-20', 'אשראי', 2, 56, 'cash', 1) ON CONFLICT DO NOTHING;
INSERT INTO "public"."purchase" ("purid", "purdate", "purstatus", "purcost", "cid", "purmethod", "eid") VALUES (732, '2025-03-09', 'אשראי', 4, 56, 'cash', 1) ON CONFLICT DO NOTHING;
INSERT INTO "public"."purchase" ("purid", "purdate", "purstatus", "purcost", "cid", "purmethod", "eid") VALUES (85, '2024-05-20', 'delivered', 205, 39, 'cash', 1) ON CONFLICT DO NOTHING;
INSERT INTO "public"."purchase" ("purid", "purdate", "purstatus", "purcost", "cid", "purmethod", "eid") VALUES (733, '2025-02-26', 'מזומן', 3, 56, 'cash', 1) ON CONFLICT DO NOTHING;
INSERT INTO "public"."purchase" ("purid", "purdate", "purstatus", "purcost", "cid", "purmethod", "eid") VALUES (88, '2024-04-27', 'shipped', 463, 41, 'cash', 1) ON CONFLICT DO NOTHING;
INSERT INTO "public"."purchase" ("purid", "purdate", "purstatus", "purcost", "cid", "purmethod", "eid") VALUES (89, '2024-12-21', 'delivered', 356, 41, 'cash', 1) ON CONFLICT DO NOTHING;
INSERT INTO "public"."purchase" ("purid", "purdate", "purstatus", "purcost", "cid", "purmethod", "eid") VALUES (90, '2024-10-30', 'cancelled', 484, 42, 'cash', 1) ON CONFLICT DO NOTHING;
INSERT INTO "public"."purchase" ("purid", "purdate", "purstatus", "purcost", "cid", "purmethod", "eid") VALUES (734, '2025-03-08', 'מזומן', 4, 56, 'cash', 1) ON CONFLICT DO NOTHING;
INSERT INTO "public"."purchase" ("purid", "purdate", "purstatus", "purcost", "cid", "purmethod", "eid") VALUES (735, '2025-03-25', 'מזומן', 4, 56, 'cash', 1) ON CONFLICT DO NOTHING;
INSERT INTO "public"."purchase" ("purid", "purdate", "purstatus", "purcost", "cid", "purmethod", "eid") VALUES (736, '2025-01-19', 'מזומן', 5, 56, 'cash', 1) ON CONFLICT DO NOTHING;
INSERT INTO "public"."purchase" ("purid", "purdate", "purstatus", "purcost", "cid", "purmethod", "eid") VALUES (737, '2025-01-18', 'אשראי', 5, 56, 'cash', 1) ON CONFLICT DO NOTHING;
INSERT INTO "public"."purchase" ("purid", "purdate", "purstatus", "purcost", "cid", "purmethod", "eid") VALUES (738, '2025-01-03', 'אשראי', 2, 56, 'cash', 1) ON CONFLICT DO NOTHING;
INSERT INTO "public"."purchase" ("purid", "purdate", "purstatus", "purcost", "cid", "purmethod", "eid") VALUES (96, '2025-03-29', 'shipped', 275, 45, 'cash', 1) ON CONFLICT DO NOTHING;
INSERT INTO "public"."purchase" ("purid", "purdate", "purstatus", "purcost", "cid", "purmethod", "eid") VALUES (739, '2025-01-19', 'מזומן', 5, 56, 'cash', 1) ON CONFLICT DO NOTHING;
INSERT INTO "public"."purchase" ("purid", "purdate", "purstatus", "purcost", "cid", "purmethod", "eid") VALUES (98, '2025-02-28', 'delivered', 380, 45, 'cash', 1) ON CONFLICT DO NOTHING;
INSERT INTO "public"."purchase" ("purid", "purdate", "purstatus", "purcost", "cid", "purmethod", "eid") VALUES (99, '2025-01-11', 'shipped', 443, 46, 'cash', 1) ON CONFLICT DO NOTHING;
INSERT INTO "public"."purchase" ("purid", "purdate", "purstatus", "purcost", "cid", "purmethod", "eid") VALUES (100, '2025-01-25', 'cancelled', 351, 47, 'cash', 1) ON CONFLICT DO NOTHING;
INSERT INTO "public"."purchase" ("purid", "purdate", "purstatus", "purcost", "cid", "purmethod", "eid") VALUES (740, '2025-02-23', 'ביט', 3, 56, 'cash', 1) ON CONFLICT DO NOTHING;
INSERT INTO "public"."purchase" ("purid", "purdate", "purstatus", "purcost", "cid", "purmethod", "eid") VALUES (741, '2025-03-26', 'מזומן', 5, 56, 'cash', 1) ON CONFLICT DO NOTHING;
INSERT INTO "public"."purchase" ("purid", "purdate", "purstatus", "purcost", "cid", "purmethod", "eid") VALUES (103, '2024-12-08', 'shipped', 359, 48, 'cash', 1) ON CONFLICT DO NOTHING;
INSERT INTO "public"."purchase" ("purid", "purdate", "purstatus", "purcost", "cid", "purmethod", "eid") VALUES (742, '2025-03-20', 'אשראי', 1, 56, 'cash', 1) ON CONFLICT DO NOTHING;
INSERT INTO "public"."purchase" ("purid", "purdate", "purstatus", "purcost", "cid", "purmethod", "eid") VALUES (743, '2025-01-26', 'ביט', 3, 56, 'cash', 1) ON CONFLICT DO NOTHING;
INSERT INTO "public"."purchase" ("purid", "purdate", "purstatus", "purcost", "cid", "purmethod", "eid") VALUES (744, '2025-03-15', 'ביט', 3, 56, 'cash', 1) ON CONFLICT DO NOTHING;
INSERT INTO "public"."purchase" ("purid", "purdate", "purstatus", "purcost", "cid", "purmethod", "eid") VALUES (745, '2025-01-06', 'מזומן', 5, 56, 'cash', 1) ON CONFLICT DO NOTHING;
INSERT INTO "public"."purchase" ("purid", "purdate", "purstatus", "purcost", "cid", "purmethod", "eid") VALUES (110, '2024-05-27', 'shipped', 393, 50, 'cash', 1) ON CONFLICT DO NOTHING;
INSERT INTO "public"."purchase" ("purid", "purdate", "purstatus", "purcost", "cid", "purmethod", "eid") VALUES (111, '2024-05-20', 'cancelled', 299, 51, 'cash', 1) ON CONFLICT DO NOTHING;
INSERT INTO "public"."purchase" ("purid", "purdate", "purstatus", "purcost", "cid", "purmethod", "eid") VALUES (746, '2025-03-22', 'ביט', 4, 56, 'cash', 1) ON CONFLICT DO NOTHING;
INSERT INTO "public"."purchase" ("purid", "purdate", "purstatus", "purcost", "cid", "purmethod", "eid") VALUES (747, '2025-03-18', 'ביט', 1, 56, 'cash', 1) ON CONFLICT DO NOTHING;
INSERT INTO "public"."purchase" ("purid", "purdate", "purstatus", "purcost", "cid", "purmethod", "eid") VALUES (114, '2025-01-15', 'delivered', 176, 52, 'cash', 1) ON CONFLICT DO NOTHING;
INSERT INTO "public"."purchase" ("purid", "purdate", "purstatus", "purcost", "cid", "purmethod", "eid") VALUES (748, '2025-03-05', 'מזומן', 1, 56, 'cash', 1) ON CONFLICT DO NOTHING;
INSERT INTO "public"."purchase" ("purid", "purdate", "purstatus", "purcost", "cid", "purmethod", "eid") VALUES (749, '2025-01-22', 'מזומן', 2, 56, 'cash', 1) ON CONFLICT DO NOTHING;
INSERT INTO "public"."purchase" ("purid", "purdate", "purstatus", "purcost", "cid", "purmethod", "eid") VALUES (750, '2025-02-10', 'אשראי', 1, 56, 'cash', 1) ON CONFLICT DO NOTHING;
INSERT INTO "public"."purchase" ("purid", "purdate", "purstatus", "purcost", "cid", "purmethod", "eid") VALUES (118, '2024-10-20', 'shipped', 104, 56, 'cash', 1) ON CONFLICT DO NOTHING;
INSERT INTO "public"."purchase" ("purid", "purdate", "purstatus", "purcost", "cid", "purmethod", "eid") VALUES (751, '2025-01-18', 'אשראי', 4, 56, 'cash', 1) ON CONFLICT DO NOTHING;
INSERT INTO "public"."purchase" ("purid", "purdate", "purstatus", "purcost", "cid", "purmethod", "eid") VALUES (752, '2025-01-29', 'ביט', 3, 56, 'cash', 1) ON CONFLICT DO NOTHING;
INSERT INTO "public"."purchase" ("purid", "purdate", "purstatus", "purcost", "cid", "purmethod", "eid") VALUES (753, '2025-01-28', 'מזומן', 4, 56, 'cash', 1) ON CONFLICT DO NOTHING;
INSERT INTO "public"."purchase" ("purid", "purdate", "purstatus", "purcost", "cid", "purmethod", "eid") VALUES (123, '2024-11-11', 'delivered', 355, 58, 'cash', 1) ON CONFLICT DO NOTHING;
INSERT INTO "public"."purchase" ("purid", "purdate", "purstatus", "purcost", "cid", "purmethod", "eid") VALUES (126, '2024-05-28', 'cancelled', 251, 60, 'cash', 1) ON CONFLICT DO NOTHING;
INSERT INTO "public"."purchase" ("purid", "purdate", "purstatus", "purcost", "cid", "purmethod", "eid") VALUES (754, '2025-01-22', 'מזומן', 3, 56, 'cash', 1) ON CONFLICT DO NOTHING;
INSERT INTO "public"."purchase" ("purid", "purdate", "purstatus", "purcost", "cid", "purmethod", "eid") VALUES (130, '2024-12-01', 'delivered', 461, 62, 'cash', 1) ON CONFLICT DO NOTHING;
INSERT INTO "public"."purchase" ("purid", "purdate", "purstatus", "purcost", "cid", "purmethod", "eid") VALUES (131, '2024-10-30', 'delivered', 122, 62, 'cash', 1) ON CONFLICT DO NOTHING;
INSERT INTO "public"."purchase" ("purid", "purdate", "purstatus", "purcost", "cid", "purmethod", "eid") VALUES (133, '2025-01-21', 'shipped', 130, 63, 'cash', 1) ON CONFLICT DO NOTHING;
INSERT INTO "public"."purchase" ("purid", "purdate", "purstatus", "purcost", "cid", "purmethod", "eid") VALUES (755, '2025-02-26', 'ביט', 5, 56, 'cash', 1) ON CONFLICT DO NOTHING;
INSERT INTO "public"."purchase" ("purid", "purdate", "purstatus", "purcost", "cid", "purmethod", "eid") VALUES (756, '2025-01-17', 'אשראי', 5, 56, 'cash', 1) ON CONFLICT DO NOTHING;
INSERT INTO "public"."purchase" ("purid", "purdate", "purstatus", "purcost", "cid", "purmethod", "eid") VALUES (757, '2025-03-06', 'מזומן', 5, 56, 'cash', 1) ON CONFLICT DO NOTHING;
INSERT INTO "public"."purchase" ("purid", "purdate", "purstatus", "purcost", "cid", "purmethod", "eid") VALUES (758, '2025-01-28', 'אשראי', 5, 56, 'cash', 1) ON CONFLICT DO NOTHING;
INSERT INTO "public"."purchase" ("purid", "purdate", "purstatus", "purcost", "cid", "purmethod", "eid") VALUES (138, '2024-06-13', 'shipped', 322, 64, 'cash', 1) ON CONFLICT DO NOTHING;
INSERT INTO "public"."purchase" ("purid", "purdate", "purstatus", "purcost", "cid", "purmethod", "eid") VALUES (139, '2024-09-11', 'shipped', 430, 65, 'cash', 1) ON CONFLICT DO NOTHING;
INSERT INTO "public"."purchase" ("purid", "purdate", "purstatus", "purcost", "cid", "purmethod", "eid") VALUES (759, '2025-03-01', 'ביט', 2, 56, 'cash', 1) ON CONFLICT DO NOTHING;
INSERT INTO "public"."purchase" ("purid", "purdate", "purstatus", "purcost", "cid", "purmethod", "eid") VALUES (141, '2024-10-31', 'delivered', 111, 65, 'cash', 1) ON CONFLICT DO NOTHING;
INSERT INTO "public"."purchase" ("purid", "purdate", "purstatus", "purcost", "cid", "purmethod", "eid") VALUES (142, '2024-05-09', 'cancelled', 313, 66, 'cash', 1) ON CONFLICT DO NOTHING;
INSERT INTO "public"."purchase" ("purid", "purdate", "purstatus", "purcost", "cid", "purmethod", "eid") VALUES (760, '2025-03-15', 'אשראי', 5, 56, 'cash', 1) ON CONFLICT DO NOTHING;
INSERT INTO "public"."purchase" ("purid", "purdate", "purstatus", "purcost", "cid", "purmethod", "eid") VALUES (144, '2024-11-07', 'shipped', 358, 66, 'cash', 1) ON CONFLICT DO NOTHING;
INSERT INTO "public"."purchase" ("purid", "purdate", "purstatus", "purcost", "cid", "purmethod", "eid") VALUES (761, '2025-02-07', 'אשראי', 3, 56, 'cash', 1) ON CONFLICT DO NOTHING;
INSERT INTO "public"."purchase" ("purid", "purdate", "purstatus", "purcost", "cid", "purmethod", "eid") VALUES (146, '2024-09-20', 'cancelled', 334, 68, 'cash', 1) ON CONFLICT DO NOTHING;
INSERT INTO "public"."purchase" ("purid", "purdate", "purstatus", "purcost", "cid", "purmethod", "eid") VALUES (147, '2024-11-12', 'shipped', 274, 68, 'cash', 1) ON CONFLICT DO NOTHING;
INSERT INTO "public"."purchase" ("purid", "purdate", "purstatus", "purcost", "cid", "purmethod", "eid") VALUES (762, '2025-02-08', 'מזומן', 5, 56, 'cash', 1) ON CONFLICT DO NOTHING;
INSERT INTO "public"."purchase" ("purid", "purdate", "purstatus", "purcost", "cid", "purmethod", "eid") VALUES (149, '2024-08-16', 'delivered', 349, 69, 'cash', 1) ON CONFLICT DO NOTHING;
INSERT INTO "public"."purchase" ("purid", "purdate", "purstatus", "purcost", "cid", "purmethod", "eid") VALUES (763, '2025-03-29', 'מזומן', 3, 56, 'cash', 1) ON CONFLICT DO NOTHING;
INSERT INTO "public"."purchase" ("purid", "purdate", "purstatus", "purcost", "cid", "purmethod", "eid") VALUES (764, '2025-02-16', 'ביט', 2, 56, 'cash', 1) ON CONFLICT DO NOTHING;
INSERT INTO "public"."purchase" ("purid", "purdate", "purstatus", "purcost", "cid", "purmethod", "eid") VALUES (765, '2025-01-31', 'ביט', 4, 56, 'cash', 1) ON CONFLICT DO NOTHING;
INSERT INTO "public"."purchase" ("purid", "purdate", "purstatus", "purcost", "cid", "purmethod", "eid") VALUES (154, '2024-05-08', 'delivered', 478, 72, 'cash', 1) ON CONFLICT DO NOTHING;
INSERT INTO "public"."purchase" ("purid", "purdate", "purstatus", "purcost", "cid", "purmethod", "eid") VALUES (766, '2025-02-04', 'אשראי', 2, 56, 'cash', 1) ON CONFLICT DO NOTHING;
INSERT INTO "public"."purchase" ("purid", "purdate", "purstatus", "purcost", "cid", "purmethod", "eid") VALUES (767, '2025-02-12', 'ביט', 5, 56, 'cash', 1) ON CONFLICT DO NOTHING;
INSERT INTO "public"."purchase" ("purid", "purdate", "purstatus", "purcost", "cid", "purmethod", "eid") VALUES (768, '2025-01-22', 'מזומן', 2, 56, 'cash', 1) ON CONFLICT DO NOTHING;
INSERT INTO "public"."purchase" ("purid", "purdate", "purstatus", "purcost", "cid", "purmethod", "eid") VALUES (159, '2024-10-16', 'shipped', 398, 75, 'cash', 1) ON CONFLICT DO NOTHING;
INSERT INTO "public"."purchase" ("purid", "purdate", "purstatus", "purcost", "cid", "purmethod", "eid") VALUES (769, '2025-03-17', 'מזומן', 5, 56, 'cash', 1) ON CONFLICT DO NOTHING;
INSERT INTO "public"."purchase" ("purid", "purdate", "purstatus", "purcost", "cid", "purmethod", "eid") VALUES (770, '2025-03-19', 'אשראי', 5, 56, 'cash', 1) ON CONFLICT DO NOTHING;
INSERT INTO "public"."purchase" ("purid", "purdate", "purstatus", "purcost", "cid", "purmethod", "eid") VALUES (771, '2025-03-28', 'מזומן', 5, 56, 'cash', 1) ON CONFLICT DO NOTHING;
INSERT INTO "public"."purchase" ("purid", "purdate", "purstatus", "purcost", "cid", "purmethod", "eid") VALUES (163, '2025-01-04', 'cancelled', 67, 77, 'cash', 1) ON CONFLICT DO NOTHING;
INSERT INTO "public"."purchase" ("purid", "purdate", "purstatus", "purcost", "cid", "purmethod", "eid") VALUES (772, '2025-01-07', 'ביט', 4, 56, 'cash', 1) ON CONFLICT DO NOTHING;
INSERT INTO "public"."purchase" ("purid", "purdate", "purstatus", "purcost", "cid", "purmethod", "eid") VALUES (773, '2025-01-06', 'ביט', 2, 56, 'cash', 1) ON CONFLICT DO NOTHING;
INSERT INTO "public"."purchase" ("purid", "purdate", "purstatus", "purcost", "cid", "purmethod", "eid") VALUES (774, '2025-03-13', 'אשראי', 1, 56, 'cash', 1) ON CONFLICT DO NOTHING;
INSERT INTO "public"."purchase" ("purid", "purdate", "purstatus", "purcost", "cid", "purmethod", "eid") VALUES (167, '2024-10-09', 'shipped', 444, 79, 'cash', 1) ON CONFLICT DO NOTHING;
INSERT INTO "public"."purchase" ("purid", "purdate", "purstatus", "purcost", "cid", "purmethod", "eid") VALUES (775, '2025-03-25', 'אשראי', 4, 56, 'cash', 1) ON CONFLICT DO NOTHING;
INSERT INTO "public"."purchase" ("purid", "purdate", "purstatus", "purcost", "cid", "purmethod", "eid") VALUES (170, '2024-11-11', 'delivered', 168, 81, 'cash', 1) ON CONFLICT DO NOTHING;
INSERT INTO "public"."purchase" ("purid", "purdate", "purstatus", "purcost", "cid", "purmethod", "eid") VALUES (776, '2025-02-18', 'ביט', 1, 56, 'cash', 1) ON CONFLICT DO NOTHING;
INSERT INTO "public"."purchase" ("purid", "purdate", "purstatus", "purcost", "cid", "purmethod", "eid") VALUES (777, '2025-01-16', 'אשראי', 3, 56, 'cash', 1) ON CONFLICT DO NOTHING;
INSERT INTO "public"."purchase" ("purid", "purdate", "purstatus", "purcost", "cid", "purmethod", "eid") VALUES (175, '2025-03-14', 'cancelled', 172, 83, 'cash', 1) ON CONFLICT DO NOTHING;
INSERT INTO "public"."purchase" ("purid", "purdate", "purstatus", "purcost", "cid", "purmethod", "eid") VALUES (176, '2024-11-13', 'delivered', 215, 83, 'cash', 1) ON CONFLICT DO NOTHING;
INSERT INTO "public"."purchase" ("purid", "purdate", "purstatus", "purcost", "cid", "purmethod", "eid") VALUES (177, '2024-05-31', 'cancelled', 306, 83, 'cash', 1) ON CONFLICT DO NOTHING;
INSERT INTO "public"."purchase" ("purid", "purdate", "purstatus", "purcost", "cid", "purmethod", "eid") VALUES (178, '2024-11-19', 'shipped', 499, 84, 'cash', 1) ON CONFLICT DO NOTHING;
INSERT INTO "public"."purchase" ("purid", "purdate", "purstatus", "purcost", "cid", "purmethod", "eid") VALUES (778, '2025-01-03', 'מזומן', 4, 56, 'cash', 1) ON CONFLICT DO NOTHING;
INSERT INTO "public"."purchase" ("purid", "purdate", "purstatus", "purcost", "cid", "purmethod", "eid") VALUES (180, '2024-11-07', 'delivered', 480, 84, 'cash', 1) ON CONFLICT DO NOTHING;
INSERT INTO "public"."purchase" ("purid", "purdate", "purstatus", "purcost", "cid", "purmethod", "eid") VALUES (779, '2025-01-13', 'מזומן', 4, 56, 'cash', 1) ON CONFLICT DO NOTHING;
INSERT INTO "public"."purchase" ("purid", "purdate", "purstatus", "purcost", "cid", "purmethod", "eid") VALUES (780, '2025-03-31', 'ביט', 4, 56, 'cash', 1) ON CONFLICT DO NOTHING;
INSERT INTO "public"."purchase" ("purid", "purdate", "purstatus", "purcost", "cid", "purmethod", "eid") VALUES (781, '2025-02-06', 'ביט', 4, 56, 'cash', 1) ON CONFLICT DO NOTHING;
INSERT INTO "public"."purchase" ("purid", "purdate", "purstatus", "purcost", "cid", "purmethod", "eid") VALUES (184, '2024-09-05', 'delivered', 272, 87, 'cash', 1) ON CONFLICT DO NOTHING;
INSERT INTO "public"."purchase" ("purid", "purdate", "purstatus", "purcost", "cid", "purmethod", "eid") VALUES (185, '2024-10-17', 'delivered', 386, 88, 'cash', 1) ON CONFLICT DO NOTHING;
INSERT INTO "public"."purchase" ("purid", "purdate", "purstatus", "purcost", "cid", "purmethod", "eid") VALUES (782, '2025-03-31', 'אשראי', 2, 56, 'cash', 1) ON CONFLICT DO NOTHING;
INSERT INTO "public"."purchase" ("purid", "purdate", "purstatus", "purcost", "cid", "purmethod", "eid") VALUES (783, '2025-03-23', 'אשראי', 3, 56, 'cash', 1) ON CONFLICT DO NOTHING;
INSERT INTO "public"."purchase" ("purid", "purdate", "purstatus", "purcost", "cid", "purmethod", "eid") VALUES (784, '2025-01-20', 'ביט', 2, 56, 'cash', 1) ON CONFLICT DO NOTHING;
INSERT INTO "public"."purchase" ("purid", "purdate", "purstatus", "purcost", "cid", "purmethod", "eid") VALUES (785, '2025-02-19', 'ביט', 1, 56, 'cash', 1) ON CONFLICT DO NOTHING;
INSERT INTO "public"."purchase" ("purid", "purdate", "purstatus", "purcost", "cid", "purmethod", "eid") VALUES (191, '2024-07-30', 'cancelled', 354, 92, 'cash', 1) ON CONFLICT DO NOTHING;
INSERT INTO "public"."purchase" ("purid", "purdate", "purstatus", "purcost", "cid", "purmethod", "eid") VALUES (786, '2025-01-21', 'מזומן', 1, 56, 'cash', 1) ON CONFLICT DO NOTHING;
INSERT INTO "public"."purchase" ("purid", "purdate", "purstatus", "purcost", "cid", "purmethod", "eid") VALUES (787, '2025-03-18', 'ביט', 5, 56, 'cash', 1) ON CONFLICT DO NOTHING;
INSERT INTO "public"."purchase" ("purid", "purdate", "purstatus", "purcost", "cid", "purmethod", "eid") VALUES (788, '2025-01-27', 'מזומן', 2, 56, 'cash', 1) ON CONFLICT DO NOTHING;
INSERT INTO "public"."purchase" ("purid", "purdate", "purstatus", "purcost", "cid", "purmethod", "eid") VALUES (789, '2025-01-08', 'ביט', 2, 56, 'cash', 1) ON CONFLICT DO NOTHING;
INSERT INTO "public"."purchase" ("purid", "purdate", "purstatus", "purcost", "cid", "purmethod", "eid") VALUES (196, '2024-07-28', 'delivered', 467, 95, 'cash', 1) ON CONFLICT DO NOTHING;
INSERT INTO "public"."purchase" ("purid", "purdate", "purstatus", "purcost", "cid", "purmethod", "eid") VALUES (790, '2025-02-15', 'אשראי', 3, 56, 'cash', 1) ON CONFLICT DO NOTHING;
INSERT INTO "public"."purchase" ("purid", "purdate", "purstatus", "purcost", "cid", "purmethod", "eid") VALUES (791, '2025-01-16', 'אשראי', 3, 56, 'cash', 1) ON CONFLICT DO NOTHING;
INSERT INTO "public"."purchase" ("purid", "purdate", "purstatus", "purcost", "cid", "purmethod", "eid") VALUES (792, '2025-02-02', 'ביט', 3, 56, 'cash', 1) ON CONFLICT DO NOTHING;
INSERT INTO "public"."purchase" ("purid", "purdate", "purstatus", "purcost", "cid", "purmethod", "eid") VALUES (793, '2025-03-01', 'מזומן', 3, 56, 'cash', 1) ON CONFLICT DO NOTHING;
INSERT INTO "public"."purchase" ("purid", "purdate", "purstatus", "purcost", "cid", "purmethod", "eid") VALUES (201, '2024-06-08', 'shipped', 135, 98, 'cash', 1) ON CONFLICT DO NOTHING;
INSERT INTO "public"."purchase" ("purid", "purdate", "purstatus", "purcost", "cid", "purmethod", "eid") VALUES (202, '2025-03-29', 'cancelled', 250, 98, 'cash', 1) ON CONFLICT DO NOTHING;
INSERT INTO "public"."purchase" ("purid", "purdate", "purstatus", "purcost", "cid", "purmethod", "eid") VALUES (203, '2025-02-16', 'shipped', 267, 99, 'cash', 1) ON CONFLICT DO NOTHING;
INSERT INTO "public"."purchase" ("purid", "purdate", "purstatus", "purcost", "cid", "purmethod", "eid") VALUES (794, '2025-03-06', 'אשראי', 2, 56, 'cash', 1) ON CONFLICT DO NOTHING;
INSERT INTO "public"."purchase" ("purid", "purdate", "purstatus", "purcost", "cid", "purmethod", "eid") VALUES (205, '2024-12-13', 'cancelled', 282, 100, 'cash', 1) ON CONFLICT DO NOTHING;
INSERT INTO "public"."purchase" ("purid", "purdate", "purstatus", "purcost", "cid", "purmethod", "eid") VALUES (795, '2025-02-01', 'אשראי', 4, 56, 'cash', 1) ON CONFLICT DO NOTHING;
INSERT INTO "public"."purchase" ("purid", "purdate", "purstatus", "purcost", "cid", "purmethod", "eid") VALUES (207, '2024-05-03', 'delivered', 263, 101, 'cash', 1) ON CONFLICT DO NOTHING;
INSERT INTO "public"."purchase" ("purid", "purdate", "purstatus", "purcost", "cid", "purmethod", "eid") VALUES (796, '2025-01-05', 'ביט', 3, 56, 'cash', 1) ON CONFLICT DO NOTHING;
INSERT INTO "public"."purchase" ("purid", "purdate", "purstatus", "purcost", "cid", "purmethod", "eid") VALUES (210, '2024-06-07', 'cancelled', 326, 103, 'cash', 1) ON CONFLICT DO NOTHING;
INSERT INTO "public"."purchase" ("purid", "purdate", "purstatus", "purcost", "cid", "purmethod", "eid") VALUES (797, '2025-01-01', 'ביט', 4, 56, 'cash', 1) ON CONFLICT DO NOTHING;
INSERT INTO "public"."purchase" ("purid", "purdate", "purstatus", "purcost", "cid", "purmethod", "eid") VALUES (212, '2025-01-28', 'delivered', 180, 103, 'cash', 1) ON CONFLICT DO NOTHING;
INSERT INTO "public"."purchase" ("purid", "purdate", "purstatus", "purcost", "cid", "purmethod", "eid") VALUES (798, '2025-02-04', 'מזומן', 2, 56, 'cash', 1) ON CONFLICT DO NOTHING;
INSERT INTO "public"."purchase" ("purid", "purdate", "purstatus", "purcost", "cid", "purmethod", "eid") VALUES (799, '2025-03-23', 'אשראי', 3, 56, 'cash', 1) ON CONFLICT DO NOTHING;
INSERT INTO "public"."purchase" ("purid", "purdate", "purstatus", "purcost", "cid", "purmethod", "eid") VALUES (800, '2025-03-30', 'ביט', 3, 56, 'cash', 1) ON CONFLICT DO NOTHING;
INSERT INTO "public"."purchase" ("purid", "purdate", "purstatus", "purcost", "cid", "purmethod", "eid") VALUES (216, '2024-04-15', 'shipped', 442, 105, 'cash', 1) ON CONFLICT DO NOTHING;
INSERT INTO "public"."purchase" ("purid", "purdate", "purstatus", "purcost", "cid", "purmethod", "eid") VALUES (217, '2024-12-05', 'delivered', 214, 106, 'cash', 1) ON CONFLICT DO NOTHING;
INSERT INTO "public"."purchase" ("purid", "purdate", "purstatus", "purcost", "cid", "purmethod", "eid") VALUES (219, '2024-05-29', 'shipped', 228, 108, 'cash', 1) ON CONFLICT DO NOTHING;
INSERT INTO "public"."purchase" ("purid", "purdate", "purstatus", "purcost", "cid", "purmethod", "eid") VALUES (220, '2024-06-23', 'shipped', 498, 108, 'cash', 1) ON CONFLICT DO NOTHING;
INSERT INTO "public"."purchase" ("purid", "purdate", "purstatus", "purcost", "cid", "purmethod", "eid") VALUES (801, '2025-02-08', 'מזומן', 1, 56, 'cash', 1) ON CONFLICT DO NOTHING;
INSERT INTO "public"."purchase" ("purid", "purdate", "purstatus", "purcost", "cid", "purmethod", "eid") VALUES (802, '2025-02-09', 'אשראי', 4, 56, 'cash', 1) ON CONFLICT DO NOTHING;
INSERT INTO "public"."purchase" ("purid", "purdate", "purstatus", "purcost", "cid", "purmethod", "eid") VALUES (803, '2025-03-20', 'מזומן', 5, 56, 'cash', 1) ON CONFLICT DO NOTHING;
INSERT INTO "public"."purchase" ("purid", "purdate", "purstatus", "purcost", "cid", "purmethod", "eid") VALUES (804, '2025-01-30', 'ביט', 4, 56, 'cash', 1) ON CONFLICT DO NOTHING;
INSERT INTO "public"."purchase" ("purid", "purdate", "purstatus", "purcost", "cid", "purmethod", "eid") VALUES (805, '2025-02-01', 'מזומן', 4, 56, 'cash', 1) ON CONFLICT DO NOTHING;
INSERT INTO "public"."purchase" ("purid", "purdate", "purstatus", "purcost", "cid", "purmethod", "eid") VALUES (806, '2025-01-01', 'אשראי', 4, 56, 'cash', 1) ON CONFLICT DO NOTHING;
INSERT INTO "public"."purchase" ("purid", "purdate", "purstatus", "purcost", "cid", "purmethod", "eid") VALUES (807, '2025-03-23', 'מזומן', 2, 56, 'cash', 1) ON CONFLICT DO NOTHING;
INSERT INTO "public"."purchase" ("purid", "purdate", "purstatus", "purcost", "cid", "purmethod", "eid") VALUES (229, '2025-01-20', 'delivered', 416, 112, 'cash', 1) ON CONFLICT DO NOTHING;
INSERT INTO "public"."purchase" ("purid", "purdate", "purstatus", "purcost", "cid", "purmethod", "eid") VALUES (808, '2025-03-09', 'ביט', 1, 56, 'cash', 1) ON CONFLICT DO NOTHING;
INSERT INTO "public"."purchase" ("purid", "purdate", "purstatus", "purcost", "cid", "purmethod", "eid") VALUES (809, '2025-03-15', 'אשראי', 5, 56, 'cash', 1) ON CONFLICT DO NOTHING;
INSERT INTO "public"."purchase" ("purid", "purdate", "purstatus", "purcost", "cid", "purmethod", "eid") VALUES (810, '2025-01-27', 'מזומן', 4, 56, 'cash', 1) ON CONFLICT DO NOTHING;
INSERT INTO "public"."purchase" ("purid", "purdate", "purstatus", "purcost", "cid", "purmethod", "eid") VALUES (811, '2025-02-15', 'ביט', 1, 56, 'cash', 1) ON CONFLICT DO NOTHING;
INSERT INTO "public"."purchase" ("purid", "purdate", "purstatus", "purcost", "cid", "purmethod", "eid") VALUES (812, '2025-02-21', 'מזומן', 4, 56, 'cash', 1) ON CONFLICT DO NOTHING;
INSERT INTO "public"."purchase" ("purid", "purdate", "purstatus", "purcost", "cid", "purmethod", "eid") VALUES (813, '2025-01-16', 'מזומן', 3, 56, 'cash', 1) ON CONFLICT DO NOTHING;
INSERT INTO "public"."purchase" ("purid", "purdate", "purstatus", "purcost", "cid", "purmethod", "eid") VALUES (236, '2024-10-21', 'delivered', 424, 117, 'cash', 1) ON CONFLICT DO NOTHING;
INSERT INTO "public"."purchase" ("purid", "purdate", "purstatus", "purcost", "cid", "purmethod", "eid") VALUES (814, '2025-03-31', 'ביט', 1, 56, 'cash', 1) ON CONFLICT DO NOTHING;
INSERT INTO "public"."purchase" ("purid", "purdate", "purstatus", "purcost", "cid", "purmethod", "eid") VALUES (815, '2025-02-03', 'אשראי', 1, 56, 'cash', 1) ON CONFLICT DO NOTHING;
INSERT INTO "public"."purchase" ("purid", "purdate", "purstatus", "purcost", "cid", "purmethod", "eid") VALUES (239, '2024-06-27', 'cancelled', 408, 119, 'cash', 1) ON CONFLICT DO NOTHING;
INSERT INTO "public"."purchase" ("purid", "purdate", "purstatus", "purcost", "cid", "purmethod", "eid") VALUES (816, '2025-03-25', 'מזומן', 5, 56, 'cash', 1) ON CONFLICT DO NOTHING;
INSERT INTO "public"."purchase" ("purid", "purdate", "purstatus", "purcost", "cid", "purmethod", "eid") VALUES (241, '2024-07-10', 'cancelled', 393, 120, 'cash', 1) ON CONFLICT DO NOTHING;
INSERT INTO "public"."purchase" ("purid", "purdate", "purstatus", "purcost", "cid", "purmethod", "eid") VALUES (817, '2025-03-10', 'מזומן', 5, 56, 'cash', 1) ON CONFLICT DO NOTHING;
INSERT INTO "public"."purchase" ("purid", "purdate", "purstatus", "purcost", "cid", "purmethod", "eid") VALUES (818, '2025-02-16', 'מזומן', 5, 56, 'cash', 1) ON CONFLICT DO NOTHING;
INSERT INTO "public"."purchase" ("purid", "purdate", "purstatus", "purcost", "cid", "purmethod", "eid") VALUES (244, '2025-03-01', 'shipped', 203, 122, 'cash', 1) ON CONFLICT DO NOTHING;
INSERT INTO "public"."purchase" ("purid", "purdate", "purstatus", "purcost", "cid", "purmethod", "eid") VALUES (819, '2025-03-06', 'ביט', 3, 56, 'cash', 1) ON CONFLICT DO NOTHING;
INSERT INTO "public"."purchase" ("purid", "purdate", "purstatus", "purcost", "cid", "purmethod", "eid") VALUES (248, '2024-12-09', 'shipped', 54, 124, 'cash', 1) ON CONFLICT DO NOTHING;
INSERT INTO "public"."purchase" ("purid", "purdate", "purstatus", "purcost", "cid", "purmethod", "eid") VALUES (249, '2025-03-24', 'delivered', 227, 124, 'cash', 1) ON CONFLICT DO NOTHING;
INSERT INTO "public"."purchase" ("purid", "purdate", "purstatus", "purcost", "cid", "purmethod", "eid") VALUES (251, '2024-11-24', 'shipped', 274, 125, 'cash', 1) ON CONFLICT DO NOTHING;
INSERT INTO "public"."purchase" ("purid", "purdate", "purstatus", "purcost", "cid", "purmethod", "eid") VALUES (256, '2024-10-17', 'delivered', 307, 127, 'cash', 1) ON CONFLICT DO NOTHING;
INSERT INTO "public"."purchase" ("purid", "purdate", "purstatus", "purcost", "cid", "purmethod", "eid") VALUES (820, '2025-01-02', 'ביט', 4, 56, 'cash', 1) ON CONFLICT DO NOTHING;
INSERT INTO "public"."purchase" ("purid", "purdate", "purstatus", "purcost", "cid", "purmethod", "eid") VALUES (259, '2024-12-05', 'delivered', 137, 128, 'cash', 1) ON CONFLICT DO NOTHING;
INSERT INTO "public"."purchase" ("purid", "purdate", "purstatus", "purcost", "cid", "purmethod", "eid") VALUES (260, '2024-11-21', 'cancelled', 420, 128, 'cash', 1) ON CONFLICT DO NOTHING;
INSERT INTO "public"."purchase" ("purid", "purdate", "purstatus", "purcost", "cid", "purmethod", "eid") VALUES (821, '2025-03-10', 'מזומן', 2, 56, 'cash', 1) ON CONFLICT DO NOTHING;
INSERT INTO "public"."purchase" ("purid", "purdate", "purstatus", "purcost", "cid", "purmethod", "eid") VALUES (822, '2025-02-28', 'ביט', 1, 56, 'cash', 1) ON CONFLICT DO NOTHING;
INSERT INTO "public"."purchase" ("purid", "purdate", "purstatus", "purcost", "cid", "purmethod", "eid") VALUES (823, '2025-03-26', 'מזומן', 4, 56, 'cash', 1) ON CONFLICT DO NOTHING;
INSERT INTO "public"."purchase" ("purid", "purdate", "purstatus", "purcost", "cid", "purmethod", "eid") VALUES (824, '2025-02-01', 'מזומן', 4, 56, 'cash', 1) ON CONFLICT DO NOTHING;
INSERT INTO "public"."purchase" ("purid", "purdate", "purstatus", "purcost", "cid", "purmethod", "eid") VALUES (825, '2025-01-18', 'אשראי', 1, 56, 'cash', 1) ON CONFLICT DO NOTHING;
INSERT INTO "public"."purchase" ("purid", "purdate", "purstatus", "purcost", "cid", "purmethod", "eid") VALUES (826, '2025-01-11', 'אשראי', 2, 56, 'cash', 1) ON CONFLICT DO NOTHING;
INSERT INTO "public"."purchase" ("purid", "purdate", "purstatus", "purcost", "cid", "purmethod", "eid") VALUES (827, '2025-03-27', 'מזומן', 3, 56, 'cash', 1) ON CONFLICT DO NOTHING;
INSERT INTO "public"."purchase" ("purid", "purdate", "purstatus", "purcost", "cid", "purmethod", "eid") VALUES (271, '2024-11-10', 'delivered', 241, 134, 'cash', 1) ON CONFLICT DO NOTHING;
INSERT INTO "public"."purchase" ("purid", "purdate", "purstatus", "purcost", "cid", "purmethod", "eid") VALUES (828, '2025-03-28', 'מזומן', 5, 56, 'cash', 1) ON CONFLICT DO NOTHING;
INSERT INTO "public"."purchase" ("purid", "purdate", "purstatus", "purcost", "cid", "purmethod", "eid") VALUES (829, '2025-03-14', 'מזומן', 1, 56, 'cash', 1) ON CONFLICT DO NOTHING;
INSERT INTO "public"."purchase" ("purid", "purdate", "purstatus", "purcost", "cid", "purmethod", "eid") VALUES (830, '2025-03-18', 'אשראי', 1, 56, 'cash', 1) ON CONFLICT DO NOTHING;
INSERT INTO "public"."purchase" ("purid", "purdate", "purstatus", "purcost", "cid", "purmethod", "eid") VALUES (831, '2025-01-11', 'מזומן', 4, 56, 'cash', 1) ON CONFLICT DO NOTHING;
INSERT INTO "public"."purchase" ("purid", "purdate", "purstatus", "purcost", "cid", "purmethod", "eid") VALUES (832, '2025-02-26', 'ביט', 1, 56, 'cash', 1) ON CONFLICT DO NOTHING;
INSERT INTO "public"."purchase" ("purid", "purdate", "purstatus", "purcost", "cid", "purmethod", "eid") VALUES (833, '2025-02-10', 'אשראי', 3, 56, 'cash', 1) ON CONFLICT DO NOTHING;
INSERT INTO "public"."purchase" ("purid", "purdate", "purstatus", "purcost", "cid", "purmethod", "eid") VALUES (834, '2025-02-13', 'אשראי', 4, 56, 'cash', 1) ON CONFLICT DO NOTHING;
INSERT INTO "public"."purchase" ("purid", "purdate", "purstatus", "purcost", "cid", "purmethod", "eid") VALUES (281, '2024-10-25', 'delivered', 476, 138, 'cash', 1) ON CONFLICT DO NOTHING;
INSERT INTO "public"."purchase" ("purid", "purdate", "purstatus", "purcost", "cid", "purmethod", "eid") VALUES (282, '2024-09-24', 'shipped', 353, 139, 'cash', 1) ON CONFLICT DO NOTHING;
INSERT INTO "public"."purchase" ("purid", "purdate", "purstatus", "purcost", "cid", "purmethod", "eid") VALUES (283, '2024-06-19', 'cancelled', 225, 139, 'cash', 1) ON CONFLICT DO NOTHING;
INSERT INTO "public"."purchase" ("purid", "purdate", "purstatus", "purcost", "cid", "purmethod", "eid") VALUES (835, '2025-02-06', 'ביט', 4, 56, 'cash', 1) ON CONFLICT DO NOTHING;
INSERT INTO "public"."purchase" ("purid", "purdate", "purstatus", "purcost", "cid", "purmethod", "eid") VALUES (836, '2025-01-09', 'מזומן', 5, 56, 'cash', 1) ON CONFLICT DO NOTHING;
INSERT INTO "public"."purchase" ("purid", "purdate", "purstatus", "purcost", "cid", "purmethod", "eid") VALUES (837, '2025-03-28', 'ביט', 4, 56, 'cash', 1) ON CONFLICT DO NOTHING;
INSERT INTO "public"."purchase" ("purid", "purdate", "purstatus", "purcost", "cid", "purmethod", "eid") VALUES (288, '2025-02-04', 'delivered', 371, 141, 'cash', 1) ON CONFLICT DO NOTHING;
INSERT INTO "public"."purchase" ("purid", "purdate", "purstatus", "purcost", "cid", "purmethod", "eid") VALUES (289, '2024-10-29', 'cancelled', 451, 142, 'cash', 1) ON CONFLICT DO NOTHING;
INSERT INTO "public"."purchase" ("purid", "purdate", "purstatus", "purcost", "cid", "purmethod", "eid") VALUES (838, '2025-01-03', 'מזומן', 4, 56, 'cash', 1) ON CONFLICT DO NOTHING;
INSERT INTO "public"."purchase" ("purid", "purdate", "purstatus", "purcost", "cid", "purmethod", "eid") VALUES (291, '2024-06-06', 'shipped', 399, 143, 'cash', 1) ON CONFLICT DO NOTHING;
INSERT INTO "public"."purchase" ("purid", "purdate", "purstatus", "purcost", "cid", "purmethod", "eid") VALUES (839, '2025-01-21', 'ביט', 2, 56, 'cash', 1) ON CONFLICT DO NOTHING;
INSERT INTO "public"."purchase" ("purid", "purdate", "purstatus", "purcost", "cid", "purmethod", "eid") VALUES (840, '2025-03-05', 'מזומן', 1, 56, 'cash', 1) ON CONFLICT DO NOTHING;
INSERT INTO "public"."purchase" ("purid", "purdate", "purstatus", "purcost", "cid", "purmethod", "eid") VALUES (294, '2025-02-14', 'cancelled', 335, 144, 'cash', 1) ON CONFLICT DO NOTHING;
INSERT INTO "public"."purchase" ("purid", "purdate", "purstatus", "purcost", "cid", "purmethod", "eid") VALUES (841, '2025-03-18', 'מזומן', 2, 56, 'cash', 1) ON CONFLICT DO NOTHING;
INSERT INTO "public"."purchase" ("purid", "purdate", "purstatus", "purcost", "cid", "purmethod", "eid") VALUES (842, '2025-01-15', 'אשראי', 2, 56, 'cash', 1) ON CONFLICT DO NOTHING;
INSERT INTO "public"."purchase" ("purid", "purdate", "purstatus", "purcost", "cid", "purmethod", "eid") VALUES (843, '2025-02-23', 'מזומן', 5, 56, 'cash', 1) ON CONFLICT DO NOTHING;
INSERT INTO "public"."purchase" ("purid", "purdate", "purstatus", "purcost", "cid", "purmethod", "eid") VALUES (844, '2025-01-22', 'מזומן', 1, 56, 'cash', 1) ON CONFLICT DO NOTHING;
INSERT INTO "public"."purchase" ("purid", "purdate", "purstatus", "purcost", "cid", "purmethod", "eid") VALUES (845, '2025-03-18', 'אשראי', 1, 56, 'cash', 1) ON CONFLICT DO NOTHING;
INSERT INTO "public"."purchase" ("purid", "purdate", "purstatus", "purcost", "cid", "purmethod", "eid") VALUES (301, '2025-01-11', 'cancelled', 87, 148, 'cash', 1) ON CONFLICT DO NOTHING;
INSERT INTO "public"."purchase" ("purid", "purdate", "purstatus", "purcost", "cid", "purmethod", "eid") VALUES (846, '2025-01-31', 'אשראי', 2, 56, 'cash', 1) ON CONFLICT DO NOTHING;
INSERT INTO "public"."purchase" ("purid", "purdate", "purstatus", "purcost", "cid", "purmethod", "eid") VALUES (303, '2024-08-30', 'delivered', 438, 149, 'cash', 1) ON CONFLICT DO NOTHING;
INSERT INTO "public"."purchase" ("purid", "purdate", "purstatus", "purcost", "cid", "purmethod", "eid") VALUES (304, '2024-07-19', 'cancelled', 149, 149, 'cash', 1) ON CONFLICT DO NOTHING;
INSERT INTO "public"."purchase" ("purid", "purdate", "purstatus", "purcost", "cid", "purmethod", "eid") VALUES (305, '2024-04-22', 'delivered', 339, 149, 'cash', 1) ON CONFLICT DO NOTHING;
INSERT INTO "public"."purchase" ("purid", "purdate", "purstatus", "purcost", "cid", "purmethod", "eid") VALUES (847, '2025-03-08', 'ביט', 1, 56, 'cash', 1) ON CONFLICT DO NOTHING;
INSERT INTO "public"."purchase" ("purid", "purdate", "purstatus", "purcost", "cid", "purmethod", "eid") VALUES (848, '2025-03-06', 'ביט', 5, 56, 'cash', 1) ON CONFLICT DO NOTHING;
INSERT INTO "public"."purchase" ("purid", "purdate", "purstatus", "purcost", "cid", "purmethod", "eid") VALUES (309, '2024-12-06', 'cancelled', 446, 151, 'cash', 1) ON CONFLICT DO NOTHING;
INSERT INTO "public"."purchase" ("purid", "purdate", "purstatus", "purcost", "cid", "purmethod", "eid") VALUES (849, '2025-03-24', 'מזומן', 1, 56, 'cash', 1) ON CONFLICT DO NOTHING;
INSERT INTO "public"."purchase" ("purid", "purdate", "purstatus", "purcost", "cid", "purmethod", "eid") VALUES (311, '2024-10-14', 'cancelled', 448, 151, 'cash', 1) ON CONFLICT DO NOTHING;
INSERT INTO "public"."purchase" ("purid", "purdate", "purstatus", "purcost", "cid", "purmethod", "eid") VALUES (850, '2025-02-08', 'אשראי', 3, 56, 'cash', 1) ON CONFLICT DO NOTHING;
INSERT INTO "public"."purchase" ("purid", "purdate", "purstatus", "purcost", "cid", "purmethod", "eid") VALUES (851, '2025-02-13', 'ביט', 4, 56, 'cash', 1) ON CONFLICT DO NOTHING;
INSERT INTO "public"."purchase" ("purid", "purdate", "purstatus", "purcost", "cid", "purmethod", "eid") VALUES (852, '2025-02-04', 'ביט', 1, 56, 'cash', 1) ON CONFLICT DO NOTHING;
INSERT INTO "public"."purchase" ("purid", "purdate", "purstatus", "purcost", "cid", "purmethod", "eid") VALUES (853, '2025-03-10', 'ביט', 1, 56, 'cash', 1) ON CONFLICT DO NOTHING;
INSERT INTO "public"."purchase" ("purid", "purdate", "purstatus", "purcost", "cid", "purmethod", "eid") VALUES (854, '2025-02-08', 'ביט', 3, 56, 'cash', 1) ON CONFLICT DO NOTHING;
INSERT INTO "public"."purchase" ("purid", "purdate", "purstatus", "purcost", "cid", "purmethod", "eid") VALUES (855, '2025-02-27', 'ביט', 3, 56, 'cash', 1) ON CONFLICT DO NOTHING;
INSERT INTO "public"."purchase" ("purid", "purdate", "purstatus", "purcost", "cid", "purmethod", "eid") VALUES (856, '2025-03-12', 'אשראי', 2, 56, 'cash', 1) ON CONFLICT DO NOTHING;
INSERT INTO "public"."purchase" ("purid", "purdate", "purstatus", "purcost", "cid", "purmethod", "eid") VALUES (319, '2024-07-11', 'shipped', 95, 156, 'cash', 1) ON CONFLICT DO NOTHING;
INSERT INTO "public"."purchase" ("purid", "purdate", "purstatus", "purcost", "cid", "purmethod", "eid") VALUES (320, '2024-11-12', 'shipped', 422, 157, 'cash', 1) ON CONFLICT DO NOTHING;
INSERT INTO "public"."purchase" ("purid", "purdate", "purstatus", "purcost", "cid", "purmethod", "eid") VALUES (321, '2024-04-09', 'delivered', 384, 158, 'cash', 1) ON CONFLICT DO NOTHING;
INSERT INTO "public"."purchase" ("purid", "purdate", "purstatus", "purcost", "cid", "purmethod", "eid") VALUES (322, '2024-09-06', 'shipped', 426, 159, 'cash', 1) ON CONFLICT DO NOTHING;
INSERT INTO "public"."purchase" ("purid", "purdate", "purstatus", "purcost", "cid", "purmethod", "eid") VALUES (857, '2025-03-17', 'מזומן', 1, 56, 'cash', 1) ON CONFLICT DO NOTHING;
INSERT INTO "public"."purchase" ("purid", "purdate", "purstatus", "purcost", "cid", "purmethod", "eid") VALUES (858, '2025-02-22', 'ביט', 2, 56, 'cash', 1) ON CONFLICT DO NOTHING;
INSERT INTO "public"."purchase" ("purid", "purdate", "purstatus", "purcost", "cid", "purmethod", "eid") VALUES (326, '2025-01-18', 'cancelled', 355, 161, 'cash', 1) ON CONFLICT DO NOTHING;
INSERT INTO "public"."purchase" ("purid", "purdate", "purstatus", "purcost", "cid", "purmethod", "eid") VALUES (859, '2025-01-01', 'אשראי', 3, 56, 'cash', 1) ON CONFLICT DO NOTHING;
INSERT INTO "public"."purchase" ("purid", "purdate", "purstatus", "purcost", "cid", "purmethod", "eid") VALUES (860, '2025-02-20', 'אשראי', 2, 56, 'cash', 1) ON CONFLICT DO NOTHING;
INSERT INTO "public"."purchase" ("purid", "purdate", "purstatus", "purcost", "cid", "purmethod", "eid") VALUES (329, '2024-04-22', 'shipped', 417, 162, 'cash', 1) ON CONFLICT DO NOTHING;
INSERT INTO "public"."purchase" ("purid", "purdate", "purstatus", "purcost", "cid", "purmethod", "eid") VALUES (861, '2025-02-03', 'מזומן', 5, 56, 'cash', 1) ON CONFLICT DO NOTHING;
INSERT INTO "public"."purchase" ("purid", "purdate", "purstatus", "purcost", "cid", "purmethod", "eid") VALUES (331, '2024-09-13', 'delivered', 375, 164, 'cash', 1) ON CONFLICT DO NOTHING;
INSERT INTO "public"."purchase" ("purid", "purdate", "purstatus", "purcost", "cid", "purmethod", "eid") VALUES (862, '2025-02-03', 'מזומן', 1, 56, 'cash', 1) ON CONFLICT DO NOTHING;
INSERT INTO "public"."purchase" ("purid", "purdate", "purstatus", "purcost", "cid", "purmethod", "eid") VALUES (335, '2024-09-15', 'cancelled', 306, 166, 'cash', 1) ON CONFLICT DO NOTHING;
INSERT INTO "public"."purchase" ("purid", "purdate", "purstatus", "purcost", "cid", "purmethod", "eid") VALUES (863, '2025-01-19', 'מזומן', 1, 56, 'cash', 1) ON CONFLICT DO NOTHING;
INSERT INTO "public"."purchase" ("purid", "purdate", "purstatus", "purcost", "cid", "purmethod", "eid") VALUES (864, '2025-02-05', 'אשראי', 4, 56, 'cash', 1) ON CONFLICT DO NOTHING;
INSERT INTO "public"."purchase" ("purid", "purdate", "purstatus", "purcost", "cid", "purmethod", "eid") VALUES (338, '2025-03-27', 'cancelled', 361, 167, 'cash', 1) ON CONFLICT DO NOTHING;
INSERT INTO "public"."purchase" ("purid", "purdate", "purstatus", "purcost", "cid", "purmethod", "eid") VALUES (339, '2024-11-25', 'cancelled', 155, 168, 'cash', 1) ON CONFLICT DO NOTHING;
INSERT INTO "public"."purchase" ("purid", "purdate", "purstatus", "purcost", "cid", "purmethod", "eid") VALUES (865, '2025-03-06', 'אשראי', 4, 56, 'cash', 1) ON CONFLICT DO NOTHING;
INSERT INTO "public"."purchase" ("purid", "purdate", "purstatus", "purcost", "cid", "purmethod", "eid") VALUES (341, '2024-04-07', 'shipped', 86, 170, 'cash', 1) ON CONFLICT DO NOTHING;
INSERT INTO "public"."purchase" ("purid", "purdate", "purstatus", "purcost", "cid", "purmethod", "eid") VALUES (342, '2024-08-20', 'delivered', 126, 170, 'cash', 1) ON CONFLICT DO NOTHING;
INSERT INTO "public"."purchase" ("purid", "purdate", "purstatus", "purcost", "cid", "purmethod", "eid") VALUES (866, '2025-01-15', 'ביט', 1, 56, 'cash', 1) ON CONFLICT DO NOTHING;
INSERT INTO "public"."purchase" ("purid", "purdate", "purstatus", "purcost", "cid", "purmethod", "eid") VALUES (867, '2025-02-24', 'מזומן', 4, 56, 'cash', 1) ON CONFLICT DO NOTHING;
INSERT INTO "public"."purchase" ("purid", "purdate", "purstatus", "purcost", "cid", "purmethod", "eid") VALUES (345, '2024-12-30', 'delivered', 350, 171, 'cash', 1) ON CONFLICT DO NOTHING;
INSERT INTO "public"."purchase" ("purid", "purdate", "purstatus", "purcost", "cid", "purmethod", "eid") VALUES (346, '2024-04-08', 'shipped', 57, 172, 'cash', 1) ON CONFLICT DO NOTHING;
INSERT INTO "public"."purchase" ("purid", "purdate", "purstatus", "purcost", "cid", "purmethod", "eid") VALUES (868, '2025-01-10', 'מזומן', 3, 56, 'cash', 1) ON CONFLICT DO NOTHING;
INSERT INTO "public"."purchase" ("purid", "purdate", "purstatus", "purcost", "cid", "purmethod", "eid") VALUES (348, '2025-01-29', 'cancelled', 498, 174, 'cash', 1) ON CONFLICT DO NOTHING;
INSERT INTO "public"."purchase" ("purid", "purdate", "purstatus", "purcost", "cid", "purmethod", "eid") VALUES (349, '2024-04-28', 'cancelled', 145, 174, 'cash', 1) ON CONFLICT DO NOTHING;
INSERT INTO "public"."purchase" ("purid", "purdate", "purstatus", "purcost", "cid", "purmethod", "eid") VALUES (350, '2024-06-17', 'delivered', 338, 174, 'cash', 1) ON CONFLICT DO NOTHING;
INSERT INTO "public"."purchase" ("purid", "purdate", "purstatus", "purcost", "cid", "purmethod", "eid") VALUES (351, '2024-08-14', 'cancelled', 439, 175, 'cash', 1) ON CONFLICT DO NOTHING;
INSERT INTO "public"."purchase" ("purid", "purdate", "purstatus", "purcost", "cid", "purmethod", "eid") VALUES (352, '2024-06-06', 'shipped', 387, 175, 'cash', 1) ON CONFLICT DO NOTHING;
INSERT INTO "public"."purchase" ("purid", "purdate", "purstatus", "purcost", "cid", "purmethod", "eid") VALUES (353, '2025-02-22', 'delivered', 268, 176, 'cash', 1) ON CONFLICT DO NOTHING;
INSERT INTO "public"."purchase" ("purid", "purdate", "purstatus", "purcost", "cid", "purmethod", "eid") VALUES (869, '2025-03-14', 'ביט', 5, 56, 'cash', 1) ON CONFLICT DO NOTHING;
INSERT INTO "public"."purchase" ("purid", "purdate", "purstatus", "purcost", "cid", "purmethod", "eid") VALUES (355, '2024-12-20', 'delivered', 244, 176, 'cash', 1) ON CONFLICT DO NOTHING;
INSERT INTO "public"."purchase" ("purid", "purdate", "purstatus", "purcost", "cid", "purmethod", "eid") VALUES (870, '2025-03-15', 'מזומן', 4, 56, 'cash', 1) ON CONFLICT DO NOTHING;
INSERT INTO "public"."purchase" ("purid", "purdate", "purstatus", "purcost", "cid", "purmethod", "eid") VALUES (871, '2025-03-06', 'ביט', 3, 56, 'cash', 1) ON CONFLICT DO NOTHING;
INSERT INTO "public"."purchase" ("purid", "purdate", "purstatus", "purcost", "cid", "purmethod", "eid") VALUES (358, '2024-08-14', 'shipped', 266, 177, 'cash', 1) ON CONFLICT DO NOTHING;
INSERT INTO "public"."purchase" ("purid", "purdate", "purstatus", "purcost", "cid", "purmethod", "eid") VALUES (872, '2025-03-09', 'מזומן', 5, 56, 'cash', 1) ON CONFLICT DO NOTHING;
INSERT INTO "public"."purchase" ("purid", "purdate", "purstatus", "purcost", "cid", "purmethod", "eid") VALUES (362, '2024-04-16', 'delivered', 51, 180, 'cash', 1) ON CONFLICT DO NOTHING;
INSERT INTO "public"."purchase" ("purid", "purdate", "purstatus", "purcost", "cid", "purmethod", "eid") VALUES (873, '2025-01-09', 'אשראי', 2, 56, 'cash', 1) ON CONFLICT DO NOTHING;
INSERT INTO "public"."purchase" ("purid", "purdate", "purstatus", "purcost", "cid", "purmethod", "eid") VALUES (874, '2025-01-25', 'מזומן', 5, 56, 'cash', 1) ON CONFLICT DO NOTHING;
INSERT INTO "public"."purchase" ("purid", "purdate", "purstatus", "purcost", "cid", "purmethod", "eid") VALUES (875, '2025-03-02', 'ביט', 1, 56, 'cash', 1) ON CONFLICT DO NOTHING;
INSERT INTO "public"."purchase" ("purid", "purdate", "purstatus", "purcost", "cid", "purmethod", "eid") VALUES (876, '2025-02-16', 'מזומן', 2, 56, 'cash', 1) ON CONFLICT DO NOTHING;
INSERT INTO "public"."purchase" ("purid", "purdate", "purstatus", "purcost", "cid", "purmethod", "eid") VALUES (877, '2025-03-24', 'מזומן', 5, 56, 'cash', 1) ON CONFLICT DO NOTHING;
INSERT INTO "public"."purchase" ("purid", "purdate", "purstatus", "purcost", "cid", "purmethod", "eid") VALUES (878, '2025-01-01', 'ביט', 3, 56, 'cash', 1) ON CONFLICT DO NOTHING;
INSERT INTO "public"."purchase" ("purid", "purdate", "purstatus", "purcost", "cid", "purmethod", "eid") VALUES (879, '2025-02-11', 'מזומן', 1, 56, 'cash', 1) ON CONFLICT DO NOTHING;
INSERT INTO "public"."purchase" ("purid", "purdate", "purstatus", "purcost", "cid", "purmethod", "eid") VALUES (370, '2025-01-05', 'cancelled', 196, 184, 'cash', 1) ON CONFLICT DO NOTHING;
INSERT INTO "public"."purchase" ("purid", "purdate", "purstatus", "purcost", "cid", "purmethod", "eid") VALUES (880, '2025-03-19', 'ביט', 3, 56, 'cash', 1) ON CONFLICT DO NOTHING;
INSERT INTO "public"."purchase" ("purid", "purdate", "purstatus", "purcost", "cid", "purmethod", "eid") VALUES (372, '2024-04-17', 'delivered', 123, 186, 'cash', 1) ON CONFLICT DO NOTHING;
INSERT INTO "public"."purchase" ("purid", "purdate", "purstatus", "purcost", "cid", "purmethod", "eid") VALUES (881, '2025-01-08', 'אשראי', 4, 56, 'cash', 1) ON CONFLICT DO NOTHING;
INSERT INTO "public"."purchase" ("purid", "purdate", "purstatus", "purcost", "cid", "purmethod", "eid") VALUES (374, '2024-04-21', 'cancelled', 178, 186, 'cash', 1) ON CONFLICT DO NOTHING;
INSERT INTO "public"."purchase" ("purid", "purdate", "purstatus", "purcost", "cid", "purmethod", "eid") VALUES (376, '2024-08-03', 'cancelled', 279, 187, 'cash', 1) ON CONFLICT DO NOTHING;
INSERT INTO "public"."purchase" ("purid", "purdate", "purstatus", "purcost", "cid", "purmethod", "eid") VALUES (378, '2025-03-19', 'shipped', 165, 188, 'cash', 1) ON CONFLICT DO NOTHING;
INSERT INTO "public"."purchase" ("purid", "purdate", "purstatus", "purcost", "cid", "purmethod", "eid") VALUES (380, '2025-01-31', 'cancelled', 337, 188, 'cash', 1) ON CONFLICT DO NOTHING;
INSERT INTO "public"."purchase" ("purid", "purdate", "purstatus", "purcost", "cid", "purmethod", "eid") VALUES (882, '2025-03-08', 'מזומן', 1, 56, 'cash', 1) ON CONFLICT DO NOTHING;
INSERT INTO "public"."purchase" ("purid", "purdate", "purstatus", "purcost", "cid", "purmethod", "eid") VALUES (384, '2024-07-22', 'shipped', 188, 190, 'cash', 1) ON CONFLICT DO NOTHING;
INSERT INTO "public"."purchase" ("purid", "purdate", "purstatus", "purcost", "cid", "purmethod", "eid") VALUES (385, '2025-03-30', 'delivered', 482, 190, 'cash', 1) ON CONFLICT DO NOTHING;
INSERT INTO "public"."purchase" ("purid", "purdate", "purstatus", "purcost", "cid", "purmethod", "eid") VALUES (386, '2025-03-19', 'delivered', 254, 191, 'cash', 1) ON CONFLICT DO NOTHING;
INSERT INTO "public"."purchase" ("purid", "purdate", "purstatus", "purcost", "cid", "purmethod", "eid") VALUES (883, '2025-03-10', 'ביט', 3, 56, 'cash', 1) ON CONFLICT DO NOTHING;
INSERT INTO "public"."purchase" ("purid", "purdate", "purstatus", "purcost", "cid", "purmethod", "eid") VALUES (884, '2025-01-29', 'מזומן', 5, 56, 'cash', 1) ON CONFLICT DO NOTHING;
INSERT INTO "public"."purchase" ("purid", "purdate", "purstatus", "purcost", "cid", "purmethod", "eid") VALUES (389, '2024-09-10', 'delivered', 437, 193, 'cash', 1) ON CONFLICT DO NOTHING;
INSERT INTO "public"."purchase" ("purid", "purdate", "purstatus", "purcost", "cid", "purmethod", "eid") VALUES (885, '2025-02-09', 'אשראי', 1, 56, 'cash', 1) ON CONFLICT DO NOTHING;
INSERT INTO "public"."purchase" ("purid", "purdate", "purstatus", "purcost", "cid", "purmethod", "eid") VALUES (886, '2025-03-31', 'אשראי', 3, 56, 'cash', 1) ON CONFLICT DO NOTHING;
INSERT INTO "public"."purchase" ("purid", "purdate", "purstatus", "purcost", "cid", "purmethod", "eid") VALUES (887, '2025-02-09', 'אשראי', 2, 56, 'cash', 1) ON CONFLICT DO NOTHING;
INSERT INTO "public"."purchase" ("purid", "purdate", "purstatus", "purcost", "cid", "purmethod", "eid") VALUES (394, '2024-04-07', 'shipped', 118, 196, 'cash', 1) ON CONFLICT DO NOTHING;
INSERT INTO "public"."purchase" ("purid", "purdate", "purstatus", "purcost", "cid", "purmethod", "eid") VALUES (888, '2025-03-06', 'מזומן', 4, 56, 'cash', 1) ON CONFLICT DO NOTHING;
INSERT INTO "public"."purchase" ("purid", "purdate", "purstatus", "purcost", "cid", "purmethod", "eid") VALUES (889, '2025-01-25', 'אשראי', 3, 56, 'cash', 1) ON CONFLICT DO NOTHING;
INSERT INTO "public"."purchase" ("purid", "purdate", "purstatus", "purcost", "cid", "purmethod", "eid") VALUES (890, '2025-01-16', 'מזומן', 3, 56, 'cash', 1) ON CONFLICT DO NOTHING;
INSERT INTO "public"."purchase" ("purid", "purdate", "purstatus", "purcost", "cid", "purmethod", "eid") VALUES (398, '2024-05-13', 'delivered', 385, 197, 'cash', 1) ON CONFLICT DO NOTHING;
INSERT INTO "public"."purchase" ("purid", "purdate", "purstatus", "purcost", "cid", "purmethod", "eid") VALUES (399, '2024-11-29', 'delivered', 141, 198, 'cash', 1) ON CONFLICT DO NOTHING;
INSERT INTO "public"."purchase" ("purid", "purdate", "purstatus", "purcost", "cid", "purmethod", "eid") VALUES (891, '2025-03-04', 'ביט', 1, 56, 'cash', 1) ON CONFLICT DO NOTHING;
INSERT INTO "public"."purchase" ("purid", "purdate", "purstatus", "purcost", "cid", "purmethod", "eid") VALUES (892, '2025-03-22', 'מזומן', 2, 56, 'cash', 1) ON CONFLICT DO NOTHING;
INSERT INTO "public"."purchase" ("purid", "purdate", "purstatus", "purcost", "cid", "purmethod", "eid") VALUES (893, '2025-03-10', 'ביט', 3, 56, 'cash', 1) ON CONFLICT DO NOTHING;
INSERT INTO "public"."purchase" ("purid", "purdate", "purstatus", "purcost", "cid", "purmethod", "eid") VALUES (894, '2025-03-13', 'ביט', 5, 56, 'cash', 1) ON CONFLICT DO NOTHING;
INSERT INTO "public"."purchase" ("purid", "purdate", "purstatus", "purcost", "cid", "purmethod", "eid") VALUES (895, '2025-01-18', 'אשראי', 2, 56, 'cash', 1) ON CONFLICT DO NOTHING;
INSERT INTO "public"."purchase" ("purid", "purdate", "purstatus", "purcost", "cid", "purmethod", "eid") VALUES (896, '2025-01-14', 'אשראי', 4, 56, 'cash', 1) ON CONFLICT DO NOTHING;
INSERT INTO "public"."purchase" ("purid", "purdate", "purstatus", "purcost", "cid", "purmethod", "eid") VALUES (407, '2025-01-07', 'shipped', 243, 203, 'cash', 1) ON CONFLICT DO NOTHING;
INSERT INTO "public"."purchase" ("purid", "purdate", "purstatus", "purcost", "cid", "purmethod", "eid") VALUES (408, '2024-05-09', 'shipped', 291, 203, 'cash', 1) ON CONFLICT DO NOTHING;
INSERT INTO "public"."purchase" ("purid", "purdate", "purstatus", "purcost", "cid", "purmethod", "eid") VALUES (409, '2025-02-24', 'delivered', 188, 204, 'cash', 1) ON CONFLICT DO NOTHING;
INSERT INTO "public"."purchase" ("purid", "purdate", "purstatus", "purcost", "cid", "purmethod", "eid") VALUES (897, '2025-01-08', 'מזומן', 4, 56, 'cash', 1) ON CONFLICT DO NOTHING;
INSERT INTO "public"."purchase" ("purid", "purdate", "purstatus", "purcost", "cid", "purmethod", "eid") VALUES (898, '2025-03-23', 'מזומן', 3, 56, 'cash', 1) ON CONFLICT DO NOTHING;
INSERT INTO "public"."purchase" ("purid", "purdate", "purstatus", "purcost", "cid", "purmethod", "eid") VALUES (899, '2025-01-08', 'ביט', 2, 56, 'cash', 1) ON CONFLICT DO NOTHING;
INSERT INTO "public"."purchase" ("purid", "purdate", "purstatus", "purcost", "cid", "purmethod", "eid") VALUES (413, '2024-05-09', 'shipped', 164, 206, 'cash', 1) ON CONFLICT DO NOTHING;
INSERT INTO "public"."purchase" ("purid", "purdate", "purstatus", "purcost", "cid", "purmethod", "eid") VALUES (414, '2025-02-27', 'cancelled', 443, 206, 'cash', 1) ON CONFLICT DO NOTHING;
INSERT INTO "public"."purchase" ("purid", "purdate", "purstatus", "purcost", "cid", "purmethod", "eid") VALUES (415, '2024-05-15', 'shipped', 127, 207, 'cash', 1) ON CONFLICT DO NOTHING;
INSERT INTO "public"."purchase" ("purid", "purdate", "purstatus", "purcost", "cid", "purmethod", "eid") VALUES (900, '2025-01-04', 'אשראי', 4, 56, 'cash', 1) ON CONFLICT DO NOTHING;
INSERT INTO "public"."purchase" ("purid", "purdate", "purstatus", "purcost", "cid", "purmethod", "eid") VALUES (417, '2024-08-26', 'cancelled', 197, 208, 'cash', 1) ON CONFLICT DO NOTHING;
INSERT INTO "public"."purchase" ("purid", "purdate", "purstatus", "purcost", "cid", "purmethod", "eid") VALUES (418, '2024-10-29', 'delivered', 289, 209, 'cash', 1) ON CONFLICT DO NOTHING;
INSERT INTO "public"."purchase" ("purid", "purdate", "purstatus", "purcost", "cid", "purmethod", "eid") VALUES (420, '2024-10-25', 'cancelled', 437, 209, 'cash', 1) ON CONFLICT DO NOTHING;
INSERT INTO "public"."purchase" ("purid", "purdate", "purstatus", "purcost", "cid", "purmethod", "eid") VALUES (421, '2024-04-10', 'cancelled', 272, 210, 'cash', 1) ON CONFLICT DO NOTHING;
INSERT INTO "public"."purchase" ("purid", "purdate", "purstatus", "purcost", "cid", "purmethod", "eid") VALUES (422, '2025-02-06', 'cancelled', 397, 211, 'cash', 1) ON CONFLICT DO NOTHING;
INSERT INTO "public"."purchase" ("purid", "purdate", "purstatus", "purcost", "cid", "purmethod", "eid") VALUES (901, '2025-03-13', 'מזומן', 4, 56, 'cash', 1) ON CONFLICT DO NOTHING;
INSERT INTO "public"."purchase" ("purid", "purdate", "purstatus", "purcost", "cid", "purmethod", "eid") VALUES (902, '2025-02-10', 'אשראי', 4, 56, 'cash', 1) ON CONFLICT DO NOTHING;
INSERT INTO "public"."purchase" ("purid", "purdate", "purstatus", "purcost", "cid", "purmethod", "eid") VALUES (7, '2024-10-27', 'cancelled', 435, 4, 'cash', 1) ON CONFLICT DO NOTHING;
INSERT INTO "public"."purchase" ("purid", "purdate", "purstatus", "purcost", "cid", "purmethod", "eid") VALUES (8, '2024-12-14', 'cancelled', 223, 5, 'cash', 1) ON CONFLICT DO NOTHING;
INSERT INTO "public"."purchase" ("purid", "purdate", "purstatus", "purcost", "cid", "purmethod", "eid") VALUES (15, '2025-01-21', 'cancelled', 118, 7, 'cash', 1) ON CONFLICT DO NOTHING;
INSERT INTO "public"."purchase" ("purid", "purdate", "purstatus", "purcost", "cid", "purmethod", "eid") VALUES (429, '2024-12-13', 'shipped', 439, 213, 'cash', 1) ON CONFLICT DO NOTHING;
INSERT INTO "public"."purchase" ("purid", "purdate", "purstatus", "purcost", "cid", "purmethod", "eid") VALUES (16, '2025-02-18', 'cancelled', 365, 8, 'cash', 1) ON CONFLICT DO NOTHING;
INSERT INTO "public"."purchase" ("purid", "purdate", "purstatus", "purcost", "cid", "purmethod", "eid") VALUES (20, '2024-10-22', 'cancelled', 442, 11, 'cash', 1) ON CONFLICT DO NOTHING;
INSERT INTO "public"."purchase" ("purid", "purdate", "purstatus", "purcost", "cid", "purmethod", "eid") VALUES (36, '2024-07-24', 'cancelled', 150, 17, 'cash', 1) ON CONFLICT DO NOTHING;
INSERT INTO "public"."purchase" ("purid", "purdate", "purstatus", "purcost", "cid", "purmethod", "eid") VALUES (41, '2024-12-21', 'cancelled', 208, 19, 'cash', 1) ON CONFLICT DO NOTHING;
INSERT INTO "public"."purchase" ("purid", "purdate", "purstatus", "purcost", "cid", "purmethod", "eid") VALUES (434, '2024-08-24', 'shipped', 252, 215, 'cash', 1) ON CONFLICT DO NOTHING;
INSERT INTO "public"."purchase" ("purid", "purdate", "purstatus", "purcost", "cid", "purmethod", "eid") VALUES (47, '2024-07-08', 'cancelled', 163, 21, 'cash', 1) ON CONFLICT DO NOTHING;
INSERT INTO "public"."purchase" ("purid", "purdate", "purstatus", "purcost", "cid", "purmethod", "eid") VALUES (57, '2025-02-04', 'cancelled', 248, 25, 'cash', 1) ON CONFLICT DO NOTHING;
INSERT INTO "public"."purchase" ("purid", "purdate", "purstatus", "purcost", "cid", "purmethod", "eid") VALUES (438, '2024-08-07', 'cancelled', 128, 218, 'cash', 1) ON CONFLICT DO NOTHING;
INSERT INTO "public"."purchase" ("purid", "purdate", "purstatus", "purcost", "cid", "purmethod", "eid") VALUES (440, '2024-04-10', 'delivered', 387, 219, 'cash', 1) ON CONFLICT DO NOTHING;
INSERT INTO "public"."purchase" ("purid", "purdate", "purstatus", "purcost", "cid", "purmethod", "eid") VALUES (59, '2025-02-06', 'cancelled', 314, 26, 'cash', 1) ON CONFLICT DO NOTHING;
INSERT INTO "public"."purchase" ("purid", "purdate", "purstatus", "purcost", "cid", "purmethod", "eid") VALUES (64, '2024-05-25', 'cancelled', 300, 27, 'cash', 1) ON CONFLICT DO NOTHING;
INSERT INTO "public"."purchase" ("purid", "purdate", "purstatus", "purcost", "cid", "purmethod", "eid") VALUES (67, '2024-12-19', 'cancelled', 428, 28, 'cash', 1) ON CONFLICT DO NOTHING;
INSERT INTO "public"."purchase" ("purid", "purdate", "purstatus", "purcost", "cid", "purmethod", "eid") VALUES (68, '2024-08-26', 'cancelled', 379, 29, 'cash', 1) ON CONFLICT DO NOTHING;
INSERT INTO "public"."purchase" ("purid", "purdate", "purstatus", "purcost", "cid", "purmethod", "eid") VALUES (445, '2024-07-28', 'shipped', 331, 222, 'cash', 1) ON CONFLICT DO NOTHING;
INSERT INTO "public"."purchase" ("purid", "purdate", "purstatus", "purcost", "cid", "purmethod", "eid") VALUES (71, '2025-02-27', 'cancelled', 420, 30, 'cash', 1) ON CONFLICT DO NOTHING;
INSERT INTO "public"."purchase" ("purid", "purdate", "purstatus", "purcost", "cid", "purmethod", "eid") VALUES (82, '2025-03-27', 'cancelled', 69, 38, 'cash', 1) ON CONFLICT DO NOTHING;
INSERT INTO "public"."purchase" ("purid", "purdate", "purstatus", "purcost", "cid", "purmethod", "eid") VALUES (87, '2025-01-09', 'cancelled', 159, 40, 'cash', 1) ON CONFLICT DO NOTHING;
INSERT INTO "public"."purchase" ("purid", "purdate", "purstatus", "purcost", "cid", "purmethod", "eid") VALUES (105, '2024-05-03', 'cancelled', 98, 49, 'cash', 1) ON CONFLICT DO NOTHING;
INSERT INTO "public"."purchase" ("purid", "purdate", "purstatus", "purcost", "cid", "purmethod", "eid") VALUES (107, '2025-01-31', 'cancelled', 318, 49, 'cash', 1) ON CONFLICT DO NOTHING;
INSERT INTO "public"."purchase" ("purid", "purdate", "purstatus", "purcost", "cid", "purmethod", "eid") VALUES (451, '2024-10-15', 'delivered', 375, 225, 'cash', 1) ON CONFLICT DO NOTHING;
INSERT INTO "public"."purchase" ("purid", "purdate", "purstatus", "purcost", "cid", "purmethod", "eid") VALUES (129, '2024-07-03', 'cancelled', 337, 61, 'cash', 1) ON CONFLICT DO NOTHING;
INSERT INTO "public"."purchase" ("purid", "purdate", "purstatus", "purcost", "cid", "purmethod", "eid") VALUES (132, '2024-10-29', 'cancelled', 385, 62, 'cash', 1) ON CONFLICT DO NOTHING;
INSERT INTO "public"."purchase" ("purid", "purdate", "purstatus", "purcost", "cid", "purmethod", "eid") VALUES (152, '2024-07-24', 'cancelled', 126, 70, 'cash', 1) ON CONFLICT DO NOTHING;
INSERT INTO "public"."purchase" ("purid", "purdate", "purstatus", "purcost", "cid", "purmethod", "eid") VALUES (456, '2025-02-25', 'shipped', 109, 228, 'cash', 1) ON CONFLICT DO NOTHING;
INSERT INTO "public"."purchase" ("purid", "purdate", "purstatus", "purcost", "cid", "purmethod", "eid") VALUES (457, '2024-08-13', 'delivered', 412, 228, 'cash', 1) ON CONFLICT DO NOTHING;
INSERT INTO "public"."purchase" ("purid", "purdate", "purstatus", "purcost", "cid", "purmethod", "eid") VALUES (155, '2024-07-23', 'cancelled', 336, 73, 'cash', 1) ON CONFLICT DO NOTHING;
INSERT INTO "public"."purchase" ("purid", "purdate", "purstatus", "purcost", "cid", "purmethod", "eid") VALUES (169, '2024-08-09', 'cancelled', 113, 80, 'cash', 1) ON CONFLICT DO NOTHING;
INSERT INTO "public"."purchase" ("purid", "purdate", "purstatus", "purcost", "cid", "purmethod", "eid") VALUES (460, '2024-11-25', 'delivered', 78, 230, 'cash', 1) ON CONFLICT DO NOTHING;
INSERT INTO "public"."purchase" ("purid", "purdate", "purstatus", "purcost", "cid", "purmethod", "eid") VALUES (171, '2025-01-01', 'cancelled', 333, 81, 'cash', 1) ON CONFLICT DO NOTHING;
INSERT INTO "public"."purchase" ("purid", "purdate", "purstatus", "purcost", "cid", "purmethod", "eid") VALUES (172, '2025-02-17', 'cancelled', 409, 82, 'cash', 1) ON CONFLICT DO NOTHING;
INSERT INTO "public"."purchase" ("purid", "purdate", "purstatus", "purcost", "cid", "purmethod", "eid") VALUES (189, '2025-01-06', 'cancelled', 473, 91, 'cash', 1) ON CONFLICT DO NOTHING;
INSERT INTO "public"."purchase" ("purid", "purdate", "purstatus", "purcost", "cid", "purmethod", "eid") VALUES (466, '2024-04-10', 'cancelled', 110, 232, 'cash', 1) ON CONFLICT DO NOTHING;
INSERT INTO "public"."purchase" ("purid", "purdate", "purstatus", "purcost", "cid", "purmethod", "eid") VALUES (467, '2024-05-29', 'cancelled', 252, 233, 'cash', 1) ON CONFLICT DO NOTHING;
INSERT INTO "public"."purchase" ("purid", "purdate", "purstatus", "purcost", "cid", "purmethod", "eid") VALUES (209, '2024-10-25', 'cancelled', 398, 102, 'cash', 1) ON CONFLICT DO NOTHING;
INSERT INTO "public"."purchase" ("purid", "purdate", "purstatus", "purcost", "cid", "purmethod", "eid") VALUES (218, '2024-12-09', 'cancelled', 148, 107, 'cash', 1) ON CONFLICT DO NOTHING;
INSERT INTO "public"."purchase" ("purid", "purdate", "purstatus", "purcost", "cid", "purmethod", "eid") VALUES (470, '2024-07-16', 'cancelled', 249, 236, 'cash', 1) ON CONFLICT DO NOTHING;
INSERT INTO "public"."purchase" ("purid", "purdate", "purstatus", "purcost", "cid", "purmethod", "eid") VALUES (222, '2024-09-03', 'cancelled', 376, 109, 'cash', 1) ON CONFLICT DO NOTHING;
INSERT INTO "public"."purchase" ("purid", "purdate", "purstatus", "purcost", "cid", "purmethod", "eid") VALUES (246, '2024-06-09', 'cancelled', 225, 123, 'cash', 1) ON CONFLICT DO NOTHING;
INSERT INTO "public"."purchase" ("purid", "purdate", "purstatus", "purcost", "cid", "purmethod", "eid") VALUES (473, '2024-10-10', 'delivered', 91, 238, 'cash', 1) ON CONFLICT DO NOTHING;
INSERT INTO "public"."purchase" ("purid", "purdate", "purstatus", "purcost", "cid", "purmethod", "eid") VALUES (474, '2024-12-03', 'delivered', 173, 238, 'cash', 1) ON CONFLICT DO NOTHING;
INSERT INTO "public"."purchase" ("purid", "purdate", "purstatus", "purcost", "cid", "purmethod", "eid") VALUES (475, '2024-11-14', 'delivered', 249, 238, 'cash', 1) ON CONFLICT DO NOTHING;
INSERT INTO "public"."purchase" ("purid", "purdate", "purstatus", "purcost", "cid", "purmethod", "eid") VALUES (252, '2024-10-08', 'cancelled', 336, 125, 'cash', 1) ON CONFLICT DO NOTHING;
INSERT INTO "public"."purchase" ("purid", "purdate", "purstatus", "purcost", "cid", "purmethod", "eid") VALUES (258, '2024-12-13', 'cancelled', 371, 128, 'cash', 1) ON CONFLICT DO NOTHING;
INSERT INTO "public"."purchase" ("purid", "purdate", "purstatus", "purcost", "cid", "purmethod", "eid") VALUES (479, '2025-02-28', 'delivered', 115, 240, 'cash', 1) ON CONFLICT DO NOTHING;
INSERT INTO "public"."purchase" ("purid", "purdate", "purstatus", "purcost", "cid", "purmethod", "eid") VALUES (480, '2024-07-31', 'delivered', 164, 241, 'cash', 1) ON CONFLICT DO NOTHING;
INSERT INTO "public"."purchase" ("purid", "purdate", "purstatus", "purcost", "cid", "purmethod", "eid") VALUES (481, '2024-12-10', 'cancelled', 226, 241, 'cash', 1) ON CONFLICT DO NOTHING;
INSERT INTO "public"."purchase" ("purid", "purdate", "purstatus", "purcost", "cid", "purmethod", "eid") VALUES (262, '2024-04-07', 'cancelled', 483, 129, 'cash', 1) ON CONFLICT DO NOTHING;
INSERT INTO "public"."purchase" ("purid", "purdate", "purstatus", "purcost", "cid", "purmethod", "eid") VALUES (263, '2025-02-17', 'cancelled', 455, 129, 'cash', 1) ON CONFLICT DO NOTHING;
INSERT INTO "public"."purchase" ("purid", "purdate", "purstatus", "purcost", "cid", "purmethod", "eid") VALUES (266, '2025-03-07', 'cancelled', 243, 130, 'cash', 1) ON CONFLICT DO NOTHING;
INSERT INTO "public"."purchase" ("purid", "purdate", "purstatus", "purcost", "cid", "purmethod", "eid") VALUES (485, '2024-05-09', 'delivered', 326, 243, 'cash', 1) ON CONFLICT DO NOTHING;
INSERT INTO "public"."purchase" ("purid", "purdate", "purstatus", "purcost", "cid", "purmethod", "eid") VALUES (272, '2025-01-19', 'cancelled', 118, 134, 'cash', 1) ON CONFLICT DO NOTHING;
INSERT INTO "public"."purchase" ("purid", "purdate", "purstatus", "purcost", "cid", "purmethod", "eid") VALUES (273, '2024-06-06', 'cancelled', 316, 135, 'cash', 1) ON CONFLICT DO NOTHING;
INSERT INTO "public"."purchase" ("purid", "purdate", "purstatus", "purcost", "cid", "purmethod", "eid") VALUES (284, '2024-07-12', 'cancelled', 489, 139, 'cash', 1) ON CONFLICT DO NOTHING;
INSERT INTO "public"."purchase" ("purid", "purdate", "purstatus", "purcost", "cid", "purmethod", "eid") VALUES (491, '2024-06-02', 'cancelled', 152, 246, 'cash', 1) ON CONFLICT DO NOTHING;
INSERT INTO "public"."purchase" ("purid", "purdate", "purstatus", "purcost", "cid", "purmethod", "eid") VALUES (297, '2024-10-02', 'cancelled', 361, 146, 'cash', 1) ON CONFLICT DO NOTHING;
INSERT INTO "public"."purchase" ("purid", "purdate", "purstatus", "purcost", "cid", "purmethod", "eid") VALUES (306, '2024-07-31', 'cancelled', 411, 150, 'cash', 1) ON CONFLICT DO NOTHING;
INSERT INTO "public"."purchase" ("purid", "purdate", "purstatus", "purcost", "cid", "purmethod", "eid") VALUES (323, '2024-08-05', 'cancelled', 91, 160, 'cash', 1) ON CONFLICT DO NOTHING;
INSERT INTO "public"."purchase" ("purid", "purdate", "purstatus", "purcost", "cid", "purmethod", "eid") VALUES (495, '2024-10-17', 'shipped', 308, 248, 'cash', 1) ON CONFLICT DO NOTHING;
INSERT INTO "public"."purchase" ("purid", "purdate", "purstatus", "purcost", "cid", "purmethod", "eid") VALUES (332, '2024-07-30', 'cancelled', 365, 164, 'cash', 1) ON CONFLICT DO NOTHING;
INSERT INTO "public"."purchase" ("purid", "purdate", "purstatus", "purcost", "cid", "purmethod", "eid") VALUES (497, '2024-06-20', 'cancelled', 265, 248, 'cash', 1) ON CONFLICT DO NOTHING;
INSERT INTO "public"."purchase" ("purid", "purdate", "purstatus", "purcost", "cid", "purmethod", "eid") VALUES (499, '2025-03-03', 'cancelled', 293, 250, 'cash', 1) ON CONFLICT DO NOTHING;
INSERT INTO "public"."purchase" ("purid", "purdate", "purstatus", "purcost", "cid", "purmethod", "eid") VALUES (500, '2024-07-22', 'cancelled', 52, 250, 'cash', 1) ON CONFLICT DO NOTHING;
INSERT INTO "public"."purchase" ("purid", "purdate", "purstatus", "purcost", "cid", "purmethod", "eid") VALUES (502, '2024-12-06', 'delivered', 414, 251, 'cash', 1) ON CONFLICT DO NOTHING;
INSERT INTO "public"."purchase" ("purid", "purdate", "purstatus", "purcost", "cid", "purmethod", "eid") VALUES (504, '2025-03-28', 'delivered', 69, 252, 'cash', 1) ON CONFLICT DO NOTHING;
INSERT INTO "public"."purchase" ("purid", "purdate", "purstatus", "purcost", "cid", "purmethod", "eid") VALUES (507, '2024-05-07', 'shipped', 117, 254, 'cash', 1) ON CONFLICT DO NOTHING;
INSERT INTO "public"."purchase" ("purid", "purdate", "purstatus", "purcost", "cid", "purmethod", "eid") VALUES (508, '2024-11-24', 'delivered', 291, 254, 'cash', 1) ON CONFLICT DO NOTHING;
INSERT INTO "public"."purchase" ("purid", "purdate", "purstatus", "purcost", "cid", "purmethod", "eid") VALUES (334, '2024-04-25', 'cancelled', 259, 166, 'cash', 1) ON CONFLICT DO NOTHING;
INSERT INTO "public"."purchase" ("purid", "purdate", "purstatus", "purcost", "cid", "purmethod", "eid") VALUES (512, '2025-03-04', 'cancelled', 253, 256, 'cash', 1) ON CONFLICT DO NOTHING;
INSERT INTO "public"."purchase" ("purid", "purdate", "purstatus", "purcost", "cid", "purmethod", "eid") VALUES (359, '2024-06-18', 'cancelled', 277, 178, 'cash', 1) ON CONFLICT DO NOTHING;
INSERT INTO "public"."purchase" ("purid", "purdate", "purstatus", "purcost", "cid", "purmethod", "eid") VALUES (360, '2025-01-01', 'cancelled', 276, 179, 'cash', 1) ON CONFLICT DO NOTHING;
INSERT INTO "public"."purchase" ("purid", "purdate", "purstatus", "purcost", "cid", "purmethod", "eid") VALUES (516, '2024-08-25', 'shipped', 434, 257, 'cash', 1) ON CONFLICT DO NOTHING;
INSERT INTO "public"."purchase" ("purid", "purdate", "purstatus", "purcost", "cid", "purmethod", "eid") VALUES (391, '2025-02-02', 'cancelled', 229, 194, 'cash', 1) ON CONFLICT DO NOTHING;
INSERT INTO "public"."purchase" ("purid", "purdate", "purstatus", "purcost", "cid", "purmethod", "eid") VALUES (518, '2024-12-02', 'delivered', 139, 258, 'cash', 1) ON CONFLICT DO NOTHING;
INSERT INTO "public"."purchase" ("purid", "purdate", "purstatus", "purcost", "cid", "purmethod", "eid") VALUES (405, '2024-08-12', 'cancelled', 227, 202, 'cash', 1) ON CONFLICT DO NOTHING;
INSERT INTO "public"."purchase" ("purid", "purdate", "purstatus", "purcost", "cid", "purmethod", "eid") VALUES (419, '2024-12-08', 'cancelled', 244, 209, 'cash', 1) ON CONFLICT DO NOTHING;
INSERT INTO "public"."purchase" ("purid", "purdate", "purstatus", "purcost", "cid", "purmethod", "eid") VALUES (522, '2024-05-30', 'cancelled', 407, 259, 'cash', 1) ON CONFLICT DO NOTHING;
INSERT INTO "public"."purchase" ("purid", "purdate", "purstatus", "purcost", "cid", "purmethod", "eid") VALUES (423, '2024-07-08', 'cancelled', 57, 211, 'cash', 1) ON CONFLICT DO NOTHING;
INSERT INTO "public"."purchase" ("purid", "purdate", "purstatus", "purcost", "cid", "purmethod", "eid") VALUES (435, '2025-02-23', 'cancelled', 386, 216, 'cash', 1) ON CONFLICT DO NOTHING;
INSERT INTO "public"."purchase" ("purid", "purdate", "purstatus", "purcost", "cid", "purmethod", "eid") VALUES (439, '2024-07-17', 'cancelled', 408, 218, 'cash', 1) ON CONFLICT DO NOTHING;
INSERT INTO "public"."purchase" ("purid", "purdate", "purstatus", "purcost", "cid", "purmethod", "eid") VALUES (454, '2025-01-25', 'cancelled', 237, 226, 'cash', 1) ON CONFLICT DO NOTHING;
INSERT INTO "public"."purchase" ("purid", "purdate", "purstatus", "purcost", "cid", "purmethod", "eid") VALUES (464, '2024-09-16', 'cancelled', 494, 232, 'cash', 1) ON CONFLICT DO NOTHING;
INSERT INTO "public"."purchase" ("purid", "purdate", "purstatus", "purcost", "cid", "purmethod", "eid") VALUES (529, '2025-02-20', 'delivered', 119, 263, 'cash', 1) ON CONFLICT DO NOTHING;
INSERT INTO "public"."purchase" ("purid", "purdate", "purstatus", "purcost", "cid", "purmethod", "eid") VALUES (530, '2024-04-14', 'cancelled', 295, 263, 'cash', 1) ON CONFLICT DO NOTHING;
INSERT INTO "public"."purchase" ("purid", "purdate", "purstatus", "purcost", "cid", "purmethod", "eid") VALUES (465, '2024-05-26', 'cancelled', 274, 232, 'cash', 1) ON CONFLICT DO NOTHING;
INSERT INTO "public"."purchase" ("purid", "purdate", "purstatus", "purcost", "cid", "purmethod", "eid") VALUES (532, '2024-09-30', 'cancelled', 457, 264, 'cash', 1) ON CONFLICT DO NOTHING;
INSERT INTO "public"."purchase" ("purid", "purdate", "purstatus", "purcost", "cid", "purmethod", "eid") VALUES (477, '2025-01-04', 'cancelled', 89, 240, 'cash', 1) ON CONFLICT DO NOTHING;
INSERT INTO "public"."purchase" ("purid", "purdate", "purstatus", "purcost", "cid", "purmethod", "eid") VALUES (487, '2024-12-25', 'cancelled', 420, 243, 'cash', 1) ON CONFLICT DO NOTHING;
INSERT INTO "public"."purchase" ("purid", "purdate", "purstatus", "purcost", "cid", "purmethod", "eid") VALUES (489, '2024-05-12', 'cancelled', 238, 244, 'cash', 1) ON CONFLICT DO NOTHING;
INSERT INTO "public"."purchase" ("purid", "purdate", "purstatus", "purcost", "cid", "purmethod", "eid") VALUES (506, '2024-09-16', 'cancelled', 455, 253, 'cash', 1) ON CONFLICT DO NOTHING;
INSERT INTO "public"."purchase" ("purid", "purdate", "purstatus", "purcost", "cid", "purmethod", "eid") VALUES (510, '2024-09-12', 'cancelled', 126, 255, 'cash', 1) ON CONFLICT DO NOTHING;
INSERT INTO "public"."purchase" ("purid", "purdate", "purstatus", "purcost", "cid", "purmethod", "eid") VALUES (538, '2024-09-22', 'cancelled', 370, 266, 'cash', 1) ON CONFLICT DO NOTHING;
INSERT INTO "public"."purchase" ("purid", "purdate", "purstatus", "purcost", "cid", "purmethod", "eid") VALUES (539, '2025-02-13', 'cancelled', 310, 267, 'cash', 1) ON CONFLICT DO NOTHING;
INSERT INTO "public"."purchase" ("purid", "purdate", "purstatus", "purcost", "cid", "purmethod", "eid") VALUES (514, '2024-08-26', 'cancelled', 76, 256, 'cash', 1) ON CONFLICT DO NOTHING;
INSERT INTO "public"."purchase" ("purid", "purdate", "purstatus", "purcost", "cid", "purmethod", "eid") VALUES (542, '2024-06-23', 'delivered', 144, 269, 'cash', 1) ON CONFLICT DO NOTHING;
INSERT INTO "public"."purchase" ("purid", "purdate", "purstatus", "purcost", "cid", "purmethod", "eid") VALUES (519, '2024-06-06', 'cancelled', 279, 258, 'cash', 1) ON CONFLICT DO NOTHING;
INSERT INTO "public"."purchase" ("purid", "purdate", "purstatus", "purcost", "cid", "purmethod", "eid") VALUES (526, '2024-06-03', 'cancelled', 255, 262, 'cash', 1) ON CONFLICT DO NOTHING;
INSERT INTO "public"."purchase" ("purid", "purdate", "purstatus", "purcost", "cid", "purmethod", "eid") VALUES (545, '2024-12-08', 'cancelled', 417, 270, 'cash', 1) ON CONFLICT DO NOTHING;
INSERT INTO "public"."purchase" ("purid", "purdate", "purstatus", "purcost", "cid", "purmethod", "eid") VALUES (546, '2024-08-16', 'delivered', 65, 270, 'cash', 1) ON CONFLICT DO NOTHING;
INSERT INTO "public"."purchase" ("purid", "purdate", "purstatus", "purcost", "cid", "purmethod", "eid") VALUES (547, '2025-03-08', 'shipped', 185, 271, 'cash', 1) ON CONFLICT DO NOTHING;
INSERT INTO "public"."purchase" ("purid", "purdate", "purstatus", "purcost", "cid", "purmethod", "eid") VALUES (541, '2024-06-05', 'cancelled', 385, 268, 'cash', 1) ON CONFLICT DO NOTHING;
INSERT INTO "public"."purchase" ("purid", "purdate", "purstatus", "purcost", "cid", "purmethod", "eid") VALUES (550, '2024-05-18', 'cancelled', 455, 272, 'cash', 1) ON CONFLICT DO NOTHING;
INSERT INTO "public"."purchase" ("purid", "purdate", "purstatus", "purcost", "cid", "purmethod", "eid") VALUES (548, '2025-03-12', 'cancelled', 273, 271, 'cash', 1) ON CONFLICT DO NOTHING;
INSERT INTO "public"."purchase" ("purid", "purdate", "purstatus", "purcost", "cid", "purmethod", "eid") VALUES (562, '2024-07-12', 'cancelled', 127, 277, 'cash', 1) ON CONFLICT DO NOTHING;
INSERT INTO "public"."purchase" ("purid", "purdate", "purstatus", "purcost", "cid", "purmethod", "eid") VALUES (553, '2025-02-17', 'delivered', 324, 274, 'cash', 1) ON CONFLICT DO NOTHING;
INSERT INTO "public"."purchase" ("purid", "purdate", "purstatus", "purcost", "cid", "purmethod", "eid") VALUES (554, '2024-06-17', 'delivered', 192, 274, 'cash', 1) ON CONFLICT DO NOTHING;
INSERT INTO "public"."purchase" ("purid", "purdate", "purstatus", "purcost", "cid", "purmethod", "eid") VALUES (573, '2024-05-20', 'cancelled', 220, 281, 'cash', 1) ON CONFLICT DO NOTHING;
INSERT INTO "public"."purchase" ("purid", "purdate", "purstatus", "purcost", "cid", "purmethod", "eid") VALUES (556, '2024-04-20', 'delivered', 196, 275, 'cash', 1) ON CONFLICT DO NOTHING;
INSERT INTO "public"."purchase" ("purid", "purdate", "purstatus", "purcost", "cid", "purmethod", "eid") VALUES (557, '2024-10-21', 'delivered', 421, 275, 'cash', 1) ON CONFLICT DO NOTHING;
INSERT INTO "public"."purchase" ("purid", "purdate", "purstatus", "purcost", "cid", "purmethod", "eid") VALUES (558, '2024-08-24', 'delivered', 319, 275, 'cash', 1) ON CONFLICT DO NOTHING;
INSERT INTO "public"."purchase" ("purid", "purdate", "purstatus", "purcost", "cid", "purmethod", "eid") VALUES (559, '2024-06-09', 'shipped', 386, 276, 'cash', 1) ON CONFLICT DO NOTHING;
INSERT INTO "public"."purchase" ("purid", "purdate", "purstatus", "purcost", "cid", "purmethod", "eid") VALUES (580, '2025-02-04', 'cancelled', 164, 285, 'cash', 1) ON CONFLICT DO NOTHING;
INSERT INTO "public"."purchase" ("purid", "purdate", "purstatus", "purcost", "cid", "purmethod", "eid") VALUES (598, '2024-04-23', 'cancelled', 227, 293, 'cash', 1) ON CONFLICT DO NOTHING;
INSERT INTO "public"."purchase" ("purid", "purdate", "purstatus", "purcost", "cid", "purmethod", "eid") VALUES (603, '2024-04-18', 'cancelled', 121, 295, 'cash', 1) ON CONFLICT DO NOTHING;
INSERT INTO "public"."purchase" ("purid", "purdate", "purstatus", "purcost", "cid", "purmethod", "eid") VALUES (564, '2025-01-14', 'cancelled', 445, 277, 'cash', 1) ON CONFLICT DO NOTHING;
INSERT INTO "public"."purchase" ("purid", "purdate", "purstatus", "purcost", "cid", "purmethod", "eid") VALUES (613, '2025-01-16', 'cancelled', 71, 300, 'cash', 1) ON CONFLICT DO NOTHING;
INSERT INTO "public"."purchase" ("purid", "purdate", "purstatus", "purcost", "cid", "purmethod", "eid") VALUES (3001, '2025-03-31', 'cancelled', 100, 1, 'cash', 1) ON CONFLICT DO NOTHING;
INSERT INTO "public"."purchase" ("purid", "purdate", "purstatus", "purcost", "cid", "purmethod", "eid") VALUES (567, '2024-12-22', 'delivered', 161, 279, 'cash', 1) ON CONFLICT DO NOTHING;
INSERT INTO "public"."purchase" ("purid", "purdate", "purstatus", "purcost", "cid", "purmethod", "eid") VALUES (569, '2024-08-26', 'cancelled', 327, 280, 'cash', 1) ON CONFLICT DO NOTHING;
INSERT INTO "public"."purchase" ("purid", "purdate", "purstatus", "purcost", "cid", "purmethod", "eid") VALUES (576, '2024-11-15', 'delivered', 241, 283, 'cash', 1) ON CONFLICT DO NOTHING;
INSERT INTO "public"."purchase" ("purid", "purdate", "purstatus", "purcost", "cid", "purmethod", "eid") VALUES (577, '2024-09-02', 'delivered', 394, 284, 'cash', 1) ON CONFLICT DO NOTHING;
INSERT INTO "public"."purchase" ("purid", "purdate", "purstatus", "purcost", "cid", "purmethod", "eid") VALUES (578, '2024-04-20', 'cancelled', 99, 284, 'cash', 1) ON CONFLICT DO NOTHING;
INSERT INTO "public"."purchase" ("purid", "purdate", "purstatus", "purcost", "cid", "purmethod", "eid") VALUES (582, '2025-01-18', 'delivered', 346, 286, 'cash', 1) ON CONFLICT DO NOTHING;
INSERT INTO "public"."purchase" ("purid", "purdate", "purstatus", "purcost", "cid", "purmethod", "eid") VALUES (583, '2024-06-19', 'delivered', 419, 286, 'cash', 1) ON CONFLICT DO NOTHING;
INSERT INTO "public"."purchase" ("purid", "purdate", "purstatus", "purcost", "cid", "purmethod", "eid") VALUES (584, '2024-06-24', 'shipped', 195, 287, 'cash', 1) ON CONFLICT DO NOTHING;
INSERT INTO "public"."purchase" ("purid", "purdate", "purstatus", "purcost", "cid", "purmethod", "eid") VALUES (586, '2024-08-11', 'delivered', 161, 288, 'cash', 1) ON CONFLICT DO NOTHING;
INSERT INTO "public"."purchase" ("purid", "purdate", "purstatus", "purcost", "cid", "purmethod", "eid") VALUES (591, '2024-06-27', 'delivered', 192, 290, 'cash', 1) ON CONFLICT DO NOTHING;
INSERT INTO "public"."purchase" ("purid", "purdate", "purstatus", "purcost", "cid", "purmethod", "eid") VALUES (594, '2025-03-19', 'delivered', 296, 291, 'cash', 1) ON CONFLICT DO NOTHING;
INSERT INTO "public"."purchase" ("purid", "purdate", "purstatus", "purcost", "cid", "purmethod", "eid") VALUES (601, '2024-05-31', 'cancelled', 388, 294, 'cash', 1) ON CONFLICT DO NOTHING;
INSERT INTO "public"."purchase" ("purid", "purdate", "purstatus", "purcost", "cid", "purmethod", "eid") VALUES (605, '2025-02-08', 'delivered', 132, 296, 'cash', 1) ON CONFLICT DO NOTHING;
INSERT INTO "public"."purchase" ("purid", "purdate", "purstatus", "purcost", "cid", "purmethod", "eid") VALUES (606, '2024-08-21', 'delivered', 274, 296, 'cash', 1) ON CONFLICT DO NOTHING;
INSERT INTO "public"."purchase" ("purid", "purdate", "purstatus", "purcost", "cid", "purmethod", "eid") VALUES (607, '2024-05-02', 'cancelled', 304, 297, 'cash', 1) ON CONFLICT DO NOTHING;
INSERT INTO "public"."purchase" ("purid", "purdate", "purstatus", "purcost", "cid", "purmethod", "eid") VALUES (610, '2025-01-14', 'delivered', 372, 298, 'cash', 1) ON CONFLICT DO NOTHING;
INSERT INTO "public"."purchase" ("purid", "purdate", "purstatus", "purcost", "cid", "purmethod", "eid") VALUES (611, '2024-05-02', 'delivered', 92, 299, 'cash', 1) ON CONFLICT DO NOTHING;
INSERT INTO "public"."purchase" ("purid", "purdate", "purstatus", "purcost", "cid", "purmethod", "eid") VALUES (612, '2024-04-15', 'cancelled', 236, 299, 'cash', 1) ON CONFLICT DO NOTHING;


--
-- TOC entry 3469 (class 0 OID 25000)
-- Dependencies: 220
-- Data for Name: purprod; Type: TABLE DATA; Schema: public; Owner: cotehila
--

INSERT INTO "public"."purprod" ("amount", "pid", "purid") VALUES (3, 10, 309) ON CONFLICT DO NOTHING;
INSERT INTO "public"."purprod" ("amount", "pid", "purid") VALUES (5, 97, 485) ON CONFLICT DO NOTHING;
INSERT INTO "public"."purprod" ("amount", "pid", "purid") VALUES (10, 108, 294) ON CONFLICT DO NOTHING;
INSERT INTO "public"."purprod" ("amount", "pid", "purid") VALUES (6, 26, 216) ON CONFLICT DO NOTHING;
INSERT INTO "public"."purprod" ("amount", "pid", "purid") VALUES (10, 26, 504) ON CONFLICT DO NOTHING;
INSERT INTO "public"."purprod" ("amount", "pid", "purid") VALUES (7, 5, 613) ON CONFLICT DO NOTHING;
INSERT INTO "public"."purprod" ("amount", "pid", "purid") VALUES (2, 46, 370) ON CONFLICT DO NOTHING;
INSERT INTO "public"."purprod" ("amount", "pid", "purid") VALUES (2, 88, 480) ON CONFLICT DO NOTHING;
INSERT INTO "public"."purprod" ("amount", "pid", "purid") VALUES (8, 95, 576) ON CONFLICT DO NOTHING;
INSERT INTO "public"."purprod" ("amount", "pid", "purid") VALUES (9, 38, 464) ON CONFLICT DO NOTHING;
INSERT INTO "public"."purprod" ("amount", "pid", "purid") VALUES (1, 12, 438) ON CONFLICT DO NOTHING;
INSERT INTO "public"."purprod" ("amount", "pid", "purid") VALUES (2, 121, 203) ON CONFLICT DO NOTHING;
INSERT INTO "public"."purprod" ("amount", "pid", "purid") VALUES (10, 22, 64) ON CONFLICT DO NOTHING;
INSERT INTO "public"."purprod" ("amount", "pid", "purid") VALUES (10, 62, 372) ON CONFLICT DO NOTHING;
INSERT INTO "public"."purprod" ("amount", "pid", "purid") VALUES (3, 45, 351) ON CONFLICT DO NOTHING;
INSERT INTO "public"."purprod" ("amount", "pid", "purid") VALUES (3, 29, 391) ON CONFLICT DO NOTHING;
INSERT INTO "public"."purprod" ("amount", "pid", "purid") VALUES (8, 63, 216) ON CONFLICT DO NOTHING;
INSERT INTO "public"."purprod" ("amount", "pid", "purid") VALUES (4, 24, 470) ON CONFLICT DO NOTHING;
INSERT INTO "public"."purprod" ("amount", "pid", "purid") VALUES (9, 44, 34) ON CONFLICT DO NOTHING;
INSERT INTO "public"."purprod" ("amount", "pid", "purid") VALUES (7, 103, 601) ON CONFLICT DO NOTHING;
INSERT INTO "public"."purprod" ("amount", "pid", "purid") VALUES (3, 88, 47) ON CONFLICT DO NOTHING;
INSERT INTO "public"."purprod" ("amount", "pid", "purid") VALUES (3, 4, 349) ON CONFLICT DO NOTHING;
INSERT INTO "public"."purprod" ("amount", "pid", "purid") VALUES (8, 104, 218) ON CONFLICT DO NOTHING;
INSERT INTO "public"."purprod" ("amount", "pid", "purid") VALUES (6, 7, 499) ON CONFLICT DO NOTHING;
INSERT INTO "public"."purprod" ("amount", "pid", "purid") VALUES (9, 121, 440) ON CONFLICT DO NOTHING;
INSERT INTO "public"."purprod" ("amount", "pid", "purid") VALUES (5, 20, 159) ON CONFLICT DO NOTHING;
INSERT INTO "public"."purprod" ("amount", "pid", "purid") VALUES (9, 114, 530) ON CONFLICT DO NOTHING;
INSERT INTO "public"."purprod" ("amount", "pid", "purid") VALUES (1, 110, 152) ON CONFLICT DO NOTHING;
INSERT INTO "public"."purprod" ("amount", "pid", "purid") VALUES (7, 43, 171) ON CONFLICT DO NOTHING;
INSERT INTO "public"."purprod" ("amount", "pid", "purid") VALUES (4, 20, 569) ON CONFLICT DO NOTHING;
INSERT INTO "public"."purprod" ("amount", "pid", "purid") VALUES (9, 106, 88) ON CONFLICT DO NOTHING;
INSERT INTO "public"."purprod" ("amount", "pid", "purid") VALUES (8, 119, 281) ON CONFLICT DO NOTHING;
INSERT INTO "public"."purprod" ("amount", "pid", "purid") VALUES (2, 85, 218) ON CONFLICT DO NOTHING;
INSERT INTO "public"."purprod" ("amount", "pid", "purid") VALUES (5, 105, 258) ON CONFLICT DO NOTHING;
INSERT INTO "public"."purprod" ("amount", "pid", "purid") VALUES (9, 130, 341) ON CONFLICT DO NOTHING;
INSERT INTO "public"."purprod" ("amount", "pid", "purid") VALUES (1, 118, 55) ON CONFLICT DO NOTHING;
INSERT INTO "public"."purprod" ("amount", "pid", "purid") VALUES (2, 25, 351) ON CONFLICT DO NOTHING;
INSERT INTO "public"."purprod" ("amount", "pid", "purid") VALUES (7, 116, 408) ON CONFLICT DO NOTHING;
INSERT INTO "public"."purprod" ("amount", "pid", "purid") VALUES (8, 66, 57) ON CONFLICT DO NOTHING;
INSERT INTO "public"."purprod" ("amount", "pid", "purid") VALUES (8, 43, 342) ON CONFLICT DO NOTHING;
INSERT INTO "public"."purprod" ("amount", "pid", "purid") VALUES (4, 105, 514) ON CONFLICT DO NOTHING;
INSERT INTO "public"."purprod" ("amount", "pid", "purid") VALUES (3, 90, 163) ON CONFLICT DO NOTHING;
INSERT INTO "public"."purprod" ("amount", "pid", "purid") VALUES (6, 7, 557) ON CONFLICT DO NOTHING;
INSERT INTO "public"."purprod" ("amount", "pid", "purid") VALUES (6, 60, 222) ON CONFLICT DO NOTHING;
INSERT INTO "public"."purprod" ("amount", "pid", "purid") VALUES (2, 80, 567) ON CONFLICT DO NOTHING;
INSERT INTO "public"."purprod" ("amount", "pid", "purid") VALUES (2, 75, 613) ON CONFLICT DO NOTHING;
INSERT INTO "public"."purprod" ("amount", "pid", "purid") VALUES (8, 55, 610) ON CONFLICT DO NOTHING;
INSERT INTO "public"."purprod" ("amount", "pid", "purid") VALUES (4, 51, 353) ON CONFLICT DO NOTHING;
INSERT INTO "public"."purprod" ("amount", "pid", "purid") VALUES (6, 121, 146) ON CONFLICT DO NOTHING;
INSERT INTO "public"."purprod" ("amount", "pid", "purid") VALUES (10, 33, 435) ON CONFLICT DO NOTHING;
INSERT INTO "public"."purprod" ("amount", "pid", "purid") VALUES (4, 18, 429) ON CONFLICT DO NOTHING;
INSERT INTO "public"."purprod" ("amount", "pid", "purid") VALUES (1, 129, 394) ON CONFLICT DO NOTHING;
INSERT INTO "public"."purprod" ("amount", "pid", "purid") VALUES (5, 123, 159) ON CONFLICT DO NOTHING;
INSERT INTO "public"."purprod" ("amount", "pid", "purid") VALUES (8, 52, 244) ON CONFLICT DO NOTHING;
INSERT INTO "public"."purprod" ("amount", "pid", "purid") VALUES (8, 103, 519) ON CONFLICT DO NOTHING;
INSERT INTO "public"."purprod" ("amount", "pid", "purid") VALUES (4, 15, 487) ON CONFLICT DO NOTHING;
INSERT INTO "public"."purprod" ("amount", "pid", "purid") VALUES (3, 64, 260) ON CONFLICT DO NOTHING;
INSERT INTO "public"."purprod" ("amount", "pid", "purid") VALUES (4, 69, 429) ON CONFLICT DO NOTHING;
INSERT INTO "public"."purprod" ("amount", "pid", "purid") VALUES (9, 12, 553) ON CONFLICT DO NOTHING;
INSERT INTO "public"."purprod" ("amount", "pid", "purid") VALUES (5, 43, 422) ON CONFLICT DO NOTHING;
INSERT INTO "public"."purprod" ("amount", "pid", "purid") VALUES (6, 77, 418) ON CONFLICT DO NOTHING;
INSERT INTO "public"."purprod" ("amount", "pid", "purid") VALUES (3, 57, 342) ON CONFLICT DO NOTHING;
INSERT INTO "public"."purprod" ("amount", "pid", "purid") VALUES (1, 56, 236) ON CONFLICT DO NOTHING;
INSERT INTO "public"."purprod" ("amount", "pid", "purid") VALUES (1, 93, 118) ON CONFLICT DO NOTHING;
INSERT INTO "public"."purprod" ("amount", "pid", "purid") VALUES (2, 127, 487) ON CONFLICT DO NOTHING;
INSERT INTO "public"."purprod" ("amount", "pid", "purid") VALUES (8, 59, 8) ON CONFLICT DO NOTHING;
INSERT INTO "public"."purprod" ("amount", "pid", "purid") VALUES (6, 97, 323) ON CONFLICT DO NOTHING;
INSERT INTO "public"."purprod" ("amount", "pid", "purid") VALUES (9, 89, 210) ON CONFLICT DO NOTHING;
INSERT INTO "public"."purprod" ("amount", "pid", "purid") VALUES (4, 103, 567) ON CONFLICT DO NOTHING;
INSERT INTO "public"."purprod" ("amount", "pid", "purid") VALUES (3, 91, 74) ON CONFLICT DO NOTHING;
INSERT INTO "public"."purprod" ("amount", "pid", "purid") VALUES (2, 27, 601) ON CONFLICT DO NOTHING;
INSERT INTO "public"."purprod" ("amount", "pid", "purid") VALUES (2, 108, 7) ON CONFLICT DO NOTHING;
INSERT INTO "public"."purprod" ("amount", "pid", "purid") VALUES (9, 111, 323) ON CONFLICT DO NOTHING;
INSERT INTO "public"."purprod" ("amount", "pid", "purid") VALUES (7, 22, 360) ON CONFLICT DO NOTHING;
INSERT INTO "public"."purprod" ("amount", "pid", "purid") VALUES (5, 2, 429) ON CONFLICT DO NOTHING;
INSERT INTO "public"."purprod" ("amount", "pid", "purid") VALUES (4, 52, 578) ON CONFLICT DO NOTHING;
INSERT INTO "public"."purprod" ("amount", "pid", "purid") VALUES (4, 58, 27) ON CONFLICT DO NOTHING;
INSERT INTO "public"."purprod" ("amount", "pid", "purid") VALUES (9, 113, 294) ON CONFLICT DO NOTHING;
INSERT INTO "public"."purprod" ("amount", "pid", "purid") VALUES (9, 29, 529) ON CONFLICT DO NOTHING;
INSERT INTO "public"."purprod" ("amount", "pid", "purid") VALUES (10, 69, 331) ON CONFLICT DO NOTHING;
INSERT INTO "public"."purprod" ("amount", "pid", "purid") VALUES (4, 21, 2) ON CONFLICT DO NOTHING;
INSERT INTO "public"."purprod" ("amount", "pid", "purid") VALUES (2, 111, 2) ON CONFLICT DO NOTHING;
INSERT INTO "public"."purprod" ("amount", "pid", "purid") VALUES (5, 60, 144) ON CONFLICT DO NOTHING;
INSERT INTO "public"."purprod" ("amount", "pid", "purid") VALUES (8, 104, 351) ON CONFLICT DO NOTHING;
INSERT INTO "public"."purprod" ("amount", "pid", "purid") VALUES (5, 130, 20) ON CONFLICT DO NOTHING;
INSERT INTO "public"."purprod" ("amount", "pid", "purid") VALUES (1, 11, 419) ON CONFLICT DO NOTHING;
INSERT INTO "public"."purprod" ("amount", "pid", "purid") VALUES (1, 83, 212) ON CONFLICT DO NOTHING;
INSERT INTO "public"."purprod" ("amount", "pid", "purid") VALUES (10, 64, 532) ON CONFLICT DO NOTHING;
INSERT INTO "public"."purprod" ("amount", "pid", "purid") VALUES (6, 67, 132) ON CONFLICT DO NOTHING;
INSERT INTO "public"."purprod" ("amount", "pid", "purid") VALUES (2, 47, 163) ON CONFLICT DO NOTHING;
INSERT INTO "public"."purprod" ("amount", "pid", "purid") VALUES (7, 27, 262) ON CONFLICT DO NOTHING;
INSERT INTO "public"."purprod" ("amount", "pid", "purid") VALUES (3, 32, 532) ON CONFLICT DO NOTHING;
INSERT INTO "public"."purprod" ("amount", "pid", "purid") VALUES (9, 101, 610) ON CONFLICT DO NOTHING;
INSERT INTO "public"."purprod" ("amount", "pid", "purid") VALUES (10, 71, 582) ON CONFLICT DO NOTHING;
INSERT INTO "public"."purprod" ("amount", "pid", "purid") VALUES (2, 37, 409) ON CONFLICT DO NOTHING;
INSERT INTO "public"."purprod" ("amount", "pid", "purid") VALUES (10, 92, 133) ON CONFLICT DO NOTHING;
INSERT INTO "public"."purprod" ("amount", "pid", "purid") VALUES (4, 88, 519) ON CONFLICT DO NOTHING;
INSERT INTO "public"."purprod" ("amount", "pid", "purid") VALUES (7, 70, 359) ON CONFLICT DO NOTHING;
INSERT INTO "public"."purprod" ("amount", "pid", "purid") VALUES (5, 2, 612) ON CONFLICT DO NOTHING;
INSERT INTO "public"."purprod" ("amount", "pid", "purid") VALUES (3, 105, 303) ON CONFLICT DO NOTHING;
INSERT INTO "public"."purprod" ("amount", "pid", "purid") VALUES (3, 60, 155) ON CONFLICT DO NOTHING;
INSERT INTO "public"."purprod" ("amount", "pid", "purid") VALUES (6, 103, 546) ON CONFLICT DO NOTHING;
INSERT INTO "public"."purprod" ("amount", "pid", "purid") VALUES (3, 17, 3) ON CONFLICT DO NOTHING;
INSERT INTO "public"."purprod" ("amount", "pid", "purid") VALUES (8, 79, 497) ON CONFLICT DO NOTHING;
INSERT INTO "public"."purprod" ("amount", "pid", "purid") VALUES (3, 11, 1) ON CONFLICT DO NOTHING;
INSERT INTO "public"."purprod" ("amount", "pid", "purid") VALUES (10, 65, 129) ON CONFLICT DO NOTHING;
INSERT INTO "public"."purprod" ("amount", "pid", "purid") VALUES (10, 100, 457) ON CONFLICT DO NOTHING;
INSERT INTO "public"."purprod" ("amount", "pid", "purid") VALUES (8, 23, 284) ON CONFLICT DO NOTHING;
INSERT INTO "public"."purprod" ("amount", "pid", "purid") VALUES (8, 44, 409) ON CONFLICT DO NOTHING;
INSERT INTO "public"."purprod" ("amount", "pid", "purid") VALUES (10, 93, 152) ON CONFLICT DO NOTHING;
INSERT INTO "public"."purprod" ("amount", "pid", "purid") VALUES (2, 27, 610) ON CONFLICT DO NOTHING;
INSERT INTO "public"."purprod" ("amount", "pid", "purid") VALUES (9, 117, 176) ON CONFLICT DO NOTHING;
INSERT INTO "public"."purprod" ("amount", "pid", "purid") VALUES (9, 77, 44) ON CONFLICT DO NOTHING;
INSERT INTO "public"."purprod" ("amount", "pid", "purid") VALUES (8, 30, 306) ON CONFLICT DO NOTHING;
INSERT INTO "public"."purprod" ("amount", "pid", "purid") VALUES (6, 6, 339) ON CONFLICT DO NOTHING;
INSERT INTO "public"."purprod" ("amount", "pid", "purid") VALUES (10, 86, 504) ON CONFLICT DO NOTHING;
INSERT INTO "public"."purprod" ("amount", "pid", "purid") VALUES (3, 57, 244) ON CONFLICT DO NOTHING;
INSERT INTO "public"."purprod" ("amount", "pid", "purid") VALUES (3, 100, 24) ON CONFLICT DO NOTHING;
INSERT INTO "public"."purprod" ("amount", "pid", "purid") VALUES (9, 105, 529) ON CONFLICT DO NOTHING;
INSERT INTO "public"."purprod" ("amount", "pid", "purid") VALUES (4, 108, 142) ON CONFLICT DO NOTHING;
INSERT INTO "public"."purprod" ("amount", "pid", "purid") VALUES (4, 66, 202) ON CONFLICT DO NOTHING;
INSERT INTO "public"."purprod" ("amount", "pid", "purid") VALUES (1, 104, 362) ON CONFLICT DO NOTHING;
INSERT INTO "public"."purprod" ("amount", "pid", "purid") VALUES (9, 104, 303) ON CONFLICT DO NOTHING;
INSERT INTO "public"."purprod" ("amount", "pid", "purid") VALUES (2, 106, 497) ON CONFLICT DO NOTHING;
INSERT INTO "public"."purprod" ("amount", "pid", "purid") VALUES (1, 113, 582) ON CONFLICT DO NOTHING;
INSERT INTO "public"."purprod" ("amount", "pid", "purid") VALUES (2, 27, 169) ON CONFLICT DO NOTHING;
INSERT INTO "public"."purprod" ("amount", "pid", "purid") VALUES (10, 39, 422) ON CONFLICT DO NOTHING;
INSERT INTO "public"."purprod" ("amount", "pid", "purid") VALUES (1, 85, 332) ON CONFLICT DO NOTHING;
INSERT INTO "public"."purprod" ("amount", "pid", "purid") VALUES (9, 100, 16) ON CONFLICT DO NOTHING;
INSERT INTO "public"."purprod" ("amount", "pid", "purid") VALUES (1, 38, 408) ON CONFLICT DO NOTHING;
INSERT INTO "public"."purprod" ("amount", "pid", "purid") VALUES (7, 55, 456) ON CONFLICT DO NOTHING;
INSERT INTO "public"."purprod" ("amount", "pid", "purid") VALUES (2, 25, 146) ON CONFLICT DO NOTHING;
INSERT INTO "public"."purprod" ("amount", "pid", "purid") VALUES (5, 81, 131) ON CONFLICT DO NOTHING;
INSERT INTO "public"."purprod" ("amount", "pid", "purid") VALUES (7, 97, 144) ON CONFLICT DO NOTHING;
INSERT INTO "public"."purprod" ("amount", "pid", "purid") VALUES (8, 81, 167) ON CONFLICT DO NOTHING;
INSERT INTO "public"."purprod" ("amount", "pid", "purid") VALUES (1, 18, 358) ON CONFLICT DO NOTHING;
INSERT INTO "public"."purprod" ("amount", "pid", "purid") VALUES (6, 79, 564) ON CONFLICT DO NOTHING;
INSERT INTO "public"."purprod" ("amount", "pid", "purid") VALUES (10, 99, 169) ON CONFLICT DO NOTHING;
INSERT INTO "public"."purprod" ("amount", "pid", "purid") VALUES (6, 4, 191) ON CONFLICT DO NOTHING;
INSERT INTO "public"."purprod" ("amount", "pid", "purid") VALUES (10, 29, 348) ON CONFLICT DO NOTHING;
INSERT INTO "public"."purprod" ("amount", "pid", "purid") VALUES (10, 72, 30) ON CONFLICT DO NOTHING;
INSERT INTO "public"."purprod" ("amount", "pid", "purid") VALUES (6, 116, 319) ON CONFLICT DO NOTHING;
INSERT INTO "public"."purprod" ("amount", "pid", "purid") VALUES (5, 73, 180) ON CONFLICT DO NOTHING;
INSERT INTO "public"."purprod" ("amount", "pid", "purid") VALUES (10, 42, 554) ON CONFLICT DO NOTHING;
INSERT INTO "public"."purprod" ("amount", "pid", "purid") VALUES (8, 15, 155) ON CONFLICT DO NOTHING;
INSERT INTO "public"."purprod" ("amount", "pid", "purid") VALUES (3, 14, 380) ON CONFLICT DO NOTHING;
INSERT INTO "public"."purprod" ("amount", "pid", "purid") VALUES (3, 112, 130) ON CONFLICT DO NOTHING;
INSERT INTO "public"."purprod" ("amount", "pid", "purid") VALUES (9, 55, 205) ON CONFLICT DO NOTHING;
INSERT INTO "public"."purprod" ("amount", "pid", "purid") VALUES (10, 104, 353) ON CONFLICT DO NOTHING;
INSERT INTO "public"."purprod" ("amount", "pid", "purid") VALUES (6, 49, 89) ON CONFLICT DO NOTHING;
INSERT INTO "public"."purprod" ("amount", "pid", "purid") VALUES (1, 39, 341) ON CONFLICT DO NOTHING;
INSERT INTO "public"."purprod" ("amount", "pid", "purid") VALUES (10, 30, 305) ON CONFLICT DO NOTHING;
INSERT INTO "public"."purprod" ("amount", "pid", "purid") VALUES (1, 80, 319) ON CONFLICT DO NOTHING;
INSERT INTO "public"."purprod" ("amount", "pid", "purid") VALUES (8, 119, 438) ON CONFLICT DO NOTHING;
INSERT INTO "public"."purprod" ("amount", "pid", "purid") VALUES (9, 107, 603) ON CONFLICT DO NOTHING;
INSERT INTO "public"."purprod" ("amount", "pid", "purid") VALUES (10, 84, 451) ON CONFLICT DO NOTHING;
INSERT INTO "public"."purprod" ("amount", "pid", "purid") VALUES (4, 90, 176) ON CONFLICT DO NOTHING;
INSERT INTO "public"."purprod" ("amount", "pid", "purid") VALUES (3, 104, 558) ON CONFLICT DO NOTHING;
INSERT INTO "public"."purprod" ("amount", "pid", "purid") VALUES (4, 11, 207) ON CONFLICT DO NOTHING;
INSERT INTO "public"."purprod" ("amount", "pid", "purid") VALUES (6, 79, 516) ON CONFLICT DO NOTHING;
INSERT INTO "public"."purprod" ("amount", "pid", "purid") VALUES (9, 2, 353) ON CONFLICT DO NOTHING;
INSERT INTO "public"."purprod" ("amount", "pid", "purid") VALUES (4, 28, 99) ON CONFLICT DO NOTHING;
INSERT INTO "public"."purprod" ("amount", "pid", "purid") VALUES (9, 35, 576) ON CONFLICT DO NOTHING;
INSERT INTO "public"."purprod" ("amount", "pid", "purid") VALUES (3, 9, 205) ON CONFLICT DO NOTHING;
INSERT INTO "public"."purprod" ("amount", "pid", "purid") VALUES (6, 9, 288) ON CONFLICT DO NOTHING;
INSERT INTO "public"."purprod" ("amount", "pid", "purid") VALUES (6, 100, 53) ON CONFLICT DO NOTHING;
INSERT INTO "public"."purprod" ("amount", "pid", "purid") VALUES (3, 6, 272) ON CONFLICT DO NOTHING;
INSERT INTO "public"."purprod" ("amount", "pid", "purid") VALUES (8, 84, 256) ON CONFLICT DO NOTHING;
INSERT INTO "public"."purprod" ("amount", "pid", "purid") VALUES (6, 48, 28) ON CONFLICT DO NOTHING;
INSERT INTO "public"."purprod" ("amount", "pid", "purid") VALUES (6, 66, 77) ON CONFLICT DO NOTHING;
INSERT INTO "public"."purprod" ("amount", "pid", "purid") VALUES (4, 1, 306) ON CONFLICT DO NOTHING;
INSERT INTO "public"."purprod" ("amount", "pid", "purid") VALUES (6, 123, 282) ON CONFLICT DO NOTHING;
INSERT INTO "public"."purprod" ("amount", "pid", "purid") VALUES (5, 81, 456) ON CONFLICT DO NOTHING;
INSERT INTO "public"."purprod" ("amount", "pid", "purid") VALUES (5, 83, 440) ON CONFLICT DO NOTHING;
INSERT INTO "public"."purprod" ("amount", "pid", "purid") VALUES (1, 84, 169) ON CONFLICT DO NOTHING;
INSERT INTO "public"."purprod" ("amount", "pid", "purid") VALUES (1, 18, 26) ON CONFLICT DO NOTHING;
INSERT INTO "public"."purprod" ("amount", "pid", "purid") VALUES (5, 105, 331) ON CONFLICT DO NOTHING;
INSERT INTO "public"."purprod" ("amount", "pid", "purid") VALUES (9, 96, 303) ON CONFLICT DO NOTHING;
INSERT INTO "public"."purprod" ("amount", "pid", "purid") VALUES (2, 13, 601) ON CONFLICT DO NOTHING;
INSERT INTO "public"."purprod" ("amount", "pid", "purid") VALUES (3, 12, 63) ON CONFLICT DO NOTHING;
INSERT INTO "public"."purprod" ("amount", "pid", "purid") VALUES (4, 70, 252) ON CONFLICT DO NOTHING;
INSERT INTO "public"."purprod" ("amount", "pid", "purid") VALUES (6, 53, 64) ON CONFLICT DO NOTHING;
INSERT INTO "public"."purprod" ("amount", "pid", "purid") VALUES (4, 95, 526) ON CONFLICT DO NOTHING;
INSERT INTO "public"."purprod" ("amount", "pid", "purid") VALUES (2, 59, 281) ON CONFLICT DO NOTHING;
INSERT INTO "public"."purprod" ("amount", "pid", "purid") VALUES (4, 121, 76) ON CONFLICT DO NOTHING;
INSERT INTO "public"."purprod" ("amount", "pid", "purid") VALUES (6, 112, 391) ON CONFLICT DO NOTHING;
INSERT INTO "public"."purprod" ("amount", "pid", "purid") VALUES (9, 116, 152) ON CONFLICT DO NOTHING;
INSERT INTO "public"."purprod" ("amount", "pid", "purid") VALUES (2, 30, 573) ON CONFLICT DO NOTHING;
INSERT INTO "public"."purprod" ("amount", "pid", "purid") VALUES (1, 63, 495) ON CONFLICT DO NOTHING;
INSERT INTO "public"."purprod" ("amount", "pid", "purid") VALUES (10, 55, 355) ON CONFLICT DO NOTHING;
INSERT INTO "public"."purprod" ("amount", "pid", "purid") VALUES (8, 74, 130) ON CONFLICT DO NOTHING;
INSERT INTO "public"."purprod" ("amount", "pid", "purid") VALUES (9, 76, 421) ON CONFLICT DO NOTHING;
INSERT INTO "public"."purprod" ("amount", "pid", "purid") VALUES (3, 50, 63) ON CONFLICT DO NOTHING;
INSERT INTO "public"."purprod" ("amount", "pid", "purid") VALUES (2, 102, 440) ON CONFLICT DO NOTHING;
INSERT INTO "public"."purprod" ("amount", "pid", "purid") VALUES (2, 68, 485) ON CONFLICT DO NOTHING;
INSERT INTO "public"."purprod" ("amount", "pid", "purid") VALUES (1, 64, 90) ON CONFLICT DO NOTHING;
INSERT INTO "public"."purprod" ("amount", "pid", "purid") VALUES (1, 118, 567) ON CONFLICT DO NOTHING;
INSERT INTO "public"."purprod" ("amount", "pid", "purid") VALUES (4, 82, 139) ON CONFLICT DO NOTHING;
INSERT INTO "public"."purprod" ("amount", "pid", "purid") VALUES (4, 3, 189) ON CONFLICT DO NOTHING;
INSERT INTO "public"."purprod" ("amount", "pid", "purid") VALUES (4, 61, 241) ON CONFLICT DO NOTHING;
INSERT INTO "public"."purprod" ("amount", "pid", "purid") VALUES (9, 114, 439) ON CONFLICT DO NOTHING;
INSERT INTO "public"."purprod" ("amount", "pid", "purid") VALUES (10, 34, 256) ON CONFLICT DO NOTHING;
INSERT INTO "public"."purprod" ("amount", "pid", "purid") VALUES (9, 59, 170) ON CONFLICT DO NOTHING;
INSERT INTO "public"."purprod" ("amount", "pid", "purid") VALUES (10, 97, 335) ON CONFLICT DO NOTHING;
INSERT INTO "public"."purprod" ("amount", "pid", "purid") VALUES (8, 41, 339) ON CONFLICT DO NOTHING;
INSERT INTO "public"."purprod" ("amount", "pid", "purid") VALUES (2, 81, 239) ON CONFLICT DO NOTHING;
INSERT INTO "public"."purprod" ("amount", "pid", "purid") VALUES (10, 87, 556) ON CONFLICT DO NOTHING;
INSERT INTO "public"."purprod" ("amount", "pid", "purid") VALUES (6, 119, 359) ON CONFLICT DO NOTHING;
INSERT INTO "public"."purprod" ("amount", "pid", "purid") VALUES (7, 23, 326) ON CONFLICT DO NOTHING;
INSERT INTO "public"."purprod" ("amount", "pid", "purid") VALUES (2, 53, 131) ON CONFLICT DO NOTHING;
INSERT INTO "public"."purprod" ("amount", "pid", "purid") VALUES (9, 103, 289) ON CONFLICT DO NOTHING;
INSERT INTO "public"."purprod" ("amount", "pid", "purid") VALUES (4, 70, 349) ON CONFLICT DO NOTHING;
INSERT INTO "public"."purprod" ("amount", "pid", "purid") VALUES (5, 68, 172) ON CONFLICT DO NOTHING;
INSERT INTO "public"."purprod" ("amount", "pid", "purid") VALUES (3, 97, 504) ON CONFLICT DO NOTHING;
INSERT INTO "public"."purprod" ("amount", "pid", "purid") VALUES (8, 129, 508) ON CONFLICT DO NOTHING;
INSERT INTO "public"."purprod" ("amount", "pid", "purid") VALUES (1, 107, 246) ON CONFLICT DO NOTHING;
INSERT INTO "public"."purprod" ("amount", "pid", "purid") VALUES (3, 19, 569) ON CONFLICT DO NOTHING;
INSERT INTO "public"."purprod" ("amount", "pid", "purid") VALUES (6, 60, 48) ON CONFLICT DO NOTHING;
INSERT INTO "public"."purprod" ("amount", "pid", "purid") VALUES (9, 31, 141) ON CONFLICT DO NOTHING;
INSERT INTO "public"."purprod" ("amount", "pid", "purid") VALUES (9, 66, 46) ON CONFLICT DO NOTHING;
INSERT INTO "public"."purprod" ("amount", "pid", "purid") VALUES (1, 56, 467) ON CONFLICT DO NOTHING;
INSERT INTO "public"."purprod" ("amount", "pid", "purid") VALUES (6, 34, 539) ON CONFLICT DO NOTHING;
INSERT INTO "public"."purprod" ("amount", "pid", "purid") VALUES (3, 125, 309) ON CONFLICT DO NOTHING;
INSERT INTO "public"."purprod" ("amount", "pid", "purid") VALUES (1, 124, 408) ON CONFLICT DO NOTHING;
INSERT INTO "public"."purprod" ("amount", "pid", "purid") VALUES (10, 96, 598) ON CONFLICT DO NOTHING;
INSERT INTO "public"."purprod" ("amount", "pid", "purid") VALUES (2, 110, 495) ON CONFLICT DO NOTHING;
INSERT INTO "public"."purprod" ("amount", "pid", "purid") VALUES (10, 23, 422) ON CONFLICT DO NOTHING;
INSERT INTO "public"."purprod" ("amount", "pid", "purid") VALUES (4, 4, 262) ON CONFLICT DO NOTHING;
INSERT INTO "public"."purprod" ("amount", "pid", "purid") VALUES (2, 69, 475) ON CONFLICT DO NOTHING;
INSERT INTO "public"."purprod" ("amount", "pid", "purid") VALUES (7, 121, 90) ON CONFLICT DO NOTHING;
INSERT INTO "public"."purprod" ("amount", "pid", "purid") VALUES (3, 125, 559) ON CONFLICT DO NOTHING;
INSERT INTO "public"."purprod" ("amount", "pid", "purid") VALUES (2, 83, 132) ON CONFLICT DO NOTHING;
INSERT INTO "public"."purprod" ("amount", "pid", "purid") VALUES (10, 114, 82) ON CONFLICT DO NOTHING;
INSERT INTO "public"."purprod" ("amount", "pid", "purid") VALUES (5, 90, 421) ON CONFLICT DO NOTHING;
INSERT INTO "public"."purprod" ("amount", "pid", "purid") VALUES (7, 93, 248) ON CONFLICT DO NOTHING;
INSERT INTO "public"."purprod" ("amount", "pid", "purid") VALUES (9, 99, 539) ON CONFLICT DO NOTHING;
INSERT INTO "public"."purprod" ("amount", "pid", "purid") VALUES (3, 61, 562) ON CONFLICT DO NOTHING;
INSERT INTO "public"."purprod" ("amount", "pid", "purid") VALUES (5, 58, 185) ON CONFLICT DO NOTHING;
INSERT INTO "public"."purprod" ("amount", "pid", "purid") VALUES (5, 65, 34) ON CONFLICT DO NOTHING;
INSERT INTO "public"."purprod" ("amount", "pid", "purid") VALUES (8, 100, 399) ON CONFLICT DO NOTHING;
INSERT INTO "public"."purprod" ("amount", "pid", "purid") VALUES (10, 6, 177) ON CONFLICT DO NOTHING;
INSERT INTO "public"."purprod" ("amount", "pid", "purid") VALUES (1, 45, 577) ON CONFLICT DO NOTHING;
INSERT INTO "public"."purprod" ("amount", "pid", "purid") VALUES (7, 86, 130) ON CONFLICT DO NOTHING;
INSERT INTO "public"."purprod" ("amount", "pid", "purid") VALUES (8, 7, 7) ON CONFLICT DO NOTHING;
INSERT INTO "public"."purprod" ("amount", "pid", "purid") VALUES (10, 77, 601) ON CONFLICT DO NOTHING;
INSERT INTO "public"."purprod" ("amount", "pid", "purid") VALUES (3, 84, 351) ON CONFLICT DO NOTHING;
INSERT INTO "public"."purprod" ("amount", "pid", "purid") VALUES (1, 121, 502) ON CONFLICT DO NOTHING;
INSERT INTO "public"."purprod" ("amount", "pid", "purid") VALUES (8, 40, 418) ON CONFLICT DO NOTHING;
INSERT INTO "public"."purprod" ("amount", "pid", "purid") VALUES (5, 122, 612) ON CONFLICT DO NOTHING;
INSERT INTO "public"."purprod" ("amount", "pid", "purid") VALUES (9, 9, 19) ON CONFLICT DO NOTHING;
INSERT INTO "public"."purprod" ("amount", "pid", "purid") VALUES (6, 80, 391) ON CONFLICT DO NOTHING;
INSERT INTO "public"."purprod" ("amount", "pid", "purid") VALUES (7, 18, 467) ON CONFLICT DO NOTHING;
INSERT INTO "public"."purprod" ("amount", "pid", "purid") VALUES (4, 1, 345) ON CONFLICT DO NOTHING;
INSERT INTO "public"."purprod" ("amount", "pid", "purid") VALUES (9, 71, 480) ON CONFLICT DO NOTHING;
INSERT INTO "public"."purprod" ("amount", "pid", "purid") VALUES (5, 23, 457) ON CONFLICT DO NOTHING;
INSERT INTO "public"."purprod" ("amount", "pid", "purid") VALUES (7, 59, 584) ON CONFLICT DO NOTHING;
INSERT INTO "public"."purprod" ("amount", "pid", "purid") VALUES (2, 17, 360) ON CONFLICT DO NOTHING;
INSERT INTO "public"."purprod" ("amount", "pid", "purid") VALUES (7, 51, 439) ON CONFLICT DO NOTHING;
INSERT INTO "public"."purprod" ("amount", "pid", "purid") VALUES (7, 36, 583) ON CONFLICT DO NOTHING;
INSERT INTO "public"."purprod" ("amount", "pid", "purid") VALUES (10, 91, 144) ON CONFLICT DO NOTHING;
INSERT INTO "public"."purprod" ("amount", "pid", "purid") VALUES (4, 98, 149) ON CONFLICT DO NOTHING;
INSERT INTO "public"."purprod" ("amount", "pid", "purid") VALUES (1, 10, 55) ON CONFLICT DO NOTHING;
INSERT INTO "public"."purprod" ("amount", "pid", "purid") VALUES (7, 119, 87) ON CONFLICT DO NOTHING;
INSERT INTO "public"."purprod" ("amount", "pid", "purid") VALUES (3, 127, 384) ON CONFLICT DO NOTHING;
INSERT INTO "public"."purprod" ("amount", "pid", "purid") VALUES (10, 72, 399) ON CONFLICT DO NOTHING;
INSERT INTO "public"."purprod" ("amount", "pid", "purid") VALUES (5, 20, 532) ON CONFLICT DO NOTHING;
INSERT INTO "public"."purprod" ("amount", "pid", "purid") VALUES (4, 27, 217) ON CONFLICT DO NOTHING;
INSERT INTO "public"."purprod" ("amount", "pid", "purid") VALUES (8, 126, 342) ON CONFLICT DO NOTHING;
INSERT INTO "public"."purprod" ("amount", "pid", "purid") VALUES (7, 126, 335) ON CONFLICT DO NOTHING;
INSERT INTO "public"."purprod" ("amount", "pid", "purid") VALUES (10, 42, 46) ON CONFLICT DO NOTHING;
INSERT INTO "public"."purprod" ("amount", "pid", "purid") VALUES (1, 17, 132) ON CONFLICT DO NOTHING;
INSERT INTO "public"."purprod" ("amount", "pid", "purid") VALUES (8, 12, 60) ON CONFLICT DO NOTHING;
INSERT INTO "public"."purprod" ("amount", "pid", "purid") VALUES (9, 21, 413) ON CONFLICT DO NOTHING;
INSERT INTO "public"."purprod" ("amount", "pid", "purid") VALUES (7, 22, 282) ON CONFLICT DO NOTHING;
INSERT INTO "public"."purprod" ("amount", "pid", "purid") VALUES (10, 61, 518) ON CONFLICT DO NOTHING;
INSERT INTO "public"."purprod" ("amount", "pid", "purid") VALUES (8, 52, 612) ON CONFLICT DO NOTHING;
INSERT INTO "public"."purprod" ("amount", "pid", "purid") VALUES (1, 39, 487) ON CONFLICT DO NOTHING;
INSERT INTO "public"."purprod" ("amount", "pid", "purid") VALUES (7, 1, 700) ON CONFLICT DO NOTHING;
INSERT INTO "public"."purprod" ("amount", "pid", "purid") VALUES (4, 2, 701) ON CONFLICT DO NOTHING;
INSERT INTO "public"."purprod" ("amount", "pid", "purid") VALUES (2, 128, 435) ON CONFLICT DO NOTHING;
INSERT INTO "public"."purprod" ("amount", "pid", "purid") VALUES (1, 3, 702) ON CONFLICT DO NOTHING;
INSERT INTO "public"."purprod" ("amount", "pid", "purid") VALUES (5, 70, 201) ON CONFLICT DO NOTHING;
INSERT INTO "public"."purprod" ("amount", "pid", "purid") VALUES (6, 4, 703) ON CONFLICT DO NOTHING;
INSERT INTO "public"."purprod" ("amount", "pid", "purid") VALUES (4, 5, 704) ON CONFLICT DO NOTHING;
INSERT INTO "public"."purprod" ("amount", "pid", "purid") VALUES (1, 6, 705) ON CONFLICT DO NOTHING;
INSERT INTO "public"."purprod" ("amount", "pid", "purid") VALUES (4, 7, 706) ON CONFLICT DO NOTHING;
INSERT INTO "public"."purprod" ("amount", "pid", "purid") VALUES (2, 8, 707) ON CONFLICT DO NOTHING;
INSERT INTO "public"."purprod" ("amount", "pid", "purid") VALUES (7, 9, 708) ON CONFLICT DO NOTHING;
INSERT INTO "public"."purprod" ("amount", "pid", "purid") VALUES (6, 10, 709) ON CONFLICT DO NOTHING;
INSERT INTO "public"."purprod" ("amount", "pid", "purid") VALUES (3, 107, 260) ON CONFLICT DO NOTHING;
INSERT INTO "public"."purprod" ("amount", "pid", "purid") VALUES (8, 42, 57) ON CONFLICT DO NOTHING;
INSERT INTO "public"."purprod" ("amount", "pid", "purid") VALUES (8, 122, 418) ON CONFLICT DO NOTHING;
INSERT INTO "public"."purprod" ("amount", "pid", "purid") VALUES (2, 118, 35) ON CONFLICT DO NOTHING;
INSERT INTO "public"."purprod" ("amount", "pid", "purid") VALUES (3, 25, 24) ON CONFLICT DO NOTHING;
INSERT INTO "public"."purprod" ("amount", "pid", "purid") VALUES (3, 11, 710) ON CONFLICT DO NOTHING;
INSERT INTO "public"."purprod" ("amount", "pid", "purid") VALUES (4, 46, 332) ON CONFLICT DO NOTHING;
INSERT INTO "public"."purprod" ("amount", "pid", "purid") VALUES (8, 49, 500) ON CONFLICT DO NOTHING;
INSERT INTO "public"."purprod" ("amount", "pid", "purid") VALUES (5, 12, 711) ON CONFLICT DO NOTHING;
INSERT INTO "public"."purprod" ("amount", "pid", "purid") VALUES (5, 13, 712) ON CONFLICT DO NOTHING;
INSERT INTO "public"."purprod" ("amount", "pid", "purid") VALUES (1, 14, 713) ON CONFLICT DO NOTHING;
INSERT INTO "public"."purprod" ("amount", "pid", "purid") VALUES (9, 15, 714) ON CONFLICT DO NOTHING;
INSERT INTO "public"."purprod" ("amount", "pid", "purid") VALUES (3, 16, 715) ON CONFLICT DO NOTHING;
INSERT INTO "public"."purprod" ("amount", "pid", "purid") VALUES (6, 54, 78) ON CONFLICT DO NOTHING;
INSERT INTO "public"."purprod" ("amount", "pid", "purid") VALUES (2, 9, 167) ON CONFLICT DO NOTHING;
INSERT INTO "public"."purprod" ("amount", "pid", "purid") VALUES (9, 48, 23) ON CONFLICT DO NOTHING;
INSERT INTO "public"."purprod" ("amount", "pid", "purid") VALUES (6, 17, 716) ON CONFLICT DO NOTHING;
INSERT INTO "public"."purprod" ("amount", "pid", "purid") VALUES (9, 18, 717) ON CONFLICT DO NOTHING;
INSERT INTO "public"."purprod" ("amount", "pid", "purid") VALUES (4, 19, 717) ON CONFLICT DO NOTHING;
INSERT INTO "public"."purprod" ("amount", "pid", "purid") VALUES (2, 28, 129) ON CONFLICT DO NOTHING;
INSERT INTO "public"."purprod" ("amount", "pid", "purid") VALUES (6, 54, 380) ON CONFLICT DO NOTHING;
INSERT INTO "public"."purprod" ("amount", "pid", "purid") VALUES (6, 20, 717) ON CONFLICT DO NOTHING;
INSERT INTO "public"."purprod" ("amount", "pid", "purid") VALUES (2, 128, 538) ON CONFLICT DO NOTHING;
INSERT INTO "public"."purprod" ("amount", "pid", "purid") VALUES (3, 79, 586) ON CONFLICT DO NOTHING;
INSERT INTO "public"."purprod" ("amount", "pid", "purid") VALUES (8, 21, 717) ON CONFLICT DO NOTHING;
INSERT INTO "public"."purprod" ("amount", "pid", "purid") VALUES (10, 22, 717) ON CONFLICT DO NOTHING;
INSERT INTO "public"."purprod" ("amount", "pid", "purid") VALUES (4, 23, 717) ON CONFLICT DO NOTHING;
INSERT INTO "public"."purprod" ("amount", "pid", "purid") VALUES (10, 83, 539) ON CONFLICT DO NOTHING;
INSERT INTO "public"."purprod" ("amount", "pid", "purid") VALUES (7, 6, 421) ON CONFLICT DO NOTHING;
INSERT INTO "public"."purprod" ("amount", "pid", "purid") VALUES (4, 123, 305) ON CONFLICT DO NOTHING;
INSERT INTO "public"."purprod" ("amount", "pid", "purid") VALUES (10, 116, 32) ON CONFLICT DO NOTHING;
INSERT INTO "public"."purprod" ("amount", "pid", "purid") VALUES (4, 55, 542) ON CONFLICT DO NOTHING;
INSERT INTO "public"."purprod" ("amount", "pid", "purid") VALUES (7, 48, 3) ON CONFLICT DO NOTHING;
INSERT INTO "public"."purprod" ("amount", "pid", "purid") VALUES (7, 24, 717) ON CONFLICT DO NOTHING;
INSERT INTO "public"."purprod" ("amount", "pid", "purid") VALUES (6, 53, 284) ON CONFLICT DO NOTHING;
INSERT INTO "public"."purprod" ("amount", "pid", "purid") VALUES (6, 38, 144) ON CONFLICT DO NOTHING;
INSERT INTO "public"."purprod" ("amount", "pid", "purid") VALUES (5, 25, 717) ON CONFLICT DO NOTHING;
INSERT INTO "public"."purprod" ("amount", "pid", "purid") VALUES (6, 26, 717) ON CONFLICT DO NOTHING;
INSERT INTO "public"."purprod" ("amount", "pid", "purid") VALUES (1, 27, 717) ON CONFLICT DO NOTHING;
INSERT INTO "public"."purprod" ("amount", "pid", "purid") VALUES (3, 28, 717) ON CONFLICT DO NOTHING;
INSERT INTO "public"."purprod" ("amount", "pid", "purid") VALUES (3, 24, 207) ON CONFLICT DO NOTHING;
INSERT INTO "public"."purprod" ("amount", "pid", "purid") VALUES (1, 24, 611) ON CONFLICT DO NOTHING;
INSERT INTO "public"."purprod" ("amount", "pid", "purid") VALUES (7, 29, 717) ON CONFLICT DO NOTHING;
INSERT INTO "public"."purprod" ("amount", "pid", "purid") VALUES (10, 30, 717) ON CONFLICT DO NOTHING;
INSERT INTO "public"."purprod" ("amount", "pid", "purid") VALUES (6, 88, 249) ON CONFLICT DO NOTHING;
INSERT INTO "public"."purprod" ("amount", "pid", "purid") VALUES (3, 112, 440) ON CONFLICT DO NOTHING;
INSERT INTO "public"."purprod" ("amount", "pid", "purid") VALUES (9, 96, 212) ON CONFLICT DO NOTHING;
INSERT INTO "public"."purprod" ("amount", "pid", "purid") VALUES (7, 11, 700) ON CONFLICT DO NOTHING;
INSERT INTO "public"."purprod" ("amount", "pid", "purid") VALUES (4, 101, 612) ON CONFLICT DO NOTHING;
INSERT INTO "public"."purprod" ("amount", "pid", "purid") VALUES (4, 22, 701) ON CONFLICT DO NOTHING;
INSERT INTO "public"."purprod" ("amount", "pid", "purid") VALUES (8, 34, 414) ON CONFLICT DO NOTHING;
INSERT INTO "public"."purprod" ("amount", "pid", "purid") VALUES (1, 33, 702) ON CONFLICT DO NOTHING;
INSERT INTO "public"."purprod" ("amount", "pid", "purid") VALUES (6, 44, 703) ON CONFLICT DO NOTHING;
INSERT INTO "public"."purprod" ("amount", "pid", "purid") VALUES (5, 100, 303) ON CONFLICT DO NOTHING;
INSERT INTO "public"."purprod" ("amount", "pid", "purid") VALUES (4, 55, 704) ON CONFLICT DO NOTHING;
INSERT INTO "public"."purprod" ("amount", "pid", "purid") VALUES (1, 66, 705) ON CONFLICT DO NOTHING;
INSERT INTO "public"."purprod" ("amount", "pid", "purid") VALUES (10, 38, 59) ON CONFLICT DO NOTHING;
INSERT INTO "public"."purprod" ("amount", "pid", "purid") VALUES (7, 69, 407) ON CONFLICT DO NOTHING;
INSERT INTO "public"."purprod" ("amount", "pid", "purid") VALUES (6, 130, 399) ON CONFLICT DO NOTHING;
INSERT INTO "public"."purprod" ("amount", "pid", "purid") VALUES (4, 46, 130) ON CONFLICT DO NOTHING;
INSERT INTO "public"."purprod" ("amount", "pid", "purid") VALUES (6, 46, 283) ON CONFLICT DO NOTHING;
INSERT INTO "public"."purprod" ("amount", "pid", "purid") VALUES (4, 77, 706) ON CONFLICT DO NOTHING;
INSERT INTO "public"."purprod" ("amount", "pid", "purid") VALUES (1, 8, 440) ON CONFLICT DO NOTHING;
INSERT INTO "public"."purprod" ("amount", "pid", "purid") VALUES (2, 88, 707) ON CONFLICT DO NOTHING;
INSERT INTO "public"."purprod" ("amount", "pid", "purid") VALUES (1, 113, 88) ON CONFLICT DO NOTHING;
INSERT INTO "public"."purprod" ("amount", "pid", "purid") VALUES (7, 99, 708) ON CONFLICT DO NOTHING;
INSERT INTO "public"."purprod" ("amount", "pid", "purid") VALUES (1, 69, 583) ON CONFLICT DO NOTHING;
INSERT INTO "public"."purprod" ("amount", "pid", "purid") VALUES (6, 19, 709) ON CONFLICT DO NOTHING;
INSERT INTO "public"."purprod" ("amount", "pid", "purid") VALUES (9, 34, 28) ON CONFLICT DO NOTHING;
INSERT INTO "public"."purprod" ("amount", "pid", "purid") VALUES (3, 111, 710) ON CONFLICT DO NOTHING;
INSERT INTO "public"."purprod" ("amount", "pid", "purid") VALUES (5, 111, 711) ON CONFLICT DO NOTHING;
INSERT INTO "public"."purprod" ("amount", "pid", "purid") VALUES (5, 111, 712) ON CONFLICT DO NOTHING;
INSERT INTO "public"."purprod" ("amount", "pid", "purid") VALUES (7, 25, 18) ON CONFLICT DO NOTHING;
INSERT INTO "public"."purprod" ("amount", "pid", "purid") VALUES (2, 103, 241) ON CONFLICT DO NOTHING;
INSERT INTO "public"."purprod" ("amount", "pid", "purid") VALUES (1, 111, 713) ON CONFLICT DO NOTHING;
INSERT INTO "public"."purprod" ("amount", "pid", "purid") VALUES (3, 36, 474) ON CONFLICT DO NOTHING;
INSERT INTO "public"."purprod" ("amount", "pid", "purid") VALUES (9, 111, 714) ON CONFLICT DO NOTHING;
INSERT INTO "public"."purprod" ("amount", "pid", "purid") VALUES (3, 111, 715) ON CONFLICT DO NOTHING;
INSERT INTO "public"."purprod" ("amount", "pid", "purid") VALUES (6, 111, 716) ON CONFLICT DO NOTHING;
INSERT INTO "public"."purprod" ("amount", "pid", "purid") VALUES (8, 49, 334) ON CONFLICT DO NOTHING;
INSERT INTO "public"."purprod" ("amount", "pid", "purid") VALUES (3, 44, 3) ON CONFLICT DO NOTHING;
INSERT INTO "public"."purprod" ("amount", "pid", "purid") VALUES (6, 20, 719) ON CONFLICT DO NOTHING;
INSERT INTO "public"."purprod" ("amount", "pid", "purid") VALUES (8, 21, 720) ON CONFLICT DO NOTHING;
INSERT INTO "public"."purprod" ("amount", "pid", "purid") VALUES (7, 46, 88) ON CONFLICT DO NOTHING;
INSERT INTO "public"."purprod" ("amount", "pid", "purid") VALUES (7, 45, 398) ON CONFLICT DO NOTHING;
INSERT INTO "public"."purprod" ("amount", "pid", "purid") VALUES (10, 22, 721) ON CONFLICT DO NOTHING;
INSERT INTO "public"."purprod" ("amount", "pid", "purid") VALUES (3, 123, 429) ON CONFLICT DO NOTHING;
INSERT INTO "public"."purprod" ("amount", "pid", "purid") VALUES (4, 23, 722) ON CONFLICT DO NOTHING;
INSERT INTO "public"."purprod" ("amount", "pid", "purid") VALUES (7, 24, 723) ON CONFLICT DO NOTHING;
INSERT INTO "public"."purprod" ("amount", "pid", "purid") VALUES (5, 98, 47) ON CONFLICT DO NOTHING;
INSERT INTO "public"."purprod" ("amount", "pid", "purid") VALUES (5, 124, 63) ON CONFLICT DO NOTHING;
INSERT INTO "public"."purprod" ("amount", "pid", "purid") VALUES (4, 107, 301) ON CONFLICT DO NOTHING;
INSERT INTO "public"."purprod" ("amount", "pid", "purid") VALUES (5, 25, 724) ON CONFLICT DO NOTHING;
INSERT INTO "public"."purprod" ("amount", "pid", "purid") VALUES (1, 19, 539) ON CONFLICT DO NOTHING;
INSERT INTO "public"."purprod" ("amount", "pid", "purid") VALUES (6, 26, 725) ON CONFLICT DO NOTHING;
INSERT INTO "public"."purprod" ("amount", "pid", "purid") VALUES (1, 27, 726) ON CONFLICT DO NOTHING;
INSERT INTO "public"."purprod" ("amount", "pid", "purid") VALUES (6, 38, 594) ON CONFLICT DO NOTHING;
INSERT INTO "public"."purprod" ("amount", "pid", "purid") VALUES (4, 82, 24) ON CONFLICT DO NOTHING;
INSERT INTO "public"."purprod" ("amount", "pid", "purid") VALUES (3, 28, 727) ON CONFLICT DO NOTHING;
INSERT INTO "public"."purprod" ("amount", "pid", "purid") VALUES (7, 29, 728) ON CONFLICT DO NOTHING;
INSERT INTO "public"."purprod" ("amount", "pid", "purid") VALUES (10, 30, 729) ON CONFLICT DO NOTHING;
INSERT INTO "public"."purprod" ("amount", "pid", "purid") VALUES (7, 87, 7) ON CONFLICT DO NOTHING;
INSERT INTO "public"."purprod" ("amount", "pid", "purid") VALUES (8, 72, 196) ON CONFLICT DO NOTHING;
INSERT INTO "public"."purprod" ("amount", "pid", "purid") VALUES (3, 90, 407) ON CONFLICT DO NOTHING;
INSERT INTO "public"."purprod" ("amount", "pid", "purid") VALUES (6, 82, 438) ON CONFLICT DO NOTHING;
INSERT INTO "public"."purprod" ("amount", "pid", "purid") VALUES (1, 102, 507) ON CONFLICT DO NOTHING;
INSERT INTO "public"."purprod" ("amount", "pid", "purid") VALUES (2, 31, 730) ON CONFLICT DO NOTHING;
INSERT INTO "public"."purprod" ("amount", "pid", "purid") VALUES (8, 32, 731) ON CONFLICT DO NOTHING;
INSERT INTO "public"."purprod" ("amount", "pid", "purid") VALUES (5, 47, 43) ON CONFLICT DO NOTHING;
INSERT INTO "public"."purprod" ("amount", "pid", "purid") VALUES (9, 87, 351) ON CONFLICT DO NOTHING;
INSERT INTO "public"."purprod" ("amount", "pid", "purid") VALUES (5, 33, 732) ON CONFLICT DO NOTHING;
INSERT INTO "public"."purprod" ("amount", "pid", "purid") VALUES (9, 34, 733) ON CONFLICT DO NOTHING;
INSERT INTO "public"."purprod" ("amount", "pid", "purid") VALUES (3, 44, 399) ON CONFLICT DO NOTHING;
INSERT INTO "public"."purprod" ("amount", "pid", "purid") VALUES (3, 35, 734) ON CONFLICT DO NOTHING;
INSERT INTO "public"."purprod" ("amount", "pid", "purid") VALUES (10, 33, 345) ON CONFLICT DO NOTHING;
INSERT INTO "public"."purprod" ("amount", "pid", "purid") VALUES (6, 36, 735) ON CONFLICT DO NOTHING;
INSERT INTO "public"."purprod" ("amount", "pid", "purid") VALUES (4, 37, 736) ON CONFLICT DO NOTHING;
INSERT INTO "public"."purprod" ("amount", "pid", "purid") VALUES (7, 38, 737) ON CONFLICT DO NOTHING;
INSERT INTO "public"."purprod" ("amount", "pid", "purid") VALUES (7, 45, 474) ON CONFLICT DO NOTHING;
INSERT INTO "public"."purprod" ("amount", "pid", "purid") VALUES (10, 108, 256) ON CONFLICT DO NOTHING;
INSERT INTO "public"."purprod" ("amount", "pid", "purid") VALUES (1, 39, 738) ON CONFLICT DO NOTHING;
INSERT INTO "public"."purprod" ("amount", "pid", "purid") VALUES (6, 85, 16) ON CONFLICT DO NOTHING;
INSERT INTO "public"."purprod" ("amount", "pid", "purid") VALUES (10, 40, 739) ON CONFLICT DO NOTHING;
INSERT INTO "public"."purprod" ("amount", "pid", "purid") VALUES (5, 41, 740) ON CONFLICT DO NOTHING;
INSERT INTO "public"."purprod" ("amount", "pid", "purid") VALUES (2, 119, 246) ON CONFLICT DO NOTHING;
INSERT INTO "public"."purprod" ("amount", "pid", "purid") VALUES (8, 42, 741) ON CONFLICT DO NOTHING;
INSERT INTO "public"."purprod" ("amount", "pid", "purid") VALUES (2, 43, 742) ON CONFLICT DO NOTHING;
INSERT INTO "public"."purprod" ("amount", "pid", "purid") VALUES (6, 44, 743) ON CONFLICT DO NOTHING;
INSERT INTO "public"."purprod" ("amount", "pid", "purid") VALUES (3, 45, 744) ON CONFLICT DO NOTHING;
INSERT INTO "public"."purprod" ("amount", "pid", "purid") VALUES (6, 37, 522) ON CONFLICT DO NOTHING;
INSERT INTO "public"."purprod" ("amount", "pid", "purid") VALUES (9, 46, 745) ON CONFLICT DO NOTHING;
INSERT INTO "public"."purprod" ("amount", "pid", "purid") VALUES (4, 47, 746) ON CONFLICT DO NOTHING;
INSERT INTO "public"."purprod" ("amount", "pid", "purid") VALUES (6, 27, 384) ON CONFLICT DO NOTHING;
INSERT INTO "public"."purprod" ("amount", "pid", "purid") VALUES (7, 48, 747) ON CONFLICT DO NOTHING;
INSERT INTO "public"."purprod" ("amount", "pid", "purid") VALUES (1, 49, 748) ON CONFLICT DO NOTHING;
INSERT INTO "public"."purprod" ("amount", "pid", "purid") VALUES (10, 50, 749) ON CONFLICT DO NOTHING;
INSERT INTO "public"."purprod" ("amount", "pid", "purid") VALUES (1, 43, 408) ON CONFLICT DO NOTHING;
INSERT INTO "public"."purprod" ("amount", "pid", "purid") VALUES (6, 111, 391) ON CONFLICT DO NOTHING;
INSERT INTO "public"."purprod" ("amount", "pid", "purid") VALUES (2, 51, 349) ON CONFLICT DO NOTHING;
INSERT INTO "public"."purprod" ("amount", "pid", "purid") VALUES (3, 73, 203) ON CONFLICT DO NOTHING;
INSERT INTO "public"."purprod" ("amount", "pid", "purid") VALUES (1, 16, 326) ON CONFLICT DO NOTHING;
INSERT INTO "public"."purprod" ("amount", "pid", "purid") VALUES (1, 111, 419) ON CONFLICT DO NOTHING;
INSERT INTO "public"."purprod" ("amount", "pid", "purid") VALUES (5, 78, 189) ON CONFLICT DO NOTHING;
INSERT INTO "public"."purprod" ("amount", "pid", "purid") VALUES (4, 33, 569) ON CONFLICT DO NOTHING;
INSERT INTO "public"."purprod" ("amount", "pid", "purid") VALUES (9, 109, 87) ON CONFLICT DO NOTHING;
INSERT INTO "public"."purprod" ("amount", "pid", "purid") VALUES (8, 48, 297) ON CONFLICT DO NOTHING;
INSERT INTO "public"."purprod" ("amount", "pid", "purid") VALUES (4, 15, 591) ON CONFLICT DO NOTHING;
INSERT INTO "public"."purprod" ("amount", "pid", "purid") VALUES (4, 31, 512) ON CONFLICT DO NOTHING;
INSERT INTO "public"."purprod" ("amount", "pid", "purid") VALUES (7, 130, 163) ON CONFLICT DO NOTHING;
INSERT INTO "public"."purprod" ("amount", "pid", "purid") VALUES (6, 112, 205) ON CONFLICT DO NOTHING;
INSERT INTO "public"."purprod" ("amount", "pid", "purid") VALUES (6, 35, 20) ON CONFLICT DO NOTHING;
INSERT INTO "public"."purprod" ("amount", "pid", "purid") VALUES (6, 65, 229) ON CONFLICT DO NOTHING;
INSERT INTO "public"."purprod" ("amount", "pid", "purid") VALUES (5, 59, 466) ON CONFLICT DO NOTHING;
INSERT INTO "public"."purprod" ("amount", "pid", "purid") VALUES (3, 42, 241) ON CONFLICT DO NOTHING;
INSERT INTO "public"."purprod" ("amount", "pid", "purid") VALUES (5, 50, 514) ON CONFLICT DO NOTHING;
INSERT INTO "public"."purprod" ("amount", "pid", "purid") VALUES (9, 11, 20) ON CONFLICT DO NOTHING;
INSERT INTO "public"."purprod" ("amount", "pid", "purid") VALUES (1, 72, 374) ON CONFLICT DO NOTHING;
INSERT INTO "public"."purprod" ("amount", "pid", "purid") VALUES (9, 118, 378) ON CONFLICT DO NOTHING;
INSERT INTO "public"."purprod" ("amount", "pid", "purid") VALUES (4, 57, 491) ON CONFLICT DO NOTHING;
INSERT INTO "public"."purprod" ("amount", "pid", "purid") VALUES (7, 69, 434) ON CONFLICT DO NOTHING;
INSERT INTO "public"."purprod" ("amount", "pid", "purid") VALUES (2, 116, 547) ON CONFLICT DO NOTHING;
INSERT INTO "public"."purprod" ("amount", "pid", "purid") VALUES (8, 23, 178) ON CONFLICT DO NOTHING;
INSERT INTO "public"."purprod" ("amount", "pid", "purid") VALUES (3, 122, 306) ON CONFLICT DO NOTHING;
INSERT INTO "public"."purprod" ("amount", "pid", "purid") VALUES (8, 22, 321) ON CONFLICT DO NOTHING;
INSERT INTO "public"."purprod" ("amount", "pid", "purid") VALUES (5, 110, 541) ON CONFLICT DO NOTHING;
INSERT INTO "public"."purprod" ("amount", "pid", "purid") VALUES (9, 2, 3) ON CONFLICT DO NOTHING;
INSERT INTO "public"."purprod" ("amount", "pid", "purid") VALUES (9, 44, 236) ON CONFLICT DO NOTHING;
INSERT INTO "public"."purprod" ("amount", "pid", "purid") VALUES (8, 57, 142) ON CONFLICT DO NOTHING;
INSERT INTO "public"."purprod" ("amount", "pid", "purid") VALUES (10, 90, 48) ON CONFLICT DO NOTHING;
INSERT INTO "public"."purprod" ("amount", "pid", "purid") VALUES (10, 34, 35) ON CONFLICT DO NOTHING;
INSERT INTO "public"."purprod" ("amount", "pid", "purid") VALUES (3, 70, 266) ON CONFLICT DO NOTHING;
INSERT INTO "public"."purprod" ("amount", "pid", "purid") VALUES (8, 94, 418) ON CONFLICT DO NOTHING;
INSERT INTO "public"."purprod" ("amount", "pid", "purid") VALUES (5, 46, 451) ON CONFLICT DO NOTHING;
INSERT INTO "public"."purprod" ("amount", "pid", "purid") VALUES (3, 15, 248) ON CONFLICT DO NOTHING;
INSERT INTO "public"."purprod" ("amount", "pid", "purid") VALUES (8, 59, 580) ON CONFLICT DO NOTHING;
INSERT INTO "public"."purprod" ("amount", "pid", "purid") VALUES (9, 106, 27) ON CONFLICT DO NOTHING;
INSERT INTO "public"."purprod" ("amount", "pid", "purid") VALUES (10, 46, 499) ON CONFLICT DO NOTHING;
INSERT INTO "public"."purprod" ("amount", "pid", "purid") VALUES (4, 67, 2) ON CONFLICT DO NOTHING;
INSERT INTO "public"."purprod" ("amount", "pid", "purid") VALUES (10, 10, 66) ON CONFLICT DO NOTHING;
INSERT INTO "public"."purprod" ("amount", "pid", "purid") VALUES (7, 91, 67) ON CONFLICT DO NOTHING;
INSERT INTO "public"."purprod" ("amount", "pid", "purid") VALUES (7, 83, 3) ON CONFLICT DO NOTHING;
INSERT INTO "public"."purprod" ("amount", "pid", "purid") VALUES (6, 4, 346) ON CONFLICT DO NOTHING;
INSERT INTO "public"."purprod" ("amount", "pid", "purid") VALUES (3, 49, 251) ON CONFLICT DO NOTHING;
INSERT INTO "public"."purprod" ("amount", "pid", "purid") VALUES (9, 51, 30) ON CONFLICT DO NOTHING;
INSERT INTO "public"."purprod" ("amount", "pid", "purid") VALUES (7, 90, 110) ON CONFLICT DO NOTHING;
INSERT INTO "public"."purprod" ("amount", "pid", "purid") VALUES (10, 45, 141) ON CONFLICT DO NOTHING;
INSERT INTO "public"."purprod" ("amount", "pid", "purid") VALUES (4, 91, 203) ON CONFLICT DO NOTHING;
INSERT INTO "public"."purprod" ("amount", "pid", "purid") VALUES (1, 50, 573) ON CONFLICT DO NOTHING;
INSERT INTO "public"."purprod" ("amount", "pid", "purid") VALUES (4, 32, 48) ON CONFLICT DO NOTHING;
INSERT INTO "public"."purprod" ("amount", "pid", "purid") VALUES (5, 41, 142) ON CONFLICT DO NOTHING;
INSERT INTO "public"."purprod" ("amount", "pid", "purid") VALUES (10, 30, 146) ON CONFLICT DO NOTHING;
INSERT INTO "public"."purprod" ("amount", "pid", "purid") VALUES (10, 95, 547) ON CONFLICT DO NOTHING;
INSERT INTO "public"."purprod" ("amount", "pid", "purid") VALUES (3, 34, 522) ON CONFLICT DO NOTHING;
INSERT INTO "public"."purprod" ("amount", "pid", "purid") VALUES (3, 7, 309) ON CONFLICT DO NOTHING;
INSERT INTO "public"."purprod" ("amount", "pid", "purid") VALUES (10, 21, 326) ON CONFLICT DO NOTHING;
INSERT INTO "public"."purprod" ("amount", "pid", "purid") VALUES (8, 123, 326) ON CONFLICT DO NOTHING;
INSERT INTO "public"."purprod" ("amount", "pid", "purid") VALUES (8, 128, 175) ON CONFLICT DO NOTHING;
INSERT INTO "public"."purprod" ("amount", "pid", "purid") VALUES (9, 54, 131) ON CONFLICT DO NOTHING;
INSERT INTO "public"."purprod" ("amount", "pid", "purid") VALUES (5, 7, 474) ON CONFLICT DO NOTHING;
INSERT INTO "public"."purprod" ("amount", "pid", "purid") VALUES (8, 85, 131) ON CONFLICT DO NOTHING;
INSERT INTO "public"."purprod" ("amount", "pid", "purid") VALUES (2, 111, 110) ON CONFLICT DO NOTHING;
INSERT INTO "public"."purprod" ("amount", "pid", "purid") VALUES (2, 91, 297) ON CONFLICT DO NOTHING;
INSERT INTO "public"."purprod" ("amount", "pid", "purid") VALUES (8, 71, 272) ON CONFLICT DO NOTHING;
INSERT INTO "public"."purprod" ("amount", "pid", "purid") VALUES (8, 32, 258) ON CONFLICT DO NOTHING;
INSERT INTO "public"."purprod" ("amount", "pid", "purid") VALUES (9, 88, 532) ON CONFLICT DO NOTHING;
INSERT INTO "public"."purprod" ("amount", "pid", "purid") VALUES (7, 61, 576) ON CONFLICT DO NOTHING;
INSERT INTO "public"."purprod" ("amount", "pid", "purid") VALUES (8, 110, 98) ON CONFLICT DO NOTHING;
INSERT INTO "public"."purprod" ("amount", "pid", "purid") VALUES (5, 122, 262) ON CONFLICT DO NOTHING;
INSERT INTO "public"."purprod" ("amount", "pid", "purid") VALUES (4, 49, 539) ON CONFLICT DO NOTHING;
INSERT INTO "public"."purprod" ("amount", "pid", "purid") VALUES (4, 65, 495) ON CONFLICT DO NOTHING;
INSERT INTO "public"."purprod" ("amount", "pid", "purid") VALUES (8, 40, 47) ON CONFLICT DO NOTHING;
INSERT INTO "public"."purprod" ("amount", "pid", "purid") VALUES (6, 19, 288) ON CONFLICT DO NOTHING;
INSERT INTO "public"."purprod" ("amount", "pid", "purid") VALUES (6, 125, 420) ON CONFLICT DO NOTHING;
INSERT INTO "public"."purprod" ("amount", "pid", "purid") VALUES (3, 52, 380) ON CONFLICT DO NOTHING;
INSERT INTO "public"."purprod" ("amount", "pid", "purid") VALUES (10, 120, 220) ON CONFLICT DO NOTHING;
INSERT INTO "public"."purprod" ("amount", "pid", "purid") VALUES (7, 122, 176) ON CONFLICT DO NOTHING;
INSERT INTO "public"."purprod" ("amount", "pid", "purid") VALUES (6, 8, 244) ON CONFLICT DO NOTHING;
INSERT INTO "public"."purprod" ("amount", "pid", "purid") VALUES (1, 66, 266) ON CONFLICT DO NOTHING;
INSERT INTO "public"."purprod" ("amount", "pid", "purid") VALUES (5, 89, 499) ON CONFLICT DO NOTHING;
INSERT INTO "public"."purprod" ("amount", "pid", "purid") VALUES (6, 110, 272) ON CONFLICT DO NOTHING;
INSERT INTO "public"."purprod" ("amount", "pid", "purid") VALUES (10, 13, 57) ON CONFLICT DO NOTHING;
INSERT INTO "public"."purprod" ("amount", "pid", "purid") VALUES (9, 72, 598) ON CONFLICT DO NOTHING;
INSERT INTO "public"."purprod" ("amount", "pid", "purid") VALUES (2, 75, 360) ON CONFLICT DO NOTHING;
INSERT INTO "public"."purprod" ("amount", "pid", "purid") VALUES (9, 73, 167) ON CONFLICT DO NOTHING;
INSERT INTO "public"."purprod" ("amount", "pid", "purid") VALUES (8, 18, 118) ON CONFLICT DO NOTHING;
INSERT INTO "public"."purprod" ("amount", "pid", "purid") VALUES (6, 122, 504) ON CONFLICT DO NOTHING;
INSERT INTO "public"."purprod" ("amount", "pid", "purid") VALUES (3, 125, 576) ON CONFLICT DO NOTHING;
INSERT INTO "public"."purprod" ("amount", "pid", "purid") VALUES (8, 95, 60) ON CONFLICT DO NOTHING;


--
-- TOC entry 3472 (class 0 OID 25017)
-- Dependencies: 223
-- Data for Name: role; Type: TABLE DATA; Schema: public; Owner: cotehila
--

INSERT INTO "public"."role" ("rid", "alias", "rstatus", "hourlywage") VALUES (1, 'Manager', 'active', 50) ON CONFLICT DO NOTHING;
INSERT INTO "public"."role" ("rid", "alias", "rstatus", "hourlywage") VALUES (2, 'Salesperson', 'active', 50) ON CONFLICT DO NOTHING;
INSERT INTO "public"."role" ("rid", "alias", "rstatus", "hourlywage") VALUES (3, 'Stocker', 'active', 50) ON CONFLICT DO NOTHING;
INSERT INTO "public"."role" ("rid", "alias", "rstatus", "hourlywage") VALUES (4, 'Cashier', 'active', 50) ON CONFLICT DO NOTHING;
INSERT INTO "public"."role" ("rid", "alias", "rstatus", "hourlywage") VALUES (5, 'Supervisor', 'active', 50) ON CONFLICT DO NOTHING;
INSERT INTO "public"."role" ("rid", "alias", "rstatus", "hourlywage") VALUES (6, 'Cleaner', 'active', 50) ON CONFLICT DO NOTHING;
INSERT INTO "public"."role" ("rid", "alias", "rstatus", "hourlywage") VALUES (7, 'Security', 'active', 50) ON CONFLICT DO NOTHING;
INSERT INTO "public"."role" ("rid", "alias", "rstatus", "hourlywage") VALUES (8, 'Customer Service', 'active', 50) ON CONFLICT DO NOTHING;
INSERT INTO "public"."role" ("rid", "alias", "rstatus", "hourlywage") VALUES (9, 'Marketing', 'active', 50) ON CONFLICT DO NOTHING;
INSERT INTO "public"."role" ("rid", "alias", "rstatus", "hourlywage") VALUES (10, 'IT Support', 'active', 50) ON CONFLICT DO NOTHING;
INSERT INTO "public"."role" ("rid", "alias", "rstatus", "hourlywage") VALUES (200, 'Manager', 'active', 50) ON CONFLICT DO NOTHING;
INSERT INTO "public"."role" ("rid", "alias", "rstatus", "hourlywage") VALUES (111, 'קופאי', 'active', 50) ON CONFLICT DO NOTHING;
INSERT INTO "public"."role" ("rid", "alias", "rstatus", "hourlywage") VALUES (222, 'סדרן מדפים', 'active', 50) ON CONFLICT DO NOTHING;
INSERT INTO "public"."role" ("rid", "alias", "rstatus", "hourlywage") VALUES (333, 'מנהל משמרת', 'active', 50) ON CONFLICT DO NOTHING;
INSERT INTO "public"."role" ("rid", "alias", "rstatus", "hourlywage") VALUES (444, 'משלוחן', 'active', 50) ON CONFLICT DO NOTHING;
INSERT INTO "public"."role" ("rid", "alias", "rstatus", "hourlywage") VALUES (555, 'עוזר למחסן', 'active', 50) ON CONFLICT DO NOTHING;
INSERT INTO "public"."role" ("rid", "alias", "rstatus", "hourlywage") VALUES (666, 'עובד ניקיון', 'active', 50) ON CONFLICT DO NOTHING;


--
-- TOC entry 3474 (class 0 OID 41372)
-- Dependencies: 225
-- Data for Name: supplier; Type: TABLE DATA; Schema: public; Owner: cotehila
--

INSERT INTO "public"."supplier" ("sid", "sname", "phone") VALUES (1, 'דינמיקה טק', '03-1234567') ON CONFLICT DO NOTHING;
INSERT INTO "public"."supplier" ("sid", "sname", "phone") VALUES (2, 'א.ת. מיכון', '03-2345678') ON CONFLICT DO NOTHING;
INSERT INTO "public"."supplier" ("sid", "sname", "phone") VALUES (3, 'אביב טכנולוגי', '03-3456789') ON CONFLICT DO NOTHING;
INSERT INTO "public"."supplier" ("sid", "sname", "phone") VALUES (4, 'משאבים לוג', '03-4567890') ON CONFLICT DO NOTHING;
INSERT INTO "public"."supplier" ("sid", "sname", "phone") VALUES (5, 'אריה טכנולוג', '03-5678901') ON CONFLICT DO NOTHING;
INSERT INTO "public"."supplier" ("sid", "sname", "phone") VALUES (6, 'אוריון שיווק', '03-6789012') ON CONFLICT DO NOTHING;
INSERT INTO "public"."supplier" ("sid", "sname", "phone") VALUES (7, 'מטרו מערכות', '03-7890123') ON CONFLICT DO NOTHING;
INSERT INTO "public"."supplier" ("sid", "sname", "phone") VALUES (8, 'תמר בע"מ', '03-8901234') ON CONFLICT DO NOTHING;
INSERT INTO "public"."supplier" ("sid", "sname", "phone") VALUES (9, 'אספקה מרכז', '03-9012345') ON CONFLICT DO NOTHING;
INSERT INTO "public"."supplier" ("sid", "sname", "phone") VALUES (10, 'קשרי תעשייה', '03-0123456') ON CONFLICT DO NOTHING;
INSERT INTO "public"."supplier" ("sid", "sname", "phone") VALUES (11, 'נתיב פתרונות', '02-1230987') ON CONFLICT DO NOTHING;
INSERT INTO "public"."supplier" ("sid", "sname", "phone") VALUES (12, 'שירותי פוקס', '02-2345679') ON CONFLICT DO NOTHING;
INSERT INTO "public"."supplier" ("sid", "sname", "phone") VALUES (13, 'תפנית טכנולוג', '02-3456780') ON CONFLICT DO NOTHING;
INSERT INTO "public"."supplier" ("sid", "sname", "phone") VALUES (14, 'אורח חיים', '02-4567891') ON CONFLICT DO NOTHING;
INSERT INTO "public"."supplier" ("sid", "sname", "phone") VALUES (15, 'גבעול טכנולוג', '02-5678902') ON CONFLICT DO NOTHING;
INSERT INTO "public"."supplier" ("sid", "sname", "phone") VALUES (16, 'טכנולוגיה מת', '02-6789013') ON CONFLICT DO NOTHING;
INSERT INTO "public"."supplier" ("sid", "sname", "phone") VALUES (17, 'פיניקס ייבוא', '02-7890124') ON CONFLICT DO NOTHING;
INSERT INTO "public"."supplier" ("sid", "sname", "phone") VALUES (18, 'לוגיסטיקת ש', '02-8901235') ON CONFLICT DO NOTHING;
INSERT INTO "public"."supplier" ("sid", "sname", "phone") VALUES (19, 'פוקניק טק', '02-9012346') ON CONFLICT DO NOTHING;
INSERT INTO "public"."supplier" ("sid", "sname", "phone") VALUES (20, 'אוראל שיווק', '02-0123457') ON CONFLICT DO NOTHING;
INSERT INTO "public"."supplier" ("sid", "sname", "phone") VALUES (111, 'דינמיקה טק', '03-1234567') ON CONFLICT DO NOTHING;
INSERT INTO "public"."supplier" ("sid", "sname", "phone") VALUES (222, 'א.ת. מיכון', '03-2345678') ON CONFLICT DO NOTHING;
INSERT INTO "public"."supplier" ("sid", "sname", "phone") VALUES (333, 'אביב טכנולוגי', '03-3456789') ON CONFLICT DO NOTHING;
INSERT INTO "public"."supplier" ("sid", "sname", "phone") VALUES (444, 'משאבים לוג', '03-4567890') ON CONFLICT DO NOTHING;
INSERT INTO "public"."supplier" ("sid", "sname", "phone") VALUES (555, 'אריה טכנולוג', '03-5678901') ON CONFLICT DO NOTHING;
INSERT INTO "public"."supplier" ("sid", "sname", "phone") VALUES (666, 'אוריון שיווק', '03-6789012') ON CONFLICT DO NOTHING;
INSERT INTO "public"."supplier" ("sid", "sname", "phone") VALUES (777, 'מטרו מערכות', '03-7890123') ON CONFLICT DO NOTHING;
INSERT INTO "public"."supplier" ("sid", "sname", "phone") VALUES (888, 'תמר בע"מ', '03-8901234') ON CONFLICT DO NOTHING;
INSERT INTO "public"."supplier" ("sid", "sname", "phone") VALUES (999, 'אספקה מרכז', '03-9012345') ON CONFLICT DO NOTHING;
INSERT INTO "public"."supplier" ("sid", "sname", "phone") VALUES (100, 'קשרי תעשייה', '03-0123456') ON CONFLICT DO NOTHING;
INSERT INTO "public"."supplier" ("sid", "sname", "phone") VALUES (110, 'נתיב פתרונות', '02-1230987') ON CONFLICT DO NOTHING;
INSERT INTO "public"."supplier" ("sid", "sname", "phone") VALUES (120, 'שירותי פוקס', '02-2345679') ON CONFLICT DO NOTHING;
INSERT INTO "public"."supplier" ("sid", "sname", "phone") VALUES (130, 'תפנית טכנולוג', '02-3456780') ON CONFLICT DO NOTHING;
INSERT INTO "public"."supplier" ("sid", "sname", "phone") VALUES (140, 'אורח חיים', '02-4567891') ON CONFLICT DO NOTHING;
INSERT INTO "public"."supplier" ("sid", "sname", "phone") VALUES (150, 'גבעול טכנולוג', '02-5678902') ON CONFLICT DO NOTHING;
INSERT INTO "public"."supplier" ("sid", "sname", "phone") VALUES (160, 'טכנולוגיה מת', '02-6789013') ON CONFLICT DO NOTHING;
INSERT INTO "public"."supplier" ("sid", "sname", "phone") VALUES (170, 'פיניקס ייבוא', '02-7890124') ON CONFLICT DO NOTHING;
INSERT INTO "public"."supplier" ("sid", "sname", "phone") VALUES (180, 'לוגיסטיקת ש', '02-8901235') ON CONFLICT DO NOTHING;
INSERT INTO "public"."supplier" ("sid", "sname", "phone") VALUES (190, 'פוקניק טק', '02-9012346') ON CONFLICT DO NOTHING;
INSERT INTO "public"."supplier" ("sid", "sname", "phone") VALUES (200, 'אוראל שיווק', '02-0123457') ON CONFLICT DO NOTHING;


--
-- TOC entry 3487 (class 0 OID 0)
-- Dependencies: 226
-- Name: order_ordid_seq; Type: SEQUENCE SET; Schema: public; Owner: cotehila
--

SELECT pg_catalog.setval('"public"."order_ordid_seq"', 1, false);


--
-- TOC entry 3488 (class 0 OID 0)
-- Dependencies: 224
-- Name: supplier_sid_seq; Type: SEQUENCE SET; Schema: public; Owner: cotehila
--

SELECT pg_catalog.setval('"public"."supplier_sid_seq"', 1, false);


--
-- TOC entry 3284 (class 2606 OID 42332)
-- Name: customer customer_cphone_key; Type: CONSTRAINT; Schema: public; Owner: cotehila
--

ALTER TABLE ONLY "public"."customer"
    ADD CONSTRAINT "customer_cphone_key" UNIQUE ("cphone");


--
-- TOC entry 3286 (class 2606 OID 25025)
-- Name: customer customer_pkey; Type: CONSTRAINT; Schema: public; Owner: cotehila
--

ALTER TABLE ONLY "public"."customer"
    ADD CONSTRAINT "customer_pkey" PRIMARY KEY ("cid");


--
-- TOC entry 3288 (class 2606 OID 25027)
-- Name: department department_pkey; Type: CONSTRAINT; Schema: public; Owner: cotehila
--

ALTER TABLE ONLY "public"."department"
    ADD CONSTRAINT "department_pkey" PRIMARY KEY ("depid");


--
-- TOC entry 3290 (class 2606 OID 25031)
-- Name: employee employee_pkey; Type: CONSTRAINT; Schema: public; Owner: cotehila
--

ALTER TABLE ONLY "public"."employee"
    ADD CONSTRAINT "employee_pkey" PRIMARY KEY ("eid");


--
-- TOC entry 3302 (class 2606 OID 41384)
-- Name: order order_pkey; Type: CONSTRAINT; Schema: public; Owner: cotehila
--

ALTER TABLE ONLY "public"."order"
    ADD CONSTRAINT "order_pkey" PRIMARY KEY ("ordid");


--
-- TOC entry 3292 (class 2606 OID 25033)
-- Name: purprod orderprod_pkey; Type: CONSTRAINT; Schema: public; Owner: cotehila
--

ALTER TABLE ONLY "public"."purprod"
    ADD CONSTRAINT "orderprod_pkey" PRIMARY KEY ("pid", "purid");


--
-- TOC entry 3294 (class 2606 OID 25035)
-- Name: purchase orders_pkey; Type: CONSTRAINT; Schema: public; Owner: cotehila
--

ALTER TABLE ONLY "public"."purchase"
    ADD CONSTRAINT "orders_pkey" PRIMARY KEY ("purid");


--
-- TOC entry 3304 (class 2606 OID 41394)
-- Name: ordprod ordprod_pkey; Type: CONSTRAINT; Schema: public; Owner: cotehila
--

ALTER TABLE ONLY "public"."ordprod"
    ADD CONSTRAINT "ordprod_pkey" PRIMARY KEY ("ordid", "pid");


--
-- TOC entry 3296 (class 2606 OID 25037)
-- Name: product product_pkey; Type: CONSTRAINT; Schema: public; Owner: cotehila
--

ALTER TABLE ONLY "public"."product"
    ADD CONSTRAINT "product_pkey" PRIMARY KEY ("pid");


--
-- TOC entry 3298 (class 2606 OID 25039)
-- Name: role role_pkey; Type: CONSTRAINT; Schema: public; Owner: cotehila
--

ALTER TABLE ONLY "public"."role"
    ADD CONSTRAINT "role_pkey" PRIMARY KEY ("rid");


--
-- TOC entry 3300 (class 2606 OID 41377)
-- Name: supplier supplier_pkey; Type: CONSTRAINT; Schema: public; Owner: cotehila
--

ALTER TABLE ONLY "public"."supplier"
    ADD CONSTRAINT "supplier_pkey" PRIMARY KEY ("sid");


--
-- TOC entry 3317 (class 2620 OID 57376)
-- Name: purprod trg_after_purchase; Type: TRIGGER; Schema: public; Owner: cotehila
--

CREATE TRIGGER "trg_after_purchase" AFTER INSERT ON "public"."purprod" FOR EACH ROW EXECUTE FUNCTION "public"."trg_decrease_stock"();


--
-- TOC entry 3318 (class 2620 OID 57374)
-- Name: purprod trg_before_purchase; Type: TRIGGER; Schema: public; Owner: cotehila
--

CREATE TRIGGER "trg_before_purchase" BEFORE INSERT ON "public"."purprod" FOR EACH ROW EXECUTE FUNCTION "public"."trg_check_stock"();


--
-- TOC entry 3305 (class 2606 OID 25040)
-- Name: employee employee_depid_fkey; Type: FK CONSTRAINT; Schema: public; Owner: cotehila
--

ALTER TABLE ONLY "public"."employee"
    ADD CONSTRAINT "employee_depid_fkey" FOREIGN KEY ("depid") REFERENCES "public"."department"("depid") ON DELETE SET NULL;


--
-- TOC entry 3306 (class 2606 OID 25045)
-- Name: employee employee_rid_fkey; Type: FK CONSTRAINT; Schema: public; Owner: cotehila
--

ALTER TABLE ONLY "public"."employee"
    ADD CONSTRAINT "employee_rid_fkey" FOREIGN KEY ("rid") REFERENCES "public"."role"("rid") ON DELETE SET NULL;


--
-- TOC entry 3311 (class 2606 OID 41405)
-- Name: purchase fk_purchase_employee; Type: FK CONSTRAINT; Schema: public; Owner: cotehila
--

ALTER TABLE ONLY "public"."purchase"
    ADD CONSTRAINT "fk_purchase_employee" FOREIGN KEY ("eid") REFERENCES "public"."employee"("eid");


--
-- TOC entry 3307 (class 2606 OID 41415)
-- Name: purprod fk_purprod_product; Type: FK CONSTRAINT; Schema: public; Owner: cotehila
--

ALTER TABLE ONLY "public"."purprod"
    ADD CONSTRAINT "fk_purprod_product" FOREIGN KEY ("pid") REFERENCES "public"."product"("pid");


--
-- TOC entry 3308 (class 2606 OID 41410)
-- Name: purprod fk_purprod_purchase; Type: FK CONSTRAINT; Schema: public; Owner: cotehila
--

ALTER TABLE ONLY "public"."purprod"
    ADD CONSTRAINT "fk_purprod_purchase" FOREIGN KEY ("purid") REFERENCES "public"."purchase"("purid");


--
-- TOC entry 3314 (class 2606 OID 41385)
-- Name: order order_sid_fkey; Type: FK CONSTRAINT; Schema: public; Owner: cotehila
--

ALTER TABLE ONLY "public"."order"
    ADD CONSTRAINT "order_sid_fkey" FOREIGN KEY ("sid") REFERENCES "public"."supplier"("sid");


--
-- TOC entry 3309 (class 2606 OID 25050)
-- Name: purprod orderprod_ordid_fkey; Type: FK CONSTRAINT; Schema: public; Owner: cotehila
--

ALTER TABLE ONLY "public"."purprod"
    ADD CONSTRAINT "orderprod_ordid_fkey" FOREIGN KEY ("purid") REFERENCES "public"."purchase"("purid") ON DELETE CASCADE;


--
-- TOC entry 3310 (class 2606 OID 25055)
-- Name: purprod orderprod_pid_fkey; Type: FK CONSTRAINT; Schema: public; Owner: cotehila
--

ALTER TABLE ONLY "public"."purprod"
    ADD CONSTRAINT "orderprod_pid_fkey" FOREIGN KEY ("pid") REFERENCES "public"."product"("pid") ON DELETE CASCADE;


--
-- TOC entry 3312 (class 2606 OID 25060)
-- Name: purchase orders_cid_fkey; Type: FK CONSTRAINT; Schema: public; Owner: cotehila
--

ALTER TABLE ONLY "public"."purchase"
    ADD CONSTRAINT "orders_cid_fkey" FOREIGN KEY ("cid") REFERENCES "public"."customer"("cid") ON DELETE CASCADE;


--
-- TOC entry 3315 (class 2606 OID 41395)
-- Name: ordprod ordprod_ordid_fkey; Type: FK CONSTRAINT; Schema: public; Owner: cotehila
--

ALTER TABLE ONLY "public"."ordprod"
    ADD CONSTRAINT "ordprod_ordid_fkey" FOREIGN KEY ("ordid") REFERENCES "public"."order"("ordid");


--
-- TOC entry 3316 (class 2606 OID 41400)
-- Name: ordprod ordprod_pid_fkey; Type: FK CONSTRAINT; Schema: public; Owner: cotehila
--

ALTER TABLE ONLY "public"."ordprod"
    ADD CONSTRAINT "ordprod_pid_fkey" FOREIGN KEY ("pid") REFERENCES "public"."product"("pid");


--
-- TOC entry 3313 (class 2606 OID 25065)
-- Name: product product_depid_fkey; Type: FK CONSTRAINT; Schema: public; Owner: cotehila
--

ALTER TABLE ONLY "public"."product"
    ADD CONSTRAINT "product_depid_fkey" FOREIGN KEY ("depid") REFERENCES "public"."department"("depid") ON DELETE CASCADE;


-- Completed on 2025-06-09 12:03:16 UTC

--
-- PostgreSQL database dump complete
--

